student_id,name,department,age,exam_score,attendance_percent,assignment_score
1,Julia Williams,Information Technology,20,58,98,92
2,Frank Smith,Information Technology,22,98,65,65
3,Ivan Smith,Data Science,22,68,86,69
4,Michael Taylor,Civil,19,69,83,64
5,Oscar Miller,Civil,21,77,93,63
6,Tina Taylor,Electronics,25,57,81,78
7,Laura Miller,Information Technology,22,52,65,79
8,Michael Garcia,Data Science,25,62,74,89
9,Quentin Davis,Mechanical,22,92,68,60
10,Charlie Martinez,Data Science,24,75,97,70
11,Laura Miller,Electronics,24,86,60,66
12,Oscar Miller,Data Science,22,57,70,84
13,Grace Taylor,Mechanical,23,61,97,51
14,Paula Taylor,Data Science,25,70,63,89
15,Grace Brown,Computer Science,23,87,93,64
16,Laura Smith,Mechanical,18,82,85,75
17,Bob Williams,Civil,18,50,61,82
18,Nina Johnson,Information Technology,25,77,74,59
19,Steve Johnson,Data Science,25,66,71,92
20,Julia Smith,Civil,25,50,60,75
21,Paula Williams,Data Science,25,58,92,90
22,Frank Miller,Computer Science,25,88,70,82
23,Oscar Smith,Information Technology,20,72,82,62
24,Grace Williams,Information Technology,20,100,67,77
25,Nina Taylor,Civil,19,67,78,94
26,Nina Smith,Information Technology,25,99,95,73
27,Tina Williams,Computer Science,24,72,71,83
28,Helen Anderson,Mechanical,21,70,61,76
29,Kevin Martinez,Electronics,20,70,76,68
30,Bob Smith,Civil,21,92,87,86
31,Rachel Martinez,Mechanical,19,57,82,63
32,Rachel Taylor,Data Science,20,60,80,97
33,Paula Taylor,Civil,22,68,78,62
34,Charlie Johnson,Computer Science,25,91,74,73
35,Charlie Garcia,Civil,25,59,89,66
36,Kevin Miller,Data Science,22,63,93,85
37,David Davis,Electronics,22,77,93,86
38,Julia Davis,Information Technology,23,99,84,59
39,Helen Garcia,Electronics,23,85,82,54
40,Oscar Davis,Data Science,25,66,84,91
41,Frank Anderson,Electronics,21,72,72,87
42,Steve Anderson,Mechanical,20,85,85,64
43,Rachel Davis,Data Science,18,78,89,74
44,Laura Martinez,Civil,25,60,86,56
45,Kevin Martinez,Computer Science,21,96,74,66
46,Alice Davis,Information Technology,22,66,87,95
47,Ivan Williams,Data Science,20,83,95,71
48,Tina Smith,Data Science,21,67,84,56
49,Tina Garcia,Civil,21,96,85,86
50,Tina Garcia,Computer Science,25,83,69,80
51,Michael Davis,Information Technology,24,80,60,68
52,Julia Miller,Data Science,25,64,94,85
53,Nina Williams,Information Technology,25,88,87,75
54,Bob Smith,Civil,24,98,89,90
55,Quentin Johnson,Computer Science,24,58,81,71
56,Frank Smith,Electronics,19,69,97,60
57,Kevin Martinez,Civil,18,93,99,89
58,Nina Johnson,Civil,20,51,73,63
59,Quentin Taylor,Information Technology,25,55,82,79
60,Julia Garcia,Data Science,18,80,94,88
61,Quentin Taylor,Data Science,24,99,88,65
62,Oscar Williams,Computer Science,21,57,93,64
63,Bob Martinez,Mechanical,18,65,80,91
64,Steve Johnson,Mechanical,18,89,83,56
65,Oscar Taylor,Information Technology,19,74,88,51
66,Grace Smith,Electronics,21,97,67,50
67,Julia Miller,Mechanical,25,86,99,69
68,Michael Williams,Mechanical,23,87,89,61
69,David Smith,Civil,25,54,65,93
70,Frank Anderson,Electronics,22,90,60,90
71,Rachel Garcia,Computer Science,24,66,100,51
72,David Brown,Information Technology,24,67,98,73
73,Kevin Anderson,Electronics,25,71,92,65
74,Quentin Johnson,Information Technology,24,77,63,80
75,Grace Taylor,Data Science,25,67,88,90
76,Rachel Garcia,Data Science,19,91,93,84
77,Tina Brown,Information Technology,21,91,97,99
78,Nina Johnson,Mechanical,19,94,83,66
79,Tina Garcia,Mechanical,24,76,76,58
80,Steve Johnson,Data Science,22,52,61,91
81,Quentin Williams,Data Science,19,80,81,81
82,Michael Anderson,Mechanical,18,99,65,94
83,Charlie Johnson,Computer Science,24,80,96,76
84,Steve Williams,Computer Science,19,77,69,90
85,Kevin Taylor,Computer Science,19,57,71,97
86,Julia Miller,Mechanical,21,94,62,56
87,Quentin Martinez,Mechanical,22,83,70,99
88,Bob Anderson,Mechanical,18,100,92,64
89,David Taylor,Computer Science,19,73,92,64
90,Ivan Brown,Computer Science,25,73,67,83
91,David Brown,Computer Science,20,88,92,51
92,Paula Davis,Computer Science,20,87,92,58
93,Grace Brown,Computer Science,25,52,87,66
94,Nina Garcia,Computer Science,21,51,80,64
95,David Williams,Information Technology,19,53,79,75
96,Laura Garcia,Data Science,19,62,64,59
97,Quentin Brown,Mechanical,21,62,99,59
98,Charlie Williams,Electronics,22,63,92,91
99,Eva Taylor,Data Science,19,71,81,62
100,Eva Martinez,Data Science,24,71,71,54
101,Frank Johnson,Electronics,20,62,83,54
102,Ivan Garcia,Civil,23,94,61,55
103,Oscar Taylor,Electronics,22,79,84,100
104,Helen Davis,Information Technology,20,83,63,87
105,Michael Johnson,Information Technology,23,72,91,73
106,Ivan Anderson,Civil,22,61,99,73
107,Eva Miller,Electronics,22,82,84,60
108,Laura Smith,Mechanical,19,57,91,73
109,Rachel Anderson,Information Technology,22,56,92,89
110,Paula Garcia,Information Technology,22,64,77,71
111,Steve Williams,Data Science,25,98,89,60
112,Grace Taylor,Computer Science,19,79,75,83
113,Eva Taylor,Information Technology,25,99,87,60
114,Eva Garcia,Civil,19,83,98,80
115,Bob Davis,Electronics,19,82,76,77
116,Nina Martinez,Information Technology,19,57,98,57
117,Rachel Davis,Computer Science,18,67,68,58
118,Oscar Williams,Electronics,22,91,100,60
119,David Williams,Civil,25,81,68,90
120,Laura Johnson,Mechanical,19,65,80,53
121,David Brown,Information Technology,23,64,77,70
122,Kevin Taylor,Electronics,21,88,91,56
123,Eva Johnson,Electronics,22,66,70,71
124,Oscar Miller,Mechanical,19,60,75,60
125,Bob Davis,Civil,24,65,79,80
126,Paula Smith,Mechanical,20,90,86,57
127,Michael Johnson,Civil,22,84,100,88
128,Quentin Taylor,Data Science,22,81,75,96
129,Michael Johnson,Computer Science,19,89,81,61
130,Bob Williams,Computer Science,24,64,97,71
131,Alice Garcia,Civil,22,64,80,87
132,Oscar Johnson,Information Technology,19,69,63,76
133,Steve Taylor,Data Science,24,74,90,53
134,Ivan Williams,Civil,22,71,76,51
135,Quentin Williams,Electronics,21,55,95,50
136,Michael Brown,Electronics,22,88,94,88
137,Charlie Taylor,Mechanical,18,52,77,55
138,Quentin Davis,Electronics,22,66,89,89
139,Alice Miller,Information Technology,18,67,75,52
140,Grace Smith,Mechanical,20,76,76,60
141,Oscar Taylor,Information Technology,18,85,73,88
142,Michael Taylor,Computer Science,19,79,95,60
143,Frank Williams,Electronics,19,79,92,70
144,Laura Smith,Civil,18,83,85,56
145,Nina Miller,Civil,23,81,71,88
146,Paula Garcia,Data Science,20,52,99,91
147,Julia Davis,Data Science,18,79,92,67
148,Bob Martinez,Data Science,23,84,93,78
149,Oscar Miller,Mechanical,25,100,61,66
150,Michael Miller,Electronics,21,81,61,88
151,Nina Anderson,Information Technology,22,94,79,82
152,Eva Miller,Data Science,19,63,66,96
153,Bob Johnson,Mechanical,24,81,91,84
154,Eva Miller,Mechanical,21,59,70,58
155,Quentin Martinez,Civil,21,79,65,92
156,Quentin Smith,Electronics,20,85,95,51
157,Michael Martinez,Information Technology,21,80,60,64
158,Quentin Davis,Computer Science,22,73,89,75
159,Frank Anderson,Data Science,20,73,82,98
160,Michael Davis,Computer Science,23,64,98,91
161,Bob Williams,Data Science,18,78,75,67
162,Charlie Brown,Civil,22,98,76,54
163,Charlie Taylor,Electronics,22,97,87,70
164,Kevin Martinez,Computer Science,24,68,69,87
165,Kevin Anderson,Data Science,22,58,67,62
166,Laura Smith,Computer Science,18,93,60,93
167,Tina Garcia,Information Technology,23,89,68,97
168,Charlie Taylor,Electronics,25,65,80,91
169,Bob Williams,Computer Science,21,91,85,67
170,Steve Johnson,Civil,25,99,91,60
171,Grace Miller,Civil,25,92,60,76
172,Grace Davis,Information Technology,18,67,75,64
173,Oscar Martinez,Information Technology,18,58,88,59
174,Charlie Brown,Civil,18,78,77,67
175,Rachel Miller,Electronics,20,77,94,72
176,Oscar Johnson,Computer Science,23,100,61,84
177,Alice Taylor,Mechanical,25,78,60,100
178,Kevin Martinez,Electronics,20,97,76,100
179,Steve Miller,Information Technology,24,95,98,61
180,Julia Williams,Civil,25,64,99,80
181,Steve Anderson,Data Science,19,80,86,78
182,Alice Anderson,Computer Science,18,91,88,87
183,David Miller,Civil,22,50,64,65
184,Kevin Miller,Computer Science,21,58,80,56
185,Bob Johnson,Mechanical,23,87,94,81
186,Julia Johnson,Information Technology,25,84,61,85
187,Alice Smith,Computer Science,25,97,68,60
188,David Anderson,Mechanical,23,83,78,78
189,Helen Martinez,Mechanical,24,60,62,79
190,Ivan Martinez,Mechanical,23,80,85,64
191,Grace Taylor,Mechanical,21,60,80,63
192,Rachel Williams,Data Science,19,96,85,53
193,Grace Davis,Information Technology,22,52,85,92
194,Rachel Taylor,Computer Science,21,57,88,54
195,Helen Davis,Mechanical,18,57,88,79
196,Steve Johnson,Electronics,24,64,91,77
197,David Martinez,Civil,21,88,83,88
198,Ivan Taylor,Mechanical,20,56,81,80
199,Charlie Smith,Data Science,18,64,79,86
200,Grace Johnson,Information Technology,24,65,83,95
201,Oscar Garcia,Mechanical,25,73,71,76
202,Rachel Anderson,Mechanical,20,80,68,51
203,Quentin Williams,Information Technology,23,73,68,67
204,Kevin Anderson,Electronics,24,65,94,62
205,Frank Williams,Electronics,22,64,94,92
206,Helen Johnson,Mechanical,23,65,78,66
207,Rachel Smith,Mechanical,24,95,99,89
208,Eva Williams,Civil,23,81,77,92
209,Charlie Miller,Electronics,24,98,74,55
210,Charlie Smith,Mechanical,20,67,80,56
211,Alice Taylor,Information Technology,21,87,61,94
212,Michael Williams,Electronics,25,98,64,72
213,Oscar Brown,Information Technology,23,72,95,60
214,Charlie Johnson,Data Science,25,85,85,85
215,Alice Johnson,Mechanical,24,80,100,85
216,Oscar Anderson,Information Technology,19,50,62,77
217,Steve Miller,Computer Science,18,95,76,70
218,Kevin Williams,Electronics,18,84,83,68
219,Julia Taylor,Information Technology,22,95,72,75
220,Ivan Brown,Computer Science,18,78,77,71
221,Grace Johnson,Electronics,25,96,97,63
222,Rachel Smith,Mechanical,20,92,75,99
223,Tina Brown,Electronics,23,90,78,54
224,Nina Taylor,Mechanical,18,76,98,92
225,Laura Johnson,Computer Science,23,100,65,59
226,Paula Miller,Computer Science,21,86,67,50
227,David Miller,Computer Science,23,100,99,60
228,Paula Taylor,Civil,20,52,91,86
229,Eva Martinez,Civil,18,80,83,77
230,Helen Brown,Computer Science,22,97,76,89
231,Oscar Garcia,Information Technology,25,63,80,52
232,Rachel Garcia,Electronics,22,68,60,89
233,Frank Johnson,Electronics,23,79,91,71
234,Charlie Smith,Information Technology,25,74,66,57
235,Oscar Miller,Information Technology,20,94,71,67
236,Helen Williams,Mechanical,22,92,99,65
237,Paula Taylor,Electronics,21,51,89,86
238,Laura Williams,Civil,25,51,90,65
239,Julia Martinez,Civil,19,96,99,62
240,Steve Martinez,Information Technology,21,73,60,100
241,Quentin Anderson,Mechanical,18,68,76,69
242,Oscar Brown,Computer Science,18,78,61,98
243,Eva Davis,Information Technology,25,95,81,100
244,Tina Taylor,Data Science,22,82,74,89
245,Tina Anderson,Civil,20,54,83,50
246,Alice Johnson,Civil,23,86,88,55
247,Eva Brown,Civil,22,88,75,77
248,Charlie Brown,Civil,18,81,73,62
249,Julia Brown,Mechanical,24,74,88,62
250,Charlie Williams,Civil,24,100,87,66
251,Nina Martinez,Mechanical,20,52,66,83
252,Ivan Anderson,Information Technology,21,99,89,94
253,Kevin Martinez,Mechanical,21,74,93,61
254,Paula Martinez,Computer Science,19,67,92,84
255,David Martinez,Computer Science,21,87,77,51
256,Michael Williams,Electronics,22,89,68,93
257,Laura Smith,Information Technology,19,95,81,61
258,Nina Smith,Data Science,23,55,81,68
259,Charlie Johnson,Mechanical,18,96,84,73
260,Julia Johnson,Mechanical,19,63,74,75
261,Grace Williams,Data Science,19,99,80,84
262,Helen Davis,Computer Science,20,51,96,55
263,Michael Smith,Electronics,21,70,99,68
264,Steve Taylor,Computer Science,24,72,95,53
265,Steve Williams,Mechanical,19,79,87,54
266,Laura Garcia,Civil,20,65,93,91
267,Nina Garcia,Mechanical,22,52,97,70
268,Laura Miller,Civil,19,73,69,78
269,Quentin Williams,Data Science,18,69,95,86
270,Bob Smith,Information Technology,22,60,64,89
271,Julia Martinez,Electronics,19,56,70,76
272,Helen Brown,Civil,19,91,68,51
273,Paula Taylor,Mechanical,18,54,92,66
274,Alice Garcia,Electronics,24,87,75,75
275,Frank Miller,Civil,21,91,81,96
276,Julia Anderson,Computer Science,22,89,77,66
277,Steve Taylor,Mechanical,25,99,68,83
278,Frank Anderson,Electronics,21,85,94,96
279,David Garcia,Mechanical,20,73,81,70
280,Kevin Miller,Mechanical,18,83,85,81
281,Rachel Taylor,Electronics,20,61,74,99
282,Charlie Williams,Data Science,22,57,76,71
283,Rachel Williams,Electronics,24,75,89,58
284,Quentin Davis,Electronics,23,68,88,79
285,David Anderson,Electronics,23,79,69,90
286,Bob Smith,Electronics,19,95,71,79
287,Alice Miller,Data Science,21,60,65,80
288,David Davis,Electronics,25,83,78,53
289,Michael Garcia,Computer Science,18,64,89,70
290,Grace Brown,Civil,22,89,77,97
291,Steve Taylor,Computer Science,25,79,93,95
292,Alice Williams,Computer Science,23,56,62,96
293,Laura Johnson,Electronics,18,54,63,68
294,Kevin Williams,Civil,21,66,83,58
295,Alice Smith,Mechanical,20,74,80,79
296,Julia Martinez,Computer Science,19,56,64,89
297,Ivan Williams,Computer Science,22,58,82,79
298,Kevin Taylor,Computer Science,23,67,82,52
299,Frank Williams,Mechanical,19,57,92,82
300,Paula Brown,Computer Science,24,54,92,92
301,Helen Brown,Mechanical,19,80,84,66
302,Eva Smith,Civil,18,65,78,84
303,Steve Garcia,Civil,23,66,71,51
304,Eva Johnson,Information Technology,20,82,73,78
305,Steve Davis,Computer Science,21,99,63,50
306,Eva Miller,Information Technology,24,86,86,50
307,Rachel Taylor,Mechanical,18,97,92,50
308,Helen Williams,Information Technology,25,90,66,63
309,Rachel Smith,Computer Science,20,95,88,87
310,Charlie Miller,Computer Science,22,57,91,72
311,Grace Johnson,Mechanical,18,87,79,59
312,Paula Martinez,Civil,24,74,64,68
313,Frank Smith,Data Science,21,56,81,70
314,Quentin Williams,Civil,25,51,99,86
315,Alice Martinez,Civil,21,97,91,60
316,Tina Miller,Civil,20,63,91,81
317,David Taylor,Mechanical,25,74,73,87
318,Oscar Garcia,Civil,24,87,99,64
319,Paula Brown,Mechanical,18,90,68,86
320,Grace Taylor,Computer Science,24,83,65,74
321,Laura Martinez,Computer Science,22,69,76,90
322,Bob Garcia,Information Technology,24,88,72,50
323,Laura Taylor,Information Technology,23,56,83,64
324,David Anderson,Computer Science,18,74,97,67
325,Tina Smith,Data Science,25,57,62,52
326,Steve Martinez,Civil,22,92,81,51
327,Quentin Williams,Information Technology,19,95,62,92
328,Michael Johnson,Computer Science,24,96,86,59
329,Steve Anderson,Information Technology,19,74,74,69
330,Julia Smith,Information Technology,24,67,100,93
331,Laura Johnson,Mechanical,23,51,91,95
332,Michael Garcia,Computer Science,23,58,76,60
333,Frank Davis,Computer Science,19,50,96,59
334,Eva Brown,Mechanical,21,73,77,94
335,Quentin Garcia,Data Science,24,56,100,74
336,Steve Martinez,Data Science,20,68,80,61
337,Kevin Garcia,Computer Science,24,100,96,66
338,Alice Taylor,Civil,24,69,88,52
339,Frank Martinez,Civil,24,91,100,69
340,David Johnson,Mechanical,19,87,63,95
341,Grace Garcia,Computer Science,25,54,93,66
342,Alice Martinez,Civil,23,77,93,53
343,Kevin Johnson,Data Science,20,99,90,87
344,Laura Davis,Computer Science,19,68,96,71
345,Quentin Williams,Computer Science,21,71,69,93
346,Quentin Davis,Computer Science,24,84,98,53
347,Tina Davis,Electronics,18,99,80,69
348,Quentin Davis,Computer Science,25,66,92,51
349,Laura Davis,Civil,20,70,60,87
350,Michael Taylor,Civil,25,73,95,93
351,Paula Davis,Information Technology,18,58,68,70
352,Alice Martinez,Electronics,18,96,72,63
353,Ivan Davis,Electronics,25,55,62,71
354,Kevin Garcia,Civil,22,86,81,59
355,Paula Taylor,Data Science,18,62,96,58
356,Kevin Miller,Information Technology,25,75,82,56
357,Grace Johnson,Information Technology,23,54,80,99
358,Julia Smith,Computer Science,19,59,83,90
359,Alice Johnson,Information Technology,24,59,74,98
360,Michael Brown,Information Technology,23,98,67,99
361,Steve Johnson,Data Science,23,58,70,59
362,Tina Anderson,Data Science,25,79,83,82
363,Bob Garcia,Information Technology,23,63,84,73
364,Grace Anderson,Electronics,24,64,76,75
365,Grace Smith,Computer Science,22,95,61,75
366,Ivan Miller,Information Technology,24,90,78,61
367,Eva Martinez,Electronics,20,87,96,96
368,Helen Taylor,Electronics,25,53,74,97
369,Quentin Williams,Data Science,23,80,72,69
370,Frank Davis,Data Science,20,75,72,99
371,Michael Davis,Mechanical,21,92,73,82
372,David Johnson,Data Science,18,87,96,70
373,Julia Taylor,Electronics,24,68,87,54
374,Ivan Williams,Mechanical,20,71,82,60
375,Nina Garcia,Mechanical,25,65,89,95
376,Frank Smith,Computer Science,24,76,85,65
377,David Martinez,Information Technology,22,69,88,81
378,Quentin Miller,Information Technology,25,51,79,77
379,Eva Smith,Mechanical,24,77,66,87
380,Michael Johnson,Civil,21,65,73,68
381,Grace Miller,Information Technology,20,52,64,68
382,Rachel Garcia,Electronics,18,71,67,89
383,Grace Taylor,Civil,25,95,83,88
384,Julia Davis,Civil,19,53,98,70
385,Charlie Smith,Information Technology,20,68,72,58
386,Michael Brown,Civil,20,56,71,60
387,Oscar Brown,Electronics,22,87,87,91
388,Julia Davis,Computer Science,21,97,81,67
389,Laura Martinez,Data Science,22,90,87,78
390,Rachel Brown,Electronics,24,56,86,80
391,Steve Miller,Electronics,18,53,80,80
392,Steve Johnson,Information Technology,25,65,65,90
393,Eva Davis,Information Technology,25,99,62,75
394,Helen Williams,Computer Science,24,94,65,89
395,Alice Anderson,Mechanical,25,92,86,58
396,Paula Brown,Data Science,19,68,62,53
397,Grace Anderson,Civil,18,96,61,62
398,David Davis,Computer Science,22,94,93,57
399,David Miller,Computer Science,24,77,80,100
400,Laura Miller,Electronics,19,99,73,84
401,Julia Miller,Data Science,20,89,72,60
402,Frank Williams,Mechanical,23,71,84,51
403,Paula Davis,Electronics,19,88,66,87
404,Michael Williams,Electronics,21,75,80,62
405,Oscar Smith,Electronics,20,75,90,89
406,Nina Brown,Information Technology,19,85,81,62
407,Ivan Miller,Information Technology,23,70,92,51
408,Nina Johnson,Electronics,20,95,63,97
409,Frank Smith,Electronics,20,85,85,93
410,Steve Martinez,Computer Science,23,97,69,65
411,Nina Anderson,Electronics,18,89,69,52
412,Charlie Miller,Civil,20,82,67,59
413,Michael Miller,Computer Science,21,99,94,58
414,Grace Miller,Data Science,22,54,68,56
415,Eva Anderson,Computer Science,25,71,96,97
416,Paula Williams,Civil,18,83,68,75
417,Rachel Smith,Computer Science,23,99,75,75
418,Nina Martinez,Mechanical,25,61,65,50
419,Frank Johnson,Information Technology,23,79,65,65
420,Nina Johnson,Information Technology,24,88,98,90
421,Julia Martinez,Data Science,25,73,78,51
422,Quentin Smith,Information Technology,22,95,90,89
423,Alice Brown,Civil,25,60,99,69
424,Nina Taylor,Data Science,22,100,91,97
425,Bob Martinez,Computer Science,22,66,79,87
426,Laura Garcia,Data Science,21,91,83,78
427,Oscar Anderson,Civil,18,59,98,56
428,Michael Brown,Data Science,25,67,93,63
429,Steve Martinez,Mechanical,22,80,71,90
430,Oscar Martinez,Mechanical,21,70,94,84
431,Tina Brown,Mechanical,22,58,86,57
432,Helen Davis,Information Technology,21,79,91,54
433,Nina Brown,Computer Science,25,53,86,96
434,Kevin Johnson,Civil,22,65,64,80
435,Bob Smith,Electronics,25,82,77,76
436,Helen Martinez,Civil,23,100,70,96
437,Helen Martinez,Data Science,22,74,94,92
438,David Williams,Electronics,22,69,71,92
439,Eva Davis,Computer Science,24,59,90,85
440,Helen Martinez,Electronics,24,69,68,82
441,Nina Davis,Computer Science,20,61,93,70
442,Julia Taylor,Electronics,20,62,100,69
443,David Miller,Information Technology,19,84,100,57
444,Frank Davis,Electronics,20,100,94,100
445,Julia Smith,Electronics,25,89,71,76
446,Grace Smith,Data Science,18,69,82,70
447,Steve Brown,Computer Science,25,89,76,54
448,Kevin Davis,Information Technology,22,54,67,92
449,Bob Smith,Mechanical,18,65,64,62
450,Paula Martinez,Civil,18,70,94,71
451,Paula Williams,Civil,18,85,64,68
452,Tina Miller,Civil,18,63,60,94
453,Alice Johnson,Computer Science,18,62,65,55
454,Grace Miller,Information Technology,22,75,60,81
455,Michael Miller,Computer Science,25,60,90,62
456,Ivan Smith,Electronics,25,100,85,50
457,Kevin Smith,Information Technology,22,74,99,83
458,Grace Taylor,Computer Science,19,88,96,56
459,Nina Garcia,Electronics,22,87,69,62
460,Paula Smith,Civil,23,98,73,87
461,Michael Brown,Computer Science,20,100,73,66
462,Alice Smith,Computer Science,24,85,86,92
463,Laura Williams,Electronics,19,66,85,66
464,Frank Martinez,Mechanical,24,83,72,93
465,Nina Garcia,Electronics,25,67,72,78
466,Michael Brown,Information Technology,24,97,80,100
467,Helen Davis,Electronics,23,56,75,87
468,Rachel Williams,Mechanical,24,71,72,97
469,Julia Johnson,Mechanical,18,77,89,79
470,Ivan Smith,Mechanical,25,83,96,88
471,Helen Johnson,Information Technology,24,67,94,55
472,Eva Brown,Electronics,18,99,75,83
473,Oscar Brown,Computer Science,24,65,62,78
474,Helen Davis,Computer Science,18,85,67,92
475,David Williams,Civil,18,98,79,97
476,Paula Garcia,Computer Science,19,73,84,85
477,Quentin Smith,Information Technology,25,58,79,90
478,Laura Miller,Civil,24,93,86,75
479,Alice Taylor,Data Science,20,96,85,60
480,Laura Smith,Mechanical,18,82,76,66
481,Kevin Miller,Information Technology,21,76,60,96
482,Julia Johnson,Computer Science,24,72,77,79
483,Steve Martinez,Electronics,24,84,62,50
484,Eva Anderson,Information Technology,21,62,64,87
485,Paula Davis,Information Technology,22,100,75,88
486,Nina Davis,Mechanical,24,75,79,83
487,Grace Brown,Computer Science,21,64,71,93
488,Grace Garcia,Computer Science,23,52,62,81
489,Laura Smith,Data Science,18,60,89,60
490,Steve Garcia,Data Science,21,55,82,65
491,David Miller,Electronics,19,94,99,85
492,Bob Smith,Data Science,19,91,73,74
493,Nina Davis,Mechanical,22,63,72,94
494,Julia Smith,Civil,23,71,74,58
495,Oscar Smith,Mechanical,22,91,98,50
496,Bob Brown,Information Technology,19,96,94,69
497,Frank Garcia,Computer Science,25,95,73,90
498,Bob Garcia,Mechanical,23,75,68,73
499,Steve Garcia,Information Technology,23,56,72,95
500,Eva Taylor,Civil,24,84,64,70
501,David Johnson,Information Technology,22,53,78,90
502,Rachel Johnson,Information Technology,24,72,83,87
503,David Brown,Computer Science,18,88,89,74
504,Rachel Martinez,Data Science,21,88,100,77
505,Grace Miller,Mechanical,23,90,71,98
506,Alice Garcia,Information Technology,23,85,80,96
507,David Davis,Information Technology,21,100,90,80
508,Nina Williams,Civil,23,78,64,80
509,Paula Anderson,Civil,21,72,84,65
510,Paula Martinez,Mechanical,21,93,95,67
511,David Williams,Information Technology,21,64,100,100
512,Ivan Anderson,Electronics,20,87,81,99
513,Eva Brown,Data Science,19,62,81,66
514,Kevin Garcia,Data Science,18,88,94,89
515,Bob Garcia,Civil,24,64,93,71
516,Grace Davis,Civil,24,78,67,66
517,Eva Williams,Civil,20,63,98,86
518,David Brown,Computer Science,23,58,65,54
519,Michael Anderson,Computer Science,24,100,91,53
520,Michael Martinez,Civil,21,100,73,59
521,Ivan Martinez,Electronics,22,51,60,50
522,Oscar Davis,Information Technology,24,73,70,93
523,Steve Taylor,Mechanical,25,73,62,59
524,Eva Brown,Mechanical,21,66,77,83
525,Bob Miller,Mechanical,24,99,72,87
526,Steve Smith,Electronics,19,98,75,57
527,Nina Martinez,Data Science,25,53,95,91
528,Helen Garcia,Mechanical,18,66,84,60
529,Laura Smith,Civil,25,78,73,79
530,Charlie Williams,Computer Science,25,89,73,96
531,Eva Taylor,Mechanical,24,53,99,66
532,Frank Miller,Data Science,21,94,90,73
533,Helen Brown,Electronics,24,99,72,63
534,Oscar Taylor,Civil,24,67,83,67
535,Laura Davis,Information Technology,23,65,64,54
536,Grace Garcia,Data Science,22,84,88,78
537,David Johnson,Information Technology,24,93,90,71
538,Ivan Taylor,Data Science,21,55,92,94
539,Michael Miller,Computer Science,23,95,98,77
540,Helen Garcia,Data Science,24,54,69,51
541,Charlie Taylor,Civil,21,94,66,56
542,Kevin Anderson,Electronics,20,93,84,99
543,Kevin Martinez,Information Technology,20,70,95,55
544,Tina Brown,Information Technology,21,98,66,62
545,Kevin Davis,Civil,20,66,94,99
546,Paula Garcia,Civil,23,81,100,82
547,Grace Smith,Information Technology,20,87,97,63
548,Frank Johnson,Civil,21,56,87,86
549,Paula Martinez,Information Technology,20,67,63,62
550,Michael Taylor,Civil,23,97,61,55
551,David Anderson,Information Technology,21,54,86,87
552,Alice Anderson,Civil,23,72,76,84
553,Grace Davis,Computer Science,20,57,66,90
554,Nina Miller,Data Science,19,66,89,66
555,Grace Smith,Mechanical,22,78,94,77
556,Nina Taylor,Computer Science,24,64,85,62
557,Julia Smith,Information Technology,23,98,100,82
558,Quentin Martinez,Mechanical,20,81,85,63
559,Paula Martinez,Electronics,24,54,90,68
560,David Davis,Information Technology,21,78,90,65
561,Steve Brown,Information Technology,18,67,64,57
562,Quentin Miller,Computer Science,22,57,78,58
563,Steve Taylor,Data Science,24,91,69,56
564,Michael Johnson,Electronics,19,99,65,56
565,Oscar Garcia,Civil,25,81,96,66
566,Bob Miller,Mechanical,21,64,68,52
567,Laura Williams,Civil,20,52,68,75
568,Alice Smith,Data Science,19,77,70,55
569,Nina Williams,Mechanical,24,71,60,54
570,Eva Miller,Civil,20,50,73,88
571,Eva Miller,Computer Science,18,55,61,71
572,Helen Brown,Information Technology,23,57,71,75
573,Paula Davis,Information Technology,23,58,93,51
574,Laura Garcia,Mechanical,25,88,90,99
575,Helen Anderson,Data Science,18,71,81,54
576,Kevin Smith,Computer Science,20,66,81,84
577,Michael Brown,Data Science,25,93,61,97
578,Eva Williams,Information Technology,23,69,99,86
579,Michael Smith,Data Science,19,67,71,51
580,Oscar Smith,Data Science,23,54,100,84
581,Nina Taylor,Computer Science,20,78,89,65
582,Kevin Miller,Mechanical,24,59,69,82
583,Ivan Garcia,Computer Science,20,93,63,96
584,Kevin Smith,Data Science,20,69,60,93
585,Paula Johnson,Information Technology,19,70,80,70
586,Michael Martinez,Civil,21,71,92,63
587,Paula Garcia,Civil,25,52,96,53
588,Tina Miller,Computer Science,24,99,100,55
589,Steve Smith,Electronics,22,62,77,78
590,Kevin Brown,Mechanical,25,92,69,58
591,Grace Brown,Computer Science,20,84,74,85
592,David Miller,Computer Science,22,92,87,51
593,Bob Martinez,Electronics,22,99,78,76
594,Ivan Brown,Information Technology,25,60,98,99
595,Nina Johnson,Civil,24,70,99,92
596,Paula Taylor,Mechanical,25,50,67,58
597,Alice Anderson,Information Technology,24,97,80,70
598,Helen Anderson,Electronics,19,71,97,76
599,Tina Anderson,Civil,18,88,60,77
600,Charlie Brown,Civil,19,72,93,94
601,Frank Brown,Civil,22,85,60,87
602,David Davis,Data Science,25,83,85,76
603,Ivan Williams,Information Technology,21,83,60,72
604,Kevin Garcia,Electronics,23,63,85,91
605,Helen Davis,Civil,19,73,82,54
606,Quentin Anderson,Mechanical,18,62,84,65
607,Tina Garcia,Computer Science,20,76,90,85
608,Alice Miller,Mechanical,19,92,66,79
609,Laura Anderson,Civil,20,63,97,61
610,Alice Williams,Information Technology,19,96,62,92
611,Michael Martinez,Data Science,25,82,93,78
612,Grace Garcia,Computer Science,24,56,70,98
613,Frank Garcia,Data Science,21,50,85,73
614,David Johnson,Mechanical,23,68,66,50
615,Bob Williams,Electronics,23,95,69,65
616,Bob Martinez,Mechanical,19,50,96,87
617,Nina Miller,Data Science,20,51,72,78
618,Laura Taylor,Electronics,25,62,100,98
619,Alice Miller,Data Science,18,88,65,69
620,Laura Garcia,Mechanical,19,89,97,94
621,Frank Garcia,Computer Science,22,78,90,55
622,Helen Johnson,Data Science,23,58,80,51
623,Charlie Davis,Information Technology,23,69,94,85
624,Paula Martinez,Civil,25,52,79,83
625,Steve Williams,Civil,21,90,84,55
626,Laura Williams,Computer Science,21,92,98,61
627,Alice Garcia,Computer Science,25,83,79,79
628,Quentin Garcia,Information Technology,19,51,60,61
629,Tina Miller,Electronics,22,53,95,82
630,Julia Brown,Electronics,25,57,90,76
631,Laura Martinez,Electronics,18,75,79,82
632,Helen Taylor,Civil,21,59,80,74
633,Julia Anderson,Information Technology,18,85,69,75
634,Eva Smith,Civil,20,69,67,59
635,Frank Davis,Computer Science,24,65,68,97
636,Bob Martinez,Data Science,24,92,80,98
637,Nina Smith,Civil,21,70,63,64
638,Paula Davis,Data Science,18,75,96,63
639,Michael Garcia,Electronics,25,95,65,67
640,Steve Davis,Electronics,23,86,69,56
641,Rachel Garcia,Mechanical,24,82,89,62
642,Michael Brown,Electronics,18,96,86,80
643,Frank Smith,Civil,19,62,92,52
644,Paula Miller,Data Science,19,61,95,90
645,Grace Martinez,Computer Science,18,55,69,88
646,Grace Taylor,Computer Science,23,93,80,91
647,Michael Taylor,Mechanical,22,53,86,79
648,Rachel Davis,Civil,21,65,98,76
649,David Brown,Electronics,23,66,79,65
650,Nina Taylor,Civil,24,94,75,90
651,Eva Garcia,Civil,24,91,69,85
652,Rachel Anderson,Electronics,24,65,98,81
653,Kevin Davis,Electronics,18,65,79,91
654,Nina Garcia,Civil,19,84,76,60
655,David Martinez,Electronics,19,79,65,82
656,Quentin Brown,Data Science,25,64,98,79
657,Eva Williams,Data Science,21,67,88,70
658,Grace Davis,Information Technology,21,81,98,50
659,Oscar Anderson,Data Science,21,65,68,75
660,Laura Smith,Computer Science,21,73,82,79
661,Ivan Smith,Computer Science,18,78,90,66
662,Ivan Johnson,Electronics,22,95,93,100
663,Alice Garcia,Data Science,22,81,62,80
664,Bob Martinez,Information Technology,24,80,96,64
665,Paula Brown,Data Science,21,87,86,76
666,Charlie Smith,Civil,20,52,72,95
667,Paula Brown,Data Science,19,67,60,78
668,Charlie Taylor,Information Technology,24,72,77,85
669,David Brown,Data Science,22,89,84,94
670,Eva Davis,Computer Science,18,53,61,98
671,Tina Johnson,Civil,20,92,92,70
672,Helen Brown,Mechanical,22,74,72,64
673,Paula Johnson,Civil,25,86,94,92
674,Frank Garcia,Information Technology,19,58,83,62
675,David Brown,Information Technology,20,100,93,50
676,Kevin Smith,Information Technology,18,98,75,52
677,Grace Taylor,Information Technology,21,71,82,100
678,Michael Davis,Data Science,20,80,72,63
679,Rachel Johnson,Civil,22,98,78,76
680,Steve Garcia,Information Technology,18,78,84,52
681,Frank Anderson,Data Science,22,63,100,61
682,Nina Johnson,Data Science,24,58,86,55
683,Ivan Williams,Computer Science,24,72,78,89
684,Nina Martinez,Data Science,21,91,75,84
685,Rachel Brown,Civil,24,75,68,87
686,Kevin Williams,Mechanical,18,68,69,86
687,Julia Williams,Mechanical,23,88,77,90
688,Steve Anderson,Computer Science,24,75,82,75
689,Julia Johnson,Information Technology,22,83,64,88
690,Tina Taylor,Information Technology,25,79,98,87
691,Helen Taylor,Civil,19,94,81,59
692,Steve Brown,Data Science,19,95,70,60
693,Oscar Miller,Information Technology,24,67,88,72
694,David Taylor,Mechanical,22,89,71,74
695,Bob Anderson,Computer Science,23,95,94,61
696,Quentin Davis,Electronics,18,95,86,64
697,Tina Miller,Information Technology,25,68,76,62
698,Frank Anderson,Computer Science,18,52,70,80
699,Frank Williams,Information Technology,18,89,67,72
700,Kevin Martinez,Electronics,18,99,85,79
701,Paula Garcia,Electronics,18,67,95,50
702,Quentin Johnson,Mechanical,24,77,71,68
703,Steve Davis,Computer Science,25,82,67,52
704,Nina Brown,Computer Science,19,90,84,92
705,Kevin Anderson,Electronics,18,81,82,71
706,Steve Anderson,Information Technology,22,92,87,93
707,Quentin Anderson,Information Technology,25,87,74,54
708,Bob Williams,Information Technology,25,53,93,80
709,Kevin Johnson,Mechanical,21,99,76,76
710,Helen Miller,Civil,22,58,81,71
711,Nina Anderson,Civil,18,87,79,60
712,Laura Miller,Computer Science,23,99,94,82
713,David Williams,Electronics,21,96,76,54
714,Paula Brown,Civil,25,56,60,99
715,Quentin Williams,Electronics,21,71,71,71
716,Alice Davis,Computer Science,18,70,78,100
717,Kevin Johnson,Civil,23,54,94,70
718,Oscar Martinez,Mechanical,24,57,90,51
719,Kevin Anderson,Electronics,22,85,63,57
720,Charlie Williams,Mechanical,20,84,62,81
721,Laura Johnson,Data Science,19,98,87,62
722,Julia Anderson,Computer Science,24,86,79,65
723,Eva Garcia,Electronics,23,80,81,68
724,Oscar Williams,Civil,22,65,88,93
725,Tina Miller,Electronics,20,94,87,71
726,Quentin Brown,Computer Science,23,55,66,55
727,Alice Davis,Data Science,20,50,89,80
728,Quentin Davis,Mechanical,21,66,66,68
729,Alice Davis,Computer Science,22,90,65,52
730,Charlie Miller,Civil,20,81,78,90
731,Alice Anderson,Information Technology,21,60,85,71
732,Oscar Miller,Computer Science,19,76,92,85
733,Ivan Garcia,Mechanical,25,58,88,73
734,Laura Johnson,Computer Science,23,61,98,50
735,Eva Martinez,Electronics,22,65,79,86
736,Oscar Brown,Data Science,23,55,69,61
737,Alice Martinez,Civil,19,84,99,54
738,Michael Miller,Computer Science,20,84,100,85
739,Eva Johnson,Electronics,25,66,69,74
740,Nina Garcia,Mechanical,24,91,65,73
741,Laura Smith,Civil,19,90,76,66
742,Nina Anderson,Computer Science,18,83,99,93
743,Ivan Martinez,Mechanical,24,100,87,75
744,Bob Garcia,Information Technology,25,51,96,79
745,Tina Taylor,Mechanical,20,67,90,56
746,Michael Martinez,Mechanical,21,79,69,83
747,Grace Smith,Electronics,18,56,81,51
748,Steve Taylor,Computer Science,22,71,73,75
749,Rachel Johnson,Civil,24,69,76,57
750,Bob Smith,Data Science,19,53,98,100
751,Paula Smith,Mechanical,20,66,86,52
752,Eva Garcia,Mechanical,24,52,98,66
753,Frank Smith,Mechanical,18,95,84,87
754,Bob Garcia,Computer Science,21,93,61,68
755,Alice Anderson,Mechanical,22,72,97,52
756,Kevin Miller,Mechanical,21,80,86,58
757,Charlie Davis,Electronics,19,67,89,96
758,Eva Garcia,Computer Science,22,55,78,81
759,David Williams,Information Technology,25,67,75,93
760,Oscar Brown,Computer Science,18,91,100,72
761,Frank Johnson,Electronics,21,99,94,79
762,Helen Williams,Civil,22,92,61,79
763,Frank Taylor,Computer Science,22,94,90,58
764,Paula Williams,Civil,19,97,88,72
765,David Miller,Computer Science,18,86,61,84
766,Nina Williams,Information Technology,22,63,92,63
767,Bob Smith,Computer Science,23,68,61,52
768,Bob Brown,Civil,22,100,85,83
769,Frank Williams,Data Science,21,87,64,93
770,Michael Davis,Mechanical,22,96,84,72
771,Helen Davis,Civil,21,59,84,73
772,Quentin Taylor,Mechanical,19,53,82,79
773,Grace Taylor,Information Technology,24,55,86,78
774,Ivan Martinez,Computer Science,25,93,85,92
775,Tina Smith,Data Science,18,61,80,52
776,David Brown,Information Technology,25,55,94,60
777,Quentin Johnson,Information Technology,19,86,66,66
778,Kevin Garcia,Civil,23,80,85,60
779,Alice Williams,Data Science,18,74,79,66
780,Steve Taylor,Electronics,19,60,72,56
781,Bob Anderson,Electronics,24,92,80,62
782,Tina Anderson,Information Technology,21,54,93,71
783,Steve Anderson,Mechanical,20,97,96,66
784,Kevin Williams,Electronics,20,60,82,65
785,Julia Williams,Electronics,22,69,68,100
786,Steve Williams,Civil,23,97,62,64
787,Paula Garcia,Civil,23,73,71,76
788,Grace Johnson,Electronics,24,91,70,61
789,Laura Johnson,Data Science,21,55,67,74
790,Ivan Williams,Data Science,20,60,89,76
791,Frank Davis,Electronics,23,57,62,75
792,Bob Williams,Mechanical,23,84,76,64
793,Laura Davis,Mechanical,22,72,66,67
794,Frank Williams,Computer Science,24,79,78,67
795,Tina Brown,Mechanical,22,61,68,61
796,Tina Smith,Mechanical,24,52,64,74
797,Kevin Williams,Information Technology,20,64,81,54
798,Laura Smith,Electronics,24,97,66,62
799,Alice Davis,Information Technology,19,100,85,65
800,Alice Miller,Data Science,18,58,63,77
801,Grace Anderson,Data Science,24,68,80,100
802,Alice Taylor,Electronics,22,75,84,75
803,Quentin Davis,Electronics,19,66,63,74
804,Grace Williams,Computer Science,23,54,61,62
805,Ivan Miller,Mechanical,24,83,74,81
806,Charlie Garcia,Information Technology,22,68,88,82
807,Helen Brown,Electronics,25,55,62,74
808,Bob Williams,Information Technology,25,74,99,78
809,Michael Williams,Civil,23,96,88,88
810,Rachel Miller,Mechanical,20,55,89,93
811,Charlie Miller,Information Technology,18,83,88,64
812,Alice Garcia,Computer Science,20,63,69,62
813,Paula Garcia,Electronics,21,63,90,100
814,Nina Taylor,Electronics,23,83,87,51
815,Rachel Taylor,Civil,25,61,98,51
816,Helen Anderson,Data Science,19,56,76,99
817,Michael Williams,Civil,24,76,95,58
818,Frank Smith,Mechanical,25,74,91,74
819,Helen Anderson,Data Science,21,94,78,62
820,Helen Williams,Civil,18,64,86,74
821,Helen Smith,Computer Science,20,85,90,67
822,Alice Taylor,Information Technology,23,50,61,53
823,Steve Garcia,Data Science,23,57,78,75
824,Michael Williams,Electronics,20,92,88,89
825,Nina Brown,Computer Science,19,83,61,57
826,Nina Martinez,Electronics,22,96,99,75
827,Nina Williams,Information Technology,21,69,87,73
828,Helen Williams,Mechanical,22,53,61,54
829,Laura Davis,Computer Science,18,74,66,77
830,Tina Taylor,Data Science,24,98,100,59
831,Charlie Johnson,Electronics,24,86,72,98
832,Paula Johnson,Computer Science,25,60,95,52
833,Ivan Brown,Civil,23,58,89,55
834,Helen Smith,Data Science,20,69,78,56
835,Eva Williams,Mechanical,23,75,89,66
836,Paula Garcia,Mechanical,23,65,75,86
837,Frank Taylor,Information Technology,20,54,79,96
838,Bob Smith,Mechanical,23,67,99,93
839,Ivan Garcia,Mechanical,25,75,94,92
840,Julia Garcia,Information Technology,21,54,92,96
841,Paula Williams,Electronics,19,60,100,98
842,Helen Davis,Mechanical,24,86,81,68
843,Alice Miller,Computer Science,18,83,73,84
844,Julia Davis,Computer Science,23,100,87,92
845,Nina Davis,Information Technology,18,51,70,64
846,Charlie Smith,Data Science,25,64,78,55
847,Laura Smith,Computer Science,19,56,85,64
848,Kevin Davis,Computer Science,19,67,89,59
849,Steve Williams,Computer Science,21,97,74,67
850,Bob Brown,Civil,21,87,80,62
851,Eva Taylor,Data Science,18,72,84,54
852,Laura Garcia,Civil,21,83,82,53
853,Ivan Smith,Civil,23,52,80,59
854,Nina Taylor,Data Science,20,71,78,86
855,Quentin Taylor,Information Technology,22,53,70,50
856,Bob Anderson,Civil,23,85,72,55
857,Charlie Garcia,Data Science,25,57,83,66
858,Kevin Johnson,Information Technology,22,99,81,54
859,Tina Miller,Information Technology,21,51,83,66
860,Grace Smith,Computer Science,24,62,96,94
861,Paula Garcia,Mechanical,19,52,94,63
862,David Williams,Computer Science,24,81,63,87
863,Paula Williams,Information Technology,18,77,98,63
864,Julia Smith,Civil,23,53,84,51
865,Laura Garcia,Computer Science,24,85,70,94
866,Helen Miller,Information Technology,25,78,65,86
867,Michael Martinez,Information Technology,19,78,69,58
868,Bob Martinez,Computer Science,23,78,72,94
869,Julia Taylor,Data Science,24,55,89,97
870,Paula Johnson,Information Technology,21,92,64,55
871,Tina Williams,Data Science,25,65,61,55
872,Bob Smith,Civil,18,74,61,84
873,Michael Williams,Mechanical,25,100,60,71
874,Eva Smith,Civil,25,63,89,84
875,Steve Martinez,Computer Science,24,92,77,92
876,Eva Anderson,Information Technology,24,80,60,75
877,Rachel Williams,Information Technology,25,53,81,79
878,Tina Taylor,Civil,19,79,86,100
879,Alice Davis,Mechanical,18,53,62,84
880,Eva Martinez,Computer Science,20,91,97,52
881,Ivan Williams,Civil,24,92,62,96
882,Laura Johnson,Computer Science,20,84,89,57
883,Eva Brown,Computer Science,18,87,75,56
884,Helen Smith,Computer Science,24,86,64,81
885,Rachel Martinez,Mechanical,19,87,79,58
886,Steve Anderson,Computer Science,18,95,95,62
887,Laura Davis,Mechanical,25,50,60,85
888,Helen Smith,Data Science,24,61,84,78
889,Rachel Williams,Mechanical,18,80,60,85
890,Michael Williams,Computer Science,20,53,68,97
891,Ivan Anderson,Civil,25,64,80,93
892,Steve Miller,Electronics,23,88,67,98
893,Oscar Smith,Information Technology,22,97,81,90
894,Helen Taylor,Information Technology,21,94,98,86
895,Helen Johnson,Computer Science,19,71,87,57
896,Steve Anderson,Electronics,18,64,78,65
897,Helen Williams,Mechanical,21,79,93,89
898,Bob Garcia,Electronics,19,78,65,55
899,Quentin Anderson,Computer Science,19,87,82,64
900,Bob Miller,Electronics,18,87,78,75
901,Nina Williams,Mechanical,19,59,97,84
902,Laura Brown,Mechanical,19,56,70,52
903,Grace Taylor,Civil,21,90,89,72
904,Alice Taylor,Electronics,20,86,85,52
905,Frank Martinez,Mechanical,22,95,83,99
906,Michael Taylor,Computer Science,23,87,80,62
907,Helen Miller,Computer Science,23,99,62,90
908,Nina Smith,Civil,20,50,97,61
909,Helen Smith,Computer Science,18,55,98,92
910,Quentin Miller,Mechanical,20,92,81,76
911,Grace Garcia,Information Technology,19,86,72,50
912,David Williams,Information Technology,23,84,97,51
913,Kevin Martinez,Computer Science,20,57,74,90
914,Alice Davis,Civil,22,52,68,58
915,Oscar Davis,Computer Science,25,77,92,51
916,Tina Miller,Mechanical,25,58,99,56
917,Rachel Taylor,Information Technology,22,59,84,65
918,Grace Taylor,Information Technology,25,54,99,97
919,Charlie Miller,Mechanical,21,71,65,90
920,Paula Anderson,Civil,22,62,76,51
921,Oscar Davis,Electronics,22,90,74,50
922,Alice Williams,Information Technology,21,82,64,61
923,Alice Davis,Data Science,19,53,77,64
924,Ivan Williams,Mechanical,21,80,65,57
925,Grace Johnson,Mechanical,20,58,88,69
926,Charlie Taylor,Data Science,21,78,65,67
927,Tina Johnson,Data Science,21,61,75,70
928,Oscar Anderson,Data Science,23,59,83,75
929,Helen Martinez,Electronics,21,57,60,79
930,Oscar Davis,Civil,18,100,68,98
931,Frank Johnson,Electronics,19,81,62,71
932,Nina Smith,Civil,22,53,85,89
933,Rachel Anderson,Mechanical,18,68,95,50
934,Grace Garcia,Mechanical,21,93,81,67
935,Alice Brown,Mechanical,18,96,61,60
936,Alice Anderson,Data Science,21,66,66,53
937,Paula Miller,Electronics,23,53,95,59
938,Frank Taylor,Information Technology,20,69,87,60
939,Michael Davis,Information Technology,25,86,90,65
940,Frank Anderson,Civil,21,57,73,89
941,Rachel Brown,Information Technology,19,50,91,62
942,Grace Martinez,Computer Science,25,76,66,55
943,Charlie Martinez,Information Technology,25,52,72,86
944,David Smith,Mechanical,19,61,70,59
945,Julia Davis,Electronics,23,82,76,98
946,David Williams,Mechanical,24,57,62,67
947,Alice Smith,Computer Science,23,52,60,71
948,Helen Smith,Computer Science,25,98,93,98
949,Kevin Johnson,Data Science,18,79,70,60
950,Charlie Smith,Civil,18,90,94,96
951,Charlie Anderson,Information Technology,18,64,60,51
952,Steve Anderson,Mechanical,24,59,60,56
953,Quentin Smith,Information Technology,21,61,69,79
954,Steve Johnson,Mechanical,22,55,75,98
955,Steve Miller,Electronics,19,52,93,62
956,Grace Brown,Information Technology,24,58,88,69
957,Grace Brown,Electronics,19,64,79,77
958,Charlie Brown,Computer Science,23,71,88,79
959,David Miller,Information Technology,25,87,74,100
960,Alice Garcia,Information Technology,21,79,78,94
961,Steve Davis,Computer Science,23,70,89,97
962,Rachel Johnson,Electronics,18,50,97,62
963,Grace Johnson,Electronics,20,65,91,59
964,Michael Brown,Electronics,18,57,78,70
965,Kevin Martinez,Information Technology,20,72,92,66
966,Julia Johnson,Civil,19,69,81,84
967,Frank Garcia,Information Technology,19,87,99,51
968,Frank Davis,Computer Science,24,76,78,60
969,Julia Taylor,Electronics,24,70,65,72
970,Grace Brown,Electronics,23,74,65,76
971,Eva Smith,Data Science,23,70,85,76
972,Rachel Williams,Mechanical,22,51,66,58
973,Michael Davis,Mechanical,21,92,93,94
974,Quentin Brown,Information Technology,22,93,88,96
975,Kevin Martinez,Electronics,21,97,76,85
976,David Davis,Mechanical,20,60,64,100
977,Bob Taylor,Civil,21,75,73,57
978,Nina Johnson,Civil,19,83,68,71
979,Oscar Johnson,Information Technology,20,57,79,79
980,Helen Miller,Computer Science,22,71,95,66
981,Charlie Smith,Electronics,25,79,82,70
982,Grace Garcia,Information Technology,24,86,72,89
983,Alice Miller,Information Technology,25,97,67,77
984,Julia Anderson,Information Technology,21,95,82,68
985,Michael Miller,Information Technology,18,69,100,51
986,Steve Johnson,Electronics,21,82,60,53
987,Quentin Anderson,Data Science,18,60,81,65
988,Alice Taylor,Civil,20,99,67,52
989,Charlie Taylor,Computer Science,21,72,80,81
990,Helen Williams,Electronics,22,52,61,50
991,Paula Smith,Civil,19,100,69,54
992,Quentin Taylor,Computer Science,19,50,72,88
993,Paula Taylor,Civil,19,88,89,86
994,Michael Smith,Electronics,18,66,99,90
995,Bob Miller,Data Science,20,86,90,57
996,Kevin Brown,Computer Science,22,90,85,62
997,Charlie Anderson,Information Technology,20,78,80,50
998,Quentin Williams,Electronics,24,87,100,67
999,Steve Miller,Information Technology,22,54,91,73
1000,Nina Williams,Electronics,24,58,96,62
1001,Frank Garcia,Computer Science,19,91,100,75
1002,Tina Garcia,Data Science,24,95,65,100
1003,Tina Martinez,Electronics,18,62,84,76
1004,Julia Williams,Civil,19,60,96,65
1005,Tina Smith,Electronics,24,72,78,65
1006,Kevin Davis,Electronics,22,65,70,73
1007,Tina Garcia,Mechanical,25,68,99,100
1008,Quentin Davis,Electronics,24,99,76,56
1009,Quentin Smith,Mechanical,25,98,84,56
1010,Kevin Smith,Data Science,20,62,85,54
1011,Kevin Davis,Electronics,24,71,81,97
1012,Michael Davis,Mechanical,25,88,84,50
1013,Eva Miller,Computer Science,22,91,98,70
1014,Eva Miller,Electronics,19,97,83,56
1015,David Garcia,Mechanical,25,62,68,98
1016,Kevin Garcia,Information Technology,21,60,83,61
1017,Frank Smith,Mechanical,21,59,73,50
1018,Rachel Martinez,Mechanical,19,91,91,97
1019,David Davis,Civil,21,99,89,94
1020,Alice Davis,Civil,18,51,64,62
1021,Julia Miller,Civil,19,95,74,89
1022,Helen Brown,Information Technology,25,92,92,73
1023,Nina Taylor,Mechanical,18,82,72,69
1024,Charlie Davis,Computer Science,20,63,60,92
1025,Eva Davis,Information Technology,24,69,69,68
1026,Charlie Taylor,Data Science,22,76,96,90
1027,Bob Williams,Data Science,25,73,90,66
1028,Nina Miller,Electronics,24,91,100,85
1029,Julia Anderson,Electronics,20,58,89,55
1030,Ivan Martinez,Data Science,24,83,67,81
1031,Bob Brown,Mechanical,21,56,87,57
1032,Grace Miller,Information Technology,22,62,77,82
1033,Steve Brown,Information Technology,20,64,86,62
1034,Grace Garcia,Information Technology,22,99,75,92
1035,Eva Martinez,Data Science,24,83,92,93
1036,Oscar Miller,Mechanical,19,57,85,78
1037,Ivan Miller,Electronics,19,69,86,76
1038,Charlie Anderson,Computer Science,24,64,70,65
1039,Alice Johnson,Mechanical,25,78,72,65
1040,Oscar Taylor,Civil,21,99,99,97
1041,Tina Martinez,Computer Science,19,74,93,73
1042,Helen Davis,Data Science,25,67,87,55
1043,Helen Martinez,Computer Science,20,56,78,94
1044,Quentin Williams,Civil,20,64,75,55
1045,Kevin Taylor,Mechanical,19,97,66,72
1046,Quentin Davis,Mechanical,22,50,71,67
1047,Ivan Davis,Mechanical,23,62,66,96
1048,Eva Taylor,Civil,21,72,92,52
1049,Julia Taylor,Electronics,21,99,85,77
1050,Kevin Miller,Computer Science,24,80,93,83
1051,Michael Martinez,Mechanical,19,85,61,55
1052,Ivan Johnson,Computer Science,21,75,61,64
1053,Helen Davis,Electronics,22,82,80,55
1054,Tina Johnson,Information Technology,21,53,86,50
1055,Michael Davis,Electronics,22,81,70,59
1056,Tina Martinez,Data Science,18,99,94,93
1057,Rachel Anderson,Computer Science,21,61,86,72
1058,Julia Anderson,Mechanical,22,57,67,50
1059,Paula Miller,Civil,23,87,72,72
1060,Alice Miller,Civil,18,93,80,87
1061,Alice Johnson,Civil,23,71,63,79
1062,Paula Williams,Computer Science,20,99,89,55
1063,Oscar Miller,Information Technology,19,85,95,96
1064,Julia Garcia,Electronics,22,92,94,50
1065,Helen Davis,Information Technology,19,52,69,55
1066,Ivan Garcia,Information Technology,20,57,99,98
1067,Charlie Davis,Information Technology,21,51,79,88
1068,Charlie Taylor,Electronics,22,56,67,92
1069,Nina Anderson,Data Science,18,97,95,85
1070,Oscar Johnson,Information Technology,22,93,93,91
1071,Nina Miller,Computer Science,20,73,85,68
1072,Julia Williams,Mechanical,22,93,90,84
1073,Ivan Davis,Mechanical,22,87,91,53
1074,Michael Martinez,Electronics,22,64,99,92
1075,Steve Williams,Data Science,18,84,99,89
1076,Charlie Anderson,Computer Science,18,99,97,79
1077,Charlie Williams,Information Technology,21,50,68,80
1078,Julia Williams,Computer Science,24,77,82,58
1079,Frank Davis,Computer Science,23,89,86,91
1080,Eva Brown,Electronics,19,83,78,97
1081,David Williams,Data Science,22,71,82,63
1082,Michael Brown,Computer Science,19,82,98,78
1083,Julia Anderson,Civil,21,78,90,98
1084,Laura Williams,Civil,23,95,88,50
1085,Laura Davis,Data Science,23,61,74,76
1086,Oscar Brown,Data Science,21,69,81,52
1087,Nina Anderson,Civil,21,86,92,99
1088,Nina Davis,Computer Science,23,50,66,71
1089,Eva Miller,Mechanical,24,82,72,67
1090,Eva Taylor,Information Technology,19,73,72,59
1091,Frank Smith,Data Science,18,63,69,65
1092,Oscar Johnson,Mechanical,24,74,86,60
1093,Eva Smith,Information Technology,18,91,77,99
1094,Nina Johnson,Computer Science,18,94,70,74
1095,Nina Garcia,Electronics,18,96,65,51
1096,Eva Anderson,Information Technology,18,50,60,70
1097,Nina Brown,Information Technology,23,64,87,54
1098,Michael Williams,Data Science,18,81,79,62
1099,David Smith,Information Technology,20,71,76,79
1100,Laura Martinez,Civil,19,55,67,90
1101,Bob Miller,Electronics,22,96,67,63
1102,Michael Miller,Computer Science,23,75,61,98
1103,Michael Miller,Data Science,19,69,71,63
1104,Alice Miller,Computer Science,23,53,89,88
1105,Tina Garcia,Mechanical,21,94,95,78
1106,Ivan Johnson,Civil,21,90,62,87
1107,Nina Davis,Civil,23,76,99,57
1108,Julia Williams,Civil,23,53,98,51
1109,Alice Miller,Civil,20,63,90,77
1110,Helen Miller,Electronics,18,96,78,94
1111,Eva Williams,Data Science,23,60,87,59
1112,Frank Williams,Data Science,20,86,80,82
1113,Michael Miller,Civil,25,75,61,85
1114,David Taylor,Civil,21,99,73,50
1115,Michael Johnson,Data Science,22,91,75,53
1116,Frank Williams,Electronics,23,73,77,82
1117,Rachel Brown,Information Technology,24,67,97,83
1118,Quentin Anderson,Electronics,25,51,92,91
1119,Frank Anderson,Data Science,22,65,77,73
1120,Laura Miller,Data Science,21,79,61,60
1121,Nina Anderson,Mechanical,20,85,86,65
1122,Michael Martinez,Mechanical,22,58,94,93
1123,Ivan Davis,Data Science,18,62,82,51
1124,Rachel Smith,Data Science,19,68,87,54
1125,Oscar Anderson,Information Technology,23,53,65,61
1126,Rachel Smith,Civil,23,70,65,93
1127,Alice Smith,Electronics,21,53,88,84
1128,Ivan Garcia,Information Technology,23,94,74,80
1129,Oscar Davis,Information Technology,21,80,76,67
1130,Helen Anderson,Electronics,22,91,92,95
1131,Oscar Martinez,Civil,21,63,77,52
1132,Eva Martinez,Electronics,23,64,85,67
1133,Eva Miller,Mechanical,22,67,81,82
1134,Steve Miller,Computer Science,22,96,81,55
1135,David Smith,Electronics,20,87,80,95
1136,Quentin Davis,Data Science,20,81,65,65
1137,Rachel Anderson,Computer Science,20,74,90,82
1138,Michael Taylor,Electronics,22,100,89,87
1139,Quentin Johnson,Civil,18,68,86,66
1140,Oscar Smith,Mechanical,21,72,74,59
1141,Oscar Smith,Computer Science,18,89,86,82
1142,Julia Taylor,Electronics,19,54,97,78
1143,Michael Williams,Civil,18,55,98,100
1144,Helen Brown,Computer Science,24,81,63,57
1145,David Taylor,Electronics,24,60,60,88
1146,Eva Miller,Computer Science,24,72,98,53
1147,Helen Martinez,Information Technology,25,74,68,77
1148,Bob Johnson,Data Science,21,70,64,94
1149,Rachel Martinez,Data Science,20,72,64,71
1150,Michael Taylor,Civil,19,99,89,78
1151,Steve Garcia,Information Technology,19,65,89,89
1152,Eva Anderson,Data Science,24,81,65,74
1153,Bob Brown,Mechanical,20,64,70,74
1154,Michael Williams,Computer Science,20,98,93,55
1155,Bob Miller,Civil,23,52,100,53
1156,Kevin Miller,Information Technology,24,90,96,51
1157,Oscar Garcia,Computer Science,18,54,84,93
1158,David Davis,Computer Science,21,87,76,53
1159,Steve Brown,Information Technology,25,67,97,61
1160,Kevin Smith,Data Science,21,83,60,72
1161,Rachel Garcia,Information Technology,21,79,98,91
1162,Oscar Davis,Civil,24,55,97,85
1163,Alice Brown,Information Technology,18,76,98,90
1164,Grace Anderson,Information Technology,21,76,96,91
1165,David Martinez,Computer Science,21,51,72,65
1166,David Williams,Information Technology,25,82,89,74
1167,Laura Garcia,Mechanical,23,88,74,72
1168,Charlie Garcia,Data Science,22,78,68,73
1169,Bob Miller,Mechanical,22,62,93,96
1170,David Williams,Electronics,23,92,78,91
1171,Ivan Williams,Civil,22,85,60,69
1172,Kevin Davis,Data Science,19,64,77,53
1173,Oscar Miller,Information Technology,23,86,99,76
1174,Laura Garcia,Electronics,20,80,69,100
1175,Kevin Anderson,Civil,19,83,88,85
1176,Eva Williams,Electronics,24,98,92,96
1177,Alice Taylor,Civil,18,54,71,71
1178,Quentin Anderson,Civil,23,68,67,78
1179,Helen Smith,Computer Science,18,92,80,88
1180,Rachel Williams,Information Technology,25,63,69,74
1181,Steve Smith,Information Technology,18,92,97,79
1182,David Martinez,Data Science,19,57,86,89
1183,Nina Johnson,Data Science,25,87,89,57
1184,Nina Taylor,Electronics,18,58,92,51
1185,Charlie Martinez,Electronics,21,55,60,63
1186,Steve Johnson,Computer Science,24,99,81,63
1187,Julia Anderson,Mechanical,19,89,92,67
1188,Rachel Martinez,Electronics,25,89,77,65
1189,Laura Smith,Information Technology,18,99,79,91
1190,Bob Garcia,Computer Science,18,70,66,65
1191,Grace Davis,Data Science,18,75,89,69
1192,Alice Garcia,Information Technology,18,55,87,61
1193,Tina Garcia,Computer Science,23,89,73,81
1194,Kevin Miller,Electronics,19,55,75,59
1195,Bob Brown,Civil,20,57,89,75
1196,Frank Martinez,Data Science,25,73,95,96
1197,David Johnson,Data Science,22,75,100,95
1198,David Williams,Information Technology,22,75,91,59
1199,Rachel Smith,Electronics,25,65,76,88
1200,David Garcia,Electronics,18,63,86,57
1201,Julia Garcia,Computer Science,18,71,81,65
1202,David Brown,Electronics,19,73,77,61
1203,Kevin Brown,Civil,25,82,70,67
1204,Steve Smith,Computer Science,20,75,76,51
1205,Michael Brown,Information Technology,19,92,100,86
1206,Kevin Smith,Civil,20,79,87,68
1207,Steve Brown,Mechanical,18,92,60,55
1208,Frank Garcia,Computer Science,25,96,77,62
1209,Steve Taylor,Mechanical,24,78,84,52
1210,Julia Smith,Electronics,25,94,73,57
1211,Tina Garcia,Computer Science,25,53,91,100
1212,Laura Williams,Computer Science,24,83,78,58
1213,Julia Garcia,Civil,18,82,61,84
1214,Quentin Johnson,Civil,19,67,67,52
1215,David Miller,Information Technology,24,55,76,91
1216,Charlie Brown,Civil,23,79,89,57
1217,Oscar Garcia,Mechanical,18,52,96,67
1218,Michael Garcia,Data Science,20,75,88,92
1219,Paula Garcia,Mechanical,25,53,85,69
1220,Grace Johnson,Information Technology,20,79,96,54
1221,Julia Taylor,Electronics,22,50,66,81
1222,Paula Johnson,Computer Science,25,84,80,83
1223,Rachel Davis,Data Science,24,63,64,98
1224,Quentin Johnson,Mechanical,24,81,89,93
1225,Alice Brown,Civil,23,85,85,50
1226,Nina Williams,Data Science,24,94,65,95
1227,Ivan Brown,Computer Science,24,82,81,50
1228,Alice Anderson,Civil,20,94,80,58
1229,Tina Smith,Computer Science,18,86,77,60
1230,Helen Johnson,Civil,20,90,78,71
1231,Helen Johnson,Civil,21,87,60,100
1232,Paula Johnson,Civil,19,74,70,70
1233,Rachel Anderson,Electronics,22,88,63,62
1234,Frank Martinez,Civil,23,84,67,74
1235,Michael Taylor,Civil,21,64,65,100
1236,Kevin Taylor,Data Science,19,77,60,53
1237,Quentin Smith,Computer Science,21,63,80,56
1238,Laura Brown,Computer Science,22,92,79,72
1239,David Garcia,Information Technology,22,92,68,75
1240,Eva Davis,Electronics,21,65,66,65
1241,Kevin Davis,Civil,24,63,76,85
1242,Alice Anderson,Electronics,21,94,61,76
1243,Eva Brown,Computer Science,24,63,77,82
1244,Alice Taylor,Civil,24,70,93,73
1245,Michael Martinez,Civil,25,92,98,58
1246,Bob Taylor,Electronics,18,86,97,99
1247,Paula Taylor,Mechanical,25,96,60,92
1248,Paula Brown,Data Science,19,68,97,70
1249,Eva Taylor,Civil,23,67,72,68
1250,Paula Martinez,Mechanical,20,51,83,59
1251,Oscar Taylor,Civil,18,75,88,78
1252,Julia Anderson,Information Technology,23,92,72,71
1253,Steve Smith,Computer Science,25,67,75,52
1254,Bob Garcia,Civil,23,66,97,90
1255,David Johnson,Data Science,22,68,77,70
1256,Michael Williams,Electronics,22,99,67,67
1257,Steve Martinez,Civil,22,82,84,59
1258,Oscar Miller,Mechanical,18,92,95,92
1259,Ivan Martinez,Civil,18,71,78,68
1260,Alice Garcia,Mechanical,25,90,95,73
1261,Tina Taylor,Data Science,18,61,73,78
1262,Michael Miller,Computer Science,18,84,77,74
1263,Ivan Davis,Electronics,20,76,68,90
1264,Paula Smith,Civil,21,96,93,82
1265,Oscar Johnson,Civil,18,51,78,61
1266,Laura Williams,Civil,21,69,82,59
1267,Helen Davis,Information Technology,20,84,75,62
1268,Steve Miller,Data Science,22,86,99,88
1269,Oscar Taylor,Civil,18,60,84,66
1270,David Martinez,Electronics,22,54,80,62
1271,Steve Johnson,Information Technology,24,74,74,53
1272,Bob Brown,Electronics,23,66,96,86
1273,Tina Taylor,Data Science,19,73,69,71
1274,Steve Smith,Data Science,24,86,92,59
1275,Bob Smith,Civil,21,77,83,75
1276,Oscar Johnson,Computer Science,21,74,75,74
1277,Rachel Smith,Civil,23,51,74,71
1278,Ivan Anderson,Electronics,25,51,69,59
1279,Alice Williams,Computer Science,22,77,94,68
1280,Eva Miller,Civil,23,82,84,65
1281,Oscar Martinez,Computer Science,18,85,77,98
1282,David Martinez,Data Science,19,90,97,53
1283,Quentin Martinez,Mechanical,21,80,70,53
1284,Oscar Anderson,Information Technology,20,80,88,69
1285,Grace Smith,Electronics,22,82,69,85
1286,Nina Davis,Mechanical,18,100,99,71
1287,Eva Brown,Information Technology,20,53,84,60
1288,Helen Miller,Civil,18,72,79,70
1289,Julia Anderson,Civil,18,50,94,64
1290,Charlie Miller,Civil,25,50,84,72
1291,Steve Miller,Civil,22,67,77,82
1292,Ivan Anderson,Electronics,22,66,83,67
1293,Julia Miller,Electronics,20,96,71,94
1294,Charlie Anderson,Electronics,19,66,86,82
1295,Steve Miller,Civil,20,56,96,62
1296,Eva Davis,Information Technology,22,68,90,81
1297,Paula Smith,Civil,18,57,95,69
1298,Frank Brown,Mechanical,25,93,67,74
1299,Oscar Smith,Electronics,25,79,86,52
1300,David Garcia,Electronics,19,57,67,56
1301,Nina Smith,Electronics,20,77,64,89
1302,Charlie Anderson,Civil,19,52,75,68
1303,Bob Anderson,Mechanical,20,52,82,68
1304,Frank Davis,Mechanical,19,73,65,84
1305,Eva Taylor,Information Technology,25,61,100,52
1306,Steve Martinez,Electronics,25,99,69,71
1307,Helen Smith,Data Science,24,92,78,90
1308,Bob Smith,Data Science,21,90,89,97
1309,Paula Brown,Electronics,25,64,89,65
1310,Eva Taylor,Information Technology,19,60,97,90
1311,Tina Garcia,Information Technology,25,78,99,61
1312,Tina Brown,Computer Science,21,52,93,81
1313,Ivan Johnson,Information Technology,23,81,74,54
1314,Quentin Miller,Electronics,25,65,63,52
1315,Charlie Johnson,Data Science,25,85,65,64
1316,David Smith,Civil,23,94,74,92
1317,Oscar Martinez,Computer Science,18,98,71,52
1318,Charlie Davis,Computer Science,19,80,93,51
1319,Paula Williams,Information Technology,23,97,65,66
1320,Quentin Smith,Mechanical,20,63,63,70
1321,Nina Williams,Computer Science,25,57,77,85
1322,Paula Miller,Electronics,25,100,97,61
1323,Bob Miller,Information Technology,19,90,69,90
1324,Laura Davis,Mechanical,25,82,81,87
1325,Paula Johnson,Computer Science,18,50,100,79
1326,Rachel Davis,Electronics,19,90,70,51
1327,Michael Anderson,Information Technology,21,55,65,67
1328,Charlie Williams,Civil,25,87,81,91
1329,Eva Davis,Data Science,25,80,83,79
1330,Grace Davis,Information Technology,20,98,82,73
1331,Steve Martinez,Mechanical,21,61,70,87
1332,Steve Davis,Mechanical,23,70,92,74
1333,Laura Miller,Computer Science,20,71,62,55
1334,Kevin Brown,Data Science,20,80,65,60
1335,Ivan Taylor,Mechanical,23,98,79,65
1336,Helen Johnson,Electronics,25,78,67,56
1337,Laura Anderson,Mechanical,18,78,95,69
1338,Laura Garcia,Information Technology,22,78,74,62
1339,Kevin Miller,Data Science,20,98,83,88
1340,Rachel Martinez,Civil,21,52,75,53
1341,Quentin Taylor,Information Technology,24,65,61,81
1342,Julia Martinez,Information Technology,20,50,98,88
1343,Nina Garcia,Data Science,23,66,82,82
1344,Tina Garcia,Civil,18,70,79,93
1345,Julia Garcia,Mechanical,23,53,83,68
1346,Paula Johnson,Mechanical,24,64,65,83
1347,Laura Martinez,Mechanical,22,84,77,82
1348,Oscar Davis,Computer Science,21,63,81,51
1349,Bob Miller,Mechanical,20,52,76,72
1350,Steve Brown,Information Technology,20,57,90,59
1351,Charlie Martinez,Electronics,24,53,65,67
1352,Tina Martinez,Mechanical,19,92,83,68
1353,Bob Garcia,Computer Science,20,83,100,95
1354,Alice Martinez,Data Science,22,91,63,80
1355,Oscar Williams,Civil,21,99,73,98
1356,Bob Anderson,Information Technology,24,98,70,55
1357,Bob Johnson,Civil,21,79,74,77
1358,Julia Johnson,Computer Science,22,96,89,65
1359,Alice Martinez,Information Technology,22,88,89,78
1360,Frank Garcia,Computer Science,22,100,73,67
1361,Kevin Taylor,Information Technology,20,55,60,74
1362,Steve Davis,Data Science,19,58,74,52
1363,Michael Johnson,Information Technology,20,77,63,51
1364,Bob Williams,Mechanical,24,99,67,68
1365,David Garcia,Computer Science,18,65,63,64
1366,Helen Smith,Computer Science,23,73,78,65
1367,Julia Martinez,Electronics,23,81,92,72
1368,Quentin Brown,Computer Science,24,79,91,65
1369,Paula Taylor,Information Technology,19,53,82,86
1370,Laura Smith,Computer Science,25,51,64,96
1371,David Johnson,Information Technology,20,63,84,58
1372,Michael Garcia,Civil,19,70,72,57
1373,Nina Taylor,Data Science,18,67,69,61
1374,Julia Taylor,Mechanical,20,71,74,95
1375,Kevin Miller,Civil,23,84,94,76
1376,Frank Davis,Data Science,24,92,95,97
1377,Steve Smith,Electronics,23,76,71,100
1378,Steve Johnson,Data Science,23,90,62,90
1379,Tina Garcia,Computer Science,19,73,92,62
1380,Laura Miller,Computer Science,24,96,65,52
1381,Alice Williams,Electronics,18,88,63,72
1382,Tina Smith,Data Science,18,97,85,60
1383,David Smith,Data Science,22,90,63,63
1384,David Garcia,Electronics,18,98,71,78
1385,Bob Johnson,Data Science,21,90,68,64
1386,Michael Smith,Computer Science,22,81,77,56
1387,Oscar Martinez,Information Technology,21,89,69,74
1388,Michael Martinez,Mechanical,23,72,93,80
1389,David Garcia,Electronics,21,80,75,56
1390,Michael Smith,Civil,20,97,70,83
1391,Michael Miller,Civil,25,92,92,78
1392,David Taylor,Civil,22,98,67,56
1393,Laura Martinez,Civil,22,62,62,67
1394,Paula Miller,Electronics,25,50,78,90
1395,Nina Martinez,Information Technology,22,79,81,89
1396,Alice Smith,Electronics,25,85,73,62
1397,Tina Anderson,Data Science,19,50,81,72
1398,David Garcia,Information Technology,18,64,78,51
1399,Eva Smith,Mechanical,25,59,96,69
1400,Julia Garcia,Information Technology,25,78,74,59
1401,Ivan Smith,Electronics,23,94,99,84
1402,Rachel Davis,Electronics,19,88,98,96
1403,Charlie Anderson,Electronics,20,82,81,87
1404,Charlie Taylor,Electronics,18,96,85,86
1405,David Martinez,Data Science,20,66,70,57
1406,Helen Anderson,Information Technology,24,85,69,52
1407,Laura Johnson,Civil,22,92,77,52
1408,Ivan Anderson,Data Science,22,98,73,86
1409,Helen Miller,Civil,21,94,68,82
1410,David Smith,Information Technology,25,58,95,61
1411,Helen Davis,Information Technology,24,98,63,94
1412,Charlie Miller,Data Science,22,98,70,88
1413,Steve Johnson,Civil,21,89,83,67
1414,Julia Taylor,Civil,22,94,77,72
1415,David Taylor,Data Science,25,56,72,55
1416,Charlie Miller,Mechanical,21,57,68,89
1417,Bob Johnson,Mechanical,24,73,83,93
1418,Paula Williams,Mechanical,22,88,77,86
1419,Kevin Anderson,Computer Science,23,77,92,87
1420,Frank Miller,Mechanical,21,59,73,68
1421,Paula Miller,Mechanical,18,83,65,51
1422,Kevin Miller,Civil,22,100,84,67
1423,Michael Davis,Electronics,24,97,69,68
1424,Bob Williams,Computer Science,19,56,76,84
1425,Nina Miller,Data Science,19,53,72,76
1426,Paula Garcia,Information Technology,18,58,62,84
1427,Kevin Brown,Civil,19,86,71,64
1428,Steve Martinez,Computer Science,18,58,94,69
1429,Michael Garcia,Electronics,25,83,85,88
1430,Alice Taylor,Civil,23,58,82,89
1431,Grace Martinez,Data Science,23,74,70,50
1432,Bob Martinez,Data Science,23,79,88,100
1433,Nina Miller,Civil,19,67,84,56
1434,Quentin Williams,Information Technology,21,97,96,65
1435,David Johnson,Electronics,24,76,72,73
1436,Steve Anderson,Mechanical,20,56,87,88
1437,Michael Garcia,Data Science,19,51,78,67
1438,Julia Garcia,Information Technology,21,51,74,83
1439,Ivan Davis,Mechanical,24,60,76,92
1440,Tina Williams,Data Science,20,53,92,91
1441,Grace Davis,Electronics,25,58,65,86
1442,Alice Smith,Information Technology,22,67,90,77
1443,Julia Taylor,Information Technology,21,85,60,55
1444,Oscar Martinez,Mechanical,22,54,77,54
1445,Kevin Brown,Computer Science,19,67,66,91
1446,Quentin Brown,Civil,20,83,99,88
1447,Eva Garcia,Electronics,22,88,80,94
1448,Helen Johnson,Electronics,22,92,82,74
1449,David Anderson,Data Science,18,59,71,60
1450,Steve Martinez,Information Technology,25,65,61,52
1451,Bob Johnson,Information Technology,23,92,92,98
1452,Ivan Williams,Civil,22,64,75,54
1453,Tina Martinez,Computer Science,25,84,61,61
1454,Julia Williams,Computer Science,23,50,84,74
1455,Rachel Garcia,Electronics,22,66,69,50
1456,Kevin Brown,Information Technology,22,64,60,51
1457,Bob Johnson,Civil,20,84,89,72
1458,David Taylor,Data Science,22,59,96,51
1459,Nina Smith,Mechanical,21,99,62,71
1460,Rachel Smith,Electronics,24,85,99,52
1461,Bob Johnson,Mechanical,21,66,84,99
1462,David Davis,Mechanical,21,73,81,55
1463,Quentin Anderson,Electronics,19,64,67,99
1464,Eva Anderson,Electronics,20,73,92,84
1465,Alice Brown,Information Technology,23,92,82,57
1466,Laura Davis,Data Science,18,86,68,62
1467,Alice Miller,Mechanical,21,86,99,96
1468,Alice Martinez,Mechanical,25,77,77,58
1469,David Garcia,Mechanical,20,50,72,63
1470,Laura Brown,Information Technology,20,53,74,78
1471,Helen Smith,Electronics,19,61,93,62
1472,Paula Brown,Data Science,23,90,80,76
1473,Paula Taylor,Civil,19,66,86,53
1474,Kevin Williams,Electronics,19,67,92,57
1475,Oscar Johnson,Mechanical,22,61,70,67
1476,Tina Anderson,Information Technology,21,62,95,63
1477,Charlie Anderson,Computer Science,23,63,80,56
1478,Grace Miller,Civil,21,74,76,86
1479,Eva Brown,Data Science,22,80,100,65
1480,Grace Anderson,Electronics,24,53,95,77
1481,Charlie Anderson,Information Technology,22,62,91,63
1482,David Miller,Computer Science,18,59,95,74
1483,Laura Taylor,Computer Science,22,66,67,91
1484,David Williams,Computer Science,23,58,63,86
1485,Michael Miller,Information Technology,23,66,60,72
1486,Grace Taylor,Data Science,22,70,98,84
1487,Laura Smith,Mechanical,19,53,70,81
1488,Julia Garcia,Mechanical,24,57,74,88
1489,Charlie Johnson,Mechanical,22,96,98,60
1490,Michael Williams,Computer Science,23,54,92,99
1491,Ivan Garcia,Computer Science,22,81,78,85
1492,Steve Martinez,Mechanical,25,58,82,73
1493,Oscar Davis,Civil,23,76,89,67
1494,Alice Garcia,Computer Science,23,56,77,57
1495,Tina Smith,Mechanical,21,72,62,68
1496,Ivan Anderson,Data Science,19,66,70,69
1497,Michael Martinez,Information Technology,21,73,76,54
1498,Kevin Davis,Data Science,23,51,76,53
1499,Eva Johnson,Data Science,22,63,84,96
1500,Paula Johnson,Civil,22,77,73,97
1501,David Miller,Data Science,18,96,100,55
1502,Frank Martinez,Civil,19,76,79,62
1503,Laura Taylor,Civil,19,80,92,79
1504,Kevin Miller,Civil,20,90,68,83
1505,Charlie Taylor,Computer Science,21,99,88,57
1506,Michael Anderson,Mechanical,24,55,63,80
1507,Nina Brown,Data Science,22,78,85,52
1508,Laura Miller,Electronics,24,58,87,94
1509,Paula Williams,Data Science,20,61,79,89
1510,Quentin Davis,Data Science,21,56,93,81
1511,Paula Martinez,Computer Science,25,83,92,55
1512,Rachel Williams,Information Technology,18,55,93,73
1513,Helen Taylor,Computer Science,21,69,66,53
1514,Grace Smith,Civil,21,86,73,61
1515,Helen Miller,Electronics,19,67,63,61
1516,Rachel Brown,Information Technology,22,81,67,78
1517,Michael Davis,Civil,23,78,79,91
1518,Kevin Miller,Civil,19,55,81,67
1519,Quentin Smith,Data Science,24,57,92,95
1520,Laura Johnson,Mechanical,18,80,95,86
1521,Michael Smith,Computer Science,18,57,91,63
1522,Ivan Davis,Civil,20,87,76,90
1523,Rachel Smith,Mechanical,18,59,65,61
1524,Grace Martinez,Mechanical,24,63,71,70
1525,Michael Johnson,Electronics,22,58,68,55
1526,Steve Taylor,Information Technology,22,94,96,67
1527,Bob Davis,Civil,20,61,77,90
1528,Nina Smith,Information Technology,20,98,93,96
1529,Quentin Anderson,Computer Science,24,68,82,59
1530,Charlie Smith,Computer Science,20,53,71,52
1531,Ivan Smith,Information Technology,25,80,92,74
1532,Alice Taylor,Data Science,22,93,96,55
1533,Julia Miller,Computer Science,18,86,80,91
1534,Charlie Davis,Computer Science,25,59,77,87
1535,Helen Smith,Data Science,18,94,83,69
1536,Nina Brown,Civil,22,55,100,72
1537,Bob Johnson,Information Technology,24,81,88,76
1538,Kevin Davis,Civil,18,56,80,67
1539,Helen Brown,Civil,20,60,79,86
1540,Eva Davis,Information Technology,22,57,77,81
1541,Oscar Garcia,Data Science,20,60,94,67
1542,Kevin Williams,Information Technology,25,62,93,98
1543,Steve Davis,Electronics,23,94,94,51
1544,Helen Taylor,Electronics,23,52,87,61
1545,Rachel Williams,Information Technology,21,85,97,64
1546,Nina Williams,Civil,21,67,95,80
1547,Nina Martinez,Data Science,24,50,66,74
1548,Rachel Brown,Computer Science,21,84,73,99
1549,Julia Smith,Electronics,20,80,80,63
1550,Kevin Martinez,Computer Science,19,75,87,89
1551,Julia Brown,Computer Science,25,79,97,69
1552,Tina Taylor,Mechanical,24,53,65,62
1553,Steve Garcia,Information Technology,24,87,93,77
1554,Eva Martinez,Data Science,21,78,61,91
1555,Michael Taylor,Data Science,20,53,76,86
1556,Rachel Miller,Data Science,25,93,94,86
1557,Grace Garcia,Civil,19,95,62,90
1558,Steve Brown,Computer Science,18,85,75,71
1559,Tina Anderson,Electronics,19,90,96,99
1560,Nina Johnson,Information Technology,18,95,76,50
1561,David Davis,Information Technology,20,90,82,94
1562,Alice Taylor,Civil,23,90,71,73
1563,Julia Taylor,Electronics,18,71,95,58
1564,Ivan Williams,Computer Science,18,92,90,83
1565,Steve Miller,Civil,19,58,97,59
1566,Frank Williams,Electronics,18,62,60,100
1567,Tina Anderson,Information Technology,23,88,81,50
1568,Oscar Smith,Information Technology,23,67,74,75
1569,Nina Brown,Civil,25,83,99,78
1570,Tina Taylor,Data Science,23,84,95,92
1571,Charlie Anderson,Electronics,25,50,100,74
1572,Grace Smith,Civil,25,72,86,60
1573,Laura Smith,Computer Science,23,65,62,64
1574,Alice Davis,Information Technology,19,89,70,70
1575,Steve Johnson,Electronics,19,64,82,77
1576,Charlie Miller,Data Science,21,87,82,55
1577,Kevin Taylor,Data Science,18,75,90,61
1578,David Miller,Mechanical,24,63,95,53
1579,Charlie Anderson,Civil,23,95,90,79
1580,Tina Davis,Information Technology,21,57,71,57
1581,Rachel Martinez,Computer Science,23,96,95,51
1582,Julia Taylor,Data Science,23,53,73,69
1583,Helen Taylor,Computer Science,19,72,63,58
1584,Rachel Miller,Information Technology,18,95,83,82
1585,Oscar Smith,Electronics,19,74,76,78
1586,Laura Brown,Data Science,25,63,77,55
1587,Oscar Miller,Electronics,25,65,88,64
1588,Alice Davis,Mechanical,24,59,86,70
1589,David Miller,Data Science,19,95,95,76
1590,Julia Brown,Mechanical,24,51,60,100
1591,Charlie Garcia,Information Technology,23,66,95,69
1592,Michael Anderson,Information Technology,24,53,61,59
1593,Charlie Brown,Computer Science,23,95,77,74
1594,Helen Garcia,Civil,19,88,78,68
1595,Michael Johnson,Civil,22,87,77,80
1596,Ivan Taylor,Data Science,19,90,93,63
1597,Ivan Miller,Civil,25,85,100,83
1598,Rachel Garcia,Civil,20,98,88,96
1599,Laura Taylor,Computer Science,21,92,84,51
1600,Grace Smith,Information Technology,23,68,61,52
1601,Laura Anderson,Information Technology,23,78,63,92
1602,Nina Garcia,Data Science,23,88,88,66
1603,Oscar Smith,Electronics,22,85,63,52
1604,David Taylor,Electronics,18,98,65,100
1605,Michael Garcia,Information Technology,20,79,81,74
1606,Ivan Smith,Data Science,22,64,70,74
1607,Ivan Brown,Data Science,21,83,90,85
1608,Laura Anderson,Data Science,21,62,61,58
1609,Julia Garcia,Electronics,19,95,86,59
1610,Tina Miller,Mechanical,25,72,82,84
1611,Laura Garcia,Data Science,19,89,65,87
1612,Bob Garcia,Data Science,20,71,86,64
1613,Kevin Smith,Civil,23,55,86,93
1614,Nina Williams,Mechanical,20,93,95,54
1615,Laura Davis,Mechanical,24,96,84,87
1616,Julia Martinez,Data Science,22,65,69,77
1617,Oscar Johnson,Civil,18,61,69,62
1618,Nina Martinez,Computer Science,22,58,78,60
1619,Oscar Garcia,Civil,20,54,83,88
1620,Rachel Johnson,Computer Science,23,78,99,71
1621,Paula Davis,Electronics,24,69,90,91
1622,Rachel Smith,Electronics,24,50,100,68
1623,Alice Brown,Computer Science,24,93,83,52
1624,Alice Garcia,Civil,21,77,96,54
1625,Frank Davis,Civil,20,73,93,88
1626,Eva Martinez,Computer Science,21,86,71,76
1627,Eva Anderson,Electronics,23,70,69,61
1628,Eva Martinez,Data Science,25,73,75,91
1629,Steve Williams,Data Science,19,72,77,78
1630,Steve Smith,Electronics,18,76,68,65
1631,Tina Brown,Data Science,19,62,86,64
1632,Grace Davis,Mechanical,23,89,78,64
1633,Eva Smith,Computer Science,21,51,67,61
1634,Grace Miller,Electronics,21,97,100,96
1635,Julia Anderson,Computer Science,23,77,87,80
1636,Rachel Smith,Data Science,23,81,68,97
1637,Charlie Smith,Electronics,23,75,94,54
1638,Quentin Miller,Information Technology,24,68,64,57
1639,Kevin Johnson,Computer Science,21,99,78,98
1640,Helen Brown,Computer Science,19,60,82,53
1641,Ivan Johnson,Computer Science,22,76,62,59
1642,Helen Miller,Mechanical,21,58,63,80
1643,Julia Miller,Civil,25,62,79,51
1644,Paula Taylor,Mechanical,23,61,96,64
1645,Eva Smith,Information Technology,23,77,76,61
1646,Kevin Garcia,Mechanical,20,57,92,73
1647,Grace Brown,Mechanical,23,85,86,53
1648,Julia Taylor,Computer Science,23,50,85,52
1649,Grace Davis,Civil,25,69,81,76
1650,Quentin Smith,Computer Science,24,98,86,70
1651,Oscar Williams,Information Technology,18,57,69,51
1652,Alice Johnson,Data Science,24,55,68,56
1653,Frank Davis,Mechanical,25,99,79,86
1654,Bob Brown,Data Science,18,91,72,66
1655,Steve Martinez,Information Technology,18,100,92,79
1656,Steve Miller,Civil,19,62,96,55
1657,Helen Davis,Electronics,24,87,74,88
1658,Helen Miller,Information Technology,22,83,75,86
1659,Ivan Garcia,Electronics,19,70,89,54
1660,Ivan Williams,Mechanical,24,87,97,80
1661,Michael Martinez,Data Science,22,90,90,50
1662,Oscar Johnson,Information Technology,21,99,76,90
1663,Frank Williams,Civil,21,60,60,97
1664,Rachel Miller,Computer Science,19,66,90,87
1665,Quentin Martinez,Mechanical,19,52,92,92
1666,Steve Williams,Electronics,20,82,85,69
1667,Alice Anderson,Computer Science,24,58,93,99
1668,Ivan Brown,Information Technology,25,100,65,70
1669,Nina Anderson,Mechanical,22,63,68,89
1670,Ivan Smith,Electronics,21,66,76,64
1671,Steve Smith,Civil,24,77,88,93
1672,Quentin Williams,Mechanical,18,85,84,78
1673,Helen Miller,Civil,23,71,91,92
1674,Alice Brown,Electronics,19,72,99,70
1675,Charlie Johnson,Data Science,24,95,72,88
1676,Frank Davis,Data Science,21,57,67,96
1677,Steve Williams,Electronics,20,61,98,87
1678,Kevin Anderson,Electronics,19,62,77,51
1679,Ivan Taylor,Civil,18,86,94,50
1680,Alice Miller,Mechanical,19,57,61,76
1681,Laura Garcia,Data Science,24,67,100,84
1682,Julia Johnson,Mechanical,22,63,62,71
1683,Grace Garcia,Electronics,18,75,98,85
1684,Rachel Williams,Computer Science,25,69,73,99
1685,Paula Williams,Civil,19,62,93,57
1686,Alice Johnson,Civil,25,79,96,89
1687,Laura Anderson,Civil,21,57,69,91
1688,Laura Miller,Mechanical,24,88,84,85
1689,Kevin Taylor,Computer Science,19,95,60,81
1690,Michael Taylor,Mechanical,22,85,62,96
1691,Paula Garcia,Computer Science,21,95,95,77
1692,Alice Davis,Electronics,21,91,90,88
1693,Grace Taylor,Civil,24,72,67,68
1694,Oscar Anderson,Computer Science,24,88,78,57
1695,Grace Williams,Civil,21,77,76,60
1696,Grace Martinez,Electronics,24,72,80,68
1697,Tina Garcia,Data Science,22,100,87,73
1698,Charlie Davis,Information Technology,24,76,79,54
1699,Julia Garcia,Electronics,19,78,94,78
1700,Ivan Garcia,Information Technology,18,68,94,72
1701,Ivan Taylor,Computer Science,20,56,91,73
1702,Frank Davis,Data Science,18,89,66,89
1703,Steve Davis,Mechanical,25,67,95,74
1704,Bob Garcia,Information Technology,22,61,61,57
1705,Nina Anderson,Computer Science,23,74,94,89
1706,Paula Martinez,Data Science,18,69,93,60
1707,Quentin Martinez,Civil,24,95,82,77
1708,Charlie Martinez,Civil,21,68,95,73
1709,Quentin Anderson,Information Technology,18,55,93,86
1710,Eva Miller,Information Technology,18,85,68,95
1711,Charlie Martinez,Data Science,18,82,71,85
1712,Kevin Taylor,Information Technology,21,62,76,82
1713,Laura Smith,Information Technology,22,93,72,63
1714,David Anderson,Data Science,18,71,71,86
1715,Steve Smith,Electronics,18,78,87,76
1716,Steve Anderson,Mechanical,23,69,78,68
1717,Paula Brown,Electronics,25,100,99,64
1718,Eva Brown,Data Science,20,58,90,92
1719,Steve Miller,Civil,22,97,96,51
1720,Charlie Garcia,Mechanical,24,54,74,94
1721,Charlie Martinez,Data Science,25,67,87,53
1722,Quentin Davis,Mechanical,25,51,95,89
1723,Eva Garcia,Data Science,25,96,61,85
1724,Paula Smith,Civil,24,63,62,59
1725,Bob Taylor,Data Science,23,60,100,50
1726,Charlie Martinez,Computer Science,25,64,70,100
1727,Laura Miller,Information Technology,24,59,63,86
1728,Nina Davis,Electronics,18,99,85,65
1729,Nina Smith,Information Technology,22,65,61,69
1730,Alice Miller,Civil,18,88,76,83
1731,David Taylor,Information Technology,20,79,94,74
1732,Quentin Garcia,Data Science,22,87,82,91
1733,Charlie Miller,Civil,23,97,73,68
1734,Michael Davis,Information Technology,21,99,79,88
1735,Paula Miller,Data Science,23,76,79,93
1736,Paula Anderson,Mechanical,19,98,91,62
1737,Tina Smith,Mechanical,19,94,96,70
1738,Helen Brown,Computer Science,24,94,97,75
1739,Helen Miller,Electronics,22,69,85,77
1740,Steve Martinez,Civil,19,59,72,92
1741,Helen Davis,Information Technology,21,94,63,99
1742,Paula Garcia,Electronics,22,93,83,70
1743,Steve Martinez,Electronics,22,66,73,68
1744,Eva Brown,Electronics,24,73,86,61
1745,Oscar Garcia,Electronics,24,85,87,87
1746,Oscar Garcia,Information Technology,21,51,82,70
1747,Helen Anderson,Computer Science,25,91,64,99
1748,Rachel Brown,Data Science,22,96,76,92
1749,Bob Taylor,Information Technology,18,91,95,55
1750,Charlie Anderson,Civil,21,79,84,67
1751,Charlie Garcia,Electronics,20,93,63,57
1752,Kevin Taylor,Data Science,21,76,61,76
1753,Nina Taylor,Civil,19,60,86,69
1754,Ivan Garcia,Civil,22,82,64,77
1755,Nina Garcia,Civil,22,64,62,84
1756,Quentin Williams,Information Technology,22,87,74,66
1757,Michael Taylor,Mechanical,19,100,94,52
1758,Steve Davis,Data Science,24,71,62,89
1759,Julia Brown,Information Technology,23,88,75,71
1760,Helen Taylor,Data Science,18,67,74,84
1761,Oscar Miller,Civil,25,81,81,68
1762,Kevin Davis,Information Technology,19,51,68,60
1763,Bob Garcia,Information Technology,21,90,67,64
1764,Steve Miller,Mechanical,20,57,69,70
1765,David Miller,Electronics,24,100,76,90
1766,Paula Anderson,Information Technology,18,51,91,96
1767,Rachel Smith,Computer Science,25,58,95,71
1768,Julia Miller,Mechanical,19,70,100,100
1769,Eva Johnson,Civil,25,77,97,80
1770,Laura Johnson,Computer Science,18,53,76,66
1771,Alice Davis,Electronics,25,97,63,64
1772,Nina Taylor,Data Science,24,75,75,79
1773,Bob Davis,Mechanical,19,97,61,64
1774,Tina Miller,Civil,18,83,94,63
1775,Eva Anderson,Electronics,20,96,76,81
1776,Nina Anderson,Information Technology,22,66,61,58
1777,Bob Smith,Civil,18,68,71,81
1778,Tina Anderson,Civil,23,71,87,99
1779,Kevin Taylor,Computer Science,21,69,84,55
1780,Rachel Anderson,Information Technology,21,53,100,74
1781,Laura Johnson,Mechanical,25,89,61,99
1782,Bob Williams,Mechanical,21,93,61,56
1783,Michael Garcia,Computer Science,24,52,71,78
1784,Julia Davis,Civil,19,57,93,67
1785,Helen Taylor,Computer Science,23,59,86,84
1786,Eva Miller,Data Science,25,74,91,65
1787,Quentin Williams,Information Technology,18,51,83,81
1788,Rachel Williams,Mechanical,22,91,74,77
1789,Kevin Taylor,Mechanical,21,84,67,51
1790,Nina Brown,Civil,18,91,84,90
1791,Rachel Smith,Mechanical,23,82,61,50
1792,Eva Martinez,Mechanical,19,87,85,61
1793,Frank Johnson,Data Science,21,69,94,93
1794,Alice Martinez,Civil,24,88,68,86
1795,Kevin Williams,Information Technology,21,88,81,52
1796,Kevin Martinez,Civil,19,91,61,68
1797,Alice Williams,Computer Science,21,63,84,70
1798,Charlie Anderson,Computer Science,20,66,84,54
1799,Eva Miller,Mechanical,25,51,95,53
1800,Nina Williams,Data Science,24,72,68,75
1801,Paula Johnson,Electronics,25,80,92,63
1802,Charlie Williams,Civil,25,92,66,61
1803,Helen Anderson,Data Science,21,57,64,64
1804,David Johnson,Electronics,18,84,77,57
1805,Steve Brown,Information Technology,23,87,69,84
1806,Rachel Johnson,Electronics,21,51,63,73
1807,Quentin Miller,Information Technology,18,68,74,67
1808,Quentin Anderson,Computer Science,21,97,80,77
1809,Ivan Martinez,Computer Science,19,57,88,83
1810,Julia Martinez,Information Technology,19,55,89,83
1811,Helen Smith,Mechanical,23,98,62,53
1812,Tina Brown,Computer Science,22,80,75,74
1813,Bob Garcia,Mechanical,25,75,98,89
1814,Kevin Smith,Computer Science,25,68,65,77
1815,Ivan Brown,Information Technology,21,88,97,79
1816,Rachel Davis,Civil,18,73,88,75
1817,Rachel Smith,Information Technology,25,79,88,95
1818,Julia Miller,Information Technology,21,93,63,52
1819,Oscar Miller,Information Technology,22,70,99,71
1820,Michael Miller,Information Technology,25,64,68,77
1821,Nina Garcia,Civil,18,75,74,63
1822,Kevin Smith,Information Technology,24,81,71,50
1823,Kevin Taylor,Information Technology,18,99,85,53
1824,Julia Davis,Civil,19,85,82,94
1825,David Taylor,Electronics,25,60,87,86
1826,Tina Davis,Data Science,22,95,98,67
1827,Quentin Smith,Electronics,18,63,96,54
1828,Helen Anderson,Mechanical,21,84,91,80
1829,Laura Garcia,Mechanical,21,65,66,64
1830,Julia Miller,Information Technology,20,90,74,82
1831,Nina Taylor,Mechanical,21,76,96,65
1832,Bob Taylor,Data Science,23,88,67,69
1833,David Smith,Data Science,24,86,94,59
1834,Steve Brown,Information Technology,18,56,78,86
1835,Ivan Brown,Electronics,19,51,82,56
1836,Helen Brown,Data Science,20,61,98,73
1837,Laura Johnson,Computer Science,23,99,97,85
1838,Nina Anderson,Data Science,20,52,78,61
1839,Helen Williams,Data Science,23,61,68,71
1840,Eva Martinez,Electronics,22,64,63,89
1841,Nina Johnson,Electronics,21,98,83,70
1842,Alice Smith,Information Technology,20,89,64,59
1843,Tina Smith,Mechanical,19,61,91,82
1844,Charlie Brown,Civil,20,50,89,54
1845,Charlie Taylor,Information Technology,19,71,98,74
1846,Alice Davis,Computer Science,23,76,85,71
1847,Ivan Williams,Civil,20,95,66,64
1848,Ivan Garcia,Computer Science,21,59,73,69
1849,Michael Garcia,Electronics,21,84,86,82
1850,Alice Martinez,Mechanical,25,78,90,51
1851,Laura Anderson,Information Technology,22,71,95,67
1852,Ivan Anderson,Computer Science,24,65,97,72
1853,Helen Davis,Computer Science,25,96,65,84
1854,Kevin Miller,Data Science,21,64,74,94
1855,Alice Williams,Computer Science,25,65,62,70
1856,Michael Garcia,Information Technology,19,73,86,84
1857,Ivan Smith,Electronics,25,87,76,52
1858,Tina Brown,Information Technology,20,55,67,71
1859,Rachel Brown,Electronics,18,56,80,69
1860,Julia Davis,Information Technology,25,72,78,59
1861,Oscar Brown,Civil,23,96,79,80
1862,Alice Miller,Computer Science,20,63,63,68
1863,Alice Garcia,Mechanical,23,76,60,68
1864,Ivan Johnson,Computer Science,21,99,94,57
1865,Quentin Brown,Computer Science,21,92,79,92
1866,Alice Martinez,Data Science,20,50,92,51
1867,Ivan Anderson,Data Science,22,83,99,52
1868,David Williams,Computer Science,24,62,89,69
1869,Rachel Martinez,Information Technology,24,60,78,58
1870,Rachel Taylor,Civil,21,100,74,93
1871,Kevin Williams,Civil,24,81,89,85
1872,Quentin Davis,Computer Science,23,94,67,86
1873,Helen Smith,Mechanical,23,97,91,100
1874,Steve Miller,Mechanical,24,87,96,63
1875,David Garcia,Computer Science,22,89,80,88
1876,Oscar Davis,Data Science,20,50,80,98
1877,Quentin Miller,Information Technology,20,72,65,87
1878,Helen Taylor,Civil,22,98,84,75
1879,David Anderson,Civil,25,100,68,71
1880,Charlie Davis,Computer Science,25,90,68,66
1881,Helen Martinez,Mechanical,22,89,88,83
1882,Steve Taylor,Electronics,19,98,70,73
1883,Alice Martinez,Mechanical,23,85,74,97
1884,Eva Davis,Electronics,22,85,71,97
1885,Oscar Davis,Computer Science,22,74,100,88
1886,Alice Davis,Mechanical,24,83,100,75
1887,Michael Miller,Data Science,18,53,88,74
1888,Eva Davis,Electronics,19,82,89,51
1889,Steve Johnson,Mechanical,21,93,64,74
1890,Ivan Anderson,Data Science,24,57,91,64
1891,Quentin Williams,Mechanical,23,78,95,82
1892,Helen Anderson,Civil,18,75,82,71
1893,Bob Taylor,Data Science,21,77,77,99
1894,Quentin Davis,Civil,20,82,81,69
1895,Quentin Martinez,Electronics,20,76,91,64
1896,Julia Garcia,Electronics,24,92,60,67
1897,Charlie Taylor,Data Science,21,97,73,81
1898,David Williams,Information Technology,25,94,87,83
1899,Quentin Smith,Civil,22,62,73,77
1900,Oscar Taylor,Civil,20,82,86,58
1901,Michael Williams,Mechanical,23,95,69,53
1902,Michael Garcia,Civil,24,68,82,77
1903,David Davis,Information Technology,24,83,89,71
1904,Grace Williams,Data Science,22,96,88,69
1905,Julia Taylor,Computer Science,24,100,78,87
1906,Laura Davis,Computer Science,21,85,71,98
1907,David Williams,Data Science,18,94,69,70
1908,Laura Johnson,Civil,25,51,61,77
1909,Eva Garcia,Mechanical,18,58,74,89
1910,Rachel Johnson,Information Technology,21,94,91,54
1911,Grace Taylor,Computer Science,21,94,70,80
1912,Laura Miller,Mechanical,19,55,72,74
1913,Nina Johnson,Civil,20,62,64,90
1914,Quentin Johnson,Data Science,20,56,73,99
1915,Charlie Smith,Mechanical,19,89,95,72
1916,Nina Williams,Information Technology,22,65,89,93
1917,Tina Johnson,Computer Science,24,85,68,81
1918,Tina Martinez,Data Science,18,70,83,75
1919,Nina Johnson,Information Technology,25,69,87,59
1920,Julia Anderson,Mechanical,21,54,80,97
1921,Kevin Brown,Information Technology,21,84,96,96
1922,Bob Taylor,Information Technology,24,92,63,87
1923,Helen Williams,Mechanical,22,85,87,89
1924,Eva Garcia,Information Technology,21,57,81,92
1925,Michael Davis,Electronics,19,71,69,96
1926,Oscar Miller,Electronics,24,56,64,64
1927,Steve Miller,Data Science,18,99,78,61
1928,Michael Smith,Mechanical,18,79,94,83
1929,Rachel Miller,Civil,20,92,100,72
1930,David Martinez,Civil,22,75,64,71
1931,Tina Johnson,Mechanical,20,71,87,80
1932,Rachel Smith,Electronics,25,54,96,80
1933,Kevin Garcia,Information Technology,19,68,100,65
1934,Quentin Smith,Information Technology,21,84,88,73
1935,Alice Taylor,Information Technology,24,75,96,55
1936,Steve Johnson,Computer Science,23,57,96,100
1937,Eva Miller,Data Science,23,93,61,58
1938,Frank Johnson,Data Science,18,74,63,77
1939,Alice Anderson,Data Science,22,82,84,94
1940,Rachel Martinez,Computer Science,24,93,94,95
1941,Quentin Davis,Data Science,22,59,96,68
1942,Helen Smith,Electronics,23,55,79,65
1943,Frank Smith,Electronics,25,92,60,55
1944,Eva Brown,Electronics,23,95,87,75
1945,Grace Anderson,Electronics,23,66,64,95
1946,Julia Williams,Information Technology,23,64,61,82
1947,Alice Brown,Computer Science,18,80,74,98
1948,Laura Garcia,Electronics,24,67,78,51
1949,Helen Martinez,Electronics,21,52,74,100
1950,Paula Garcia,Computer Science,19,56,76,97
1951,Kevin Taylor,Information Technology,20,62,88,80
1952,Frank Miller,Computer Science,24,68,65,93
1953,Steve Smith,Information Technology,19,58,100,64
1954,Bob Martinez,Electronics,22,91,65,61
1955,Ivan Taylor,Civil,24,89,96,66
1956,Paula Williams,Information Technology,20,97,77,79
1957,Paula Anderson,Mechanical,23,62,92,88
1958,Michael Martinez,Mechanical,22,64,62,67
1959,Oscar Brown,Data Science,18,83,82,97
1960,Ivan Miller,Information Technology,23,55,98,56
1961,Frank Johnson,Information Technology,20,87,99,52
1962,Grace Williams,Civil,25,100,62,89
1963,Oscar Williams,Civil,22,97,77,89
1964,Frank Smith,Computer Science,20,92,98,84
1965,Rachel Miller,Data Science,19,69,92,56
1966,Alice Davis,Information Technology,25,66,94,83
1967,Julia Taylor,Computer Science,24,67,91,91
1968,Julia Anderson,Computer Science,23,88,94,88
1969,Julia Johnson,Information Technology,18,60,98,60
1970,Tina Williams,Information Technology,20,93,65,65
1971,Laura Miller,Mechanical,21,72,63,62
1972,Grace Johnson,Civil,20,53,63,77
1973,Bob Johnson,Data Science,21,66,80,81
1974,Julia Smith,Mechanical,23,77,60,64
1975,Steve Smith,Electronics,24,63,93,82
1976,David Anderson,Data Science,19,93,95,78
1977,Ivan Smith,Information Technology,20,87,75,60
1978,Ivan Garcia,Information Technology,19,86,96,80
1979,Bob Garcia,Data Science,22,73,71,97
1980,Julia Martinez,Computer Science,20,56,71,99
1981,Nina Williams,Mechanical,21,56,67,100
1982,David Anderson,Civil,24,64,66,65
1983,Ivan Miller,Electronics,23,52,84,53
1984,Eva Taylor,Data Science,18,71,77,53
1985,Alice Johnson,Data Science,21,80,75,55
1986,Rachel Taylor,Information Technology,24,96,77,61
1987,Eva Brown,Information Technology,20,94,76,97
1988,Quentin Garcia,Data Science,20,80,71,73
1989,Paula Johnson,Electronics,21,68,81,50
1990,Steve Smith,Electronics,19,91,70,69
1991,Frank Garcia,Civil,24,53,76,86
1992,Rachel Miller,Civil,22,83,70,71
1993,Oscar Anderson,Data Science,23,96,96,71
1994,Steve Smith,Civil,24,70,78,82
1995,Nina Smith,Information Technology,23,78,86,57
1996,Julia Brown,Civil,22,74,94,68
1997,Helen Garcia,Computer Science,20,95,69,82
1998,Eva Davis,Civil,19,99,100,96
1999,Paula Williams,Civil,25,67,66,86
2000,Grace Anderson,Data Science,20,57,76,98
2001,Paula Brown,Information Technology,25,77,67,75
2002,Charlie Brown,Information Technology,20,89,96,84
2003,Julia Smith,Computer Science,21,55,70,84
2004,Bob Davis,Mechanical,20,51,87,99
2005,Ivan Johnson,Computer Science,25,77,79,87
2006,Kevin Martinez,Electronics,19,68,66,74
2007,Laura Martinez,Civil,18,86,86,51
2008,David Taylor,Information Technology,24,89,78,50
2009,Helen Anderson,Electronics,19,64,77,84
2010,Michael Williams,Civil,25,76,61,83
2011,Quentin Davis,Mechanical,19,92,82,55
2012,Julia Williams,Data Science,18,77,94,64
2013,Bob Miller,Information Technology,23,82,82,61
2014,Michael Taylor,Mechanical,20,75,60,99
2015,Paula Martinez,Information Technology,21,80,100,90
2016,Kevin Miller,Information Technology,25,99,96,83
2017,Paula Garcia,Electronics,18,50,98,97
2018,Rachel Martinez,Computer Science,23,92,60,50
2019,Ivan Miller,Electronics,20,88,68,75
2020,Nina Brown,Civil,19,98,72,88
2021,Tina Smith,Mechanical,20,64,78,66
2022,Alice Miller,Mechanical,21,81,66,98
2023,Michael Brown,Computer Science,21,66,92,66
2024,Nina Williams,Computer Science,20,78,60,70
2025,Steve Smith,Data Science,24,74,73,51
2026,Bob Williams,Mechanical,19,88,70,85
2027,Eva Anderson,Computer Science,24,65,82,75
2028,Ivan Davis,Computer Science,23,75,67,54
2029,Eva Garcia,Civil,21,90,87,55
2030,Michael Garcia,Information Technology,23,55,67,57
2031,Michael Garcia,Electronics,21,95,96,100
2032,Nina Brown,Electronics,18,64,88,85
2033,Oscar Davis,Civil,24,80,71,63
2034,Paula Taylor,Civil,25,59,97,100
2035,Frank Garcia,Data Science,21,84,99,56
2036,Grace Brown,Information Technology,20,80,81,56
2037,Ivan Davis,Mechanical,21,84,67,94
2038,David Williams,Information Technology,24,83,86,90
2039,Michael Brown,Computer Science,19,53,83,83
2040,Eva Brown,Civil,18,55,83,73
2041,Paula Smith,Data Science,24,82,61,73
2042,Kevin Martinez,Civil,18,86,62,72
2043,Nina Williams,Computer Science,21,72,67,87
2044,Ivan Smith,Data Science,18,91,91,79
2045,Tina Martinez,Mechanical,18,88,93,85
2046,Nina Davis,Electronics,21,80,100,61
2047,Grace Martinez,Computer Science,21,53,60,69
2048,Bob Anderson,Civil,21,66,67,91
2049,Alice Smith,Mechanical,19,82,78,97
2050,Frank Johnson,Data Science,23,79,65,88
2051,Rachel Davis,Mechanical,24,83,66,72
2052,Frank Johnson,Civil,18,67,91,100
2053,Steve Taylor,Civil,23,53,78,61
2054,Michael Garcia,Data Science,18,60,89,76
2055,Ivan Davis,Data Science,21,88,96,96
2056,Helen Williams,Electronics,25,53,60,77
2057,Steve Martinez,Information Technology,21,78,100,79
2058,Nina Garcia,Data Science,23,98,75,93
2059,Grace Smith,Information Technology,20,99,91,84
2060,Quentin Garcia,Information Technology,18,89,97,92
2061,Michael Anderson,Computer Science,18,62,95,79
2062,Eva Davis,Mechanical,25,94,63,100
2063,Steve Miller,Information Technology,23,95,64,79
2064,Alice Miller,Mechanical,23,70,88,67
2065,Tina Martinez,Mechanical,24,58,87,70
2066,Quentin Taylor,Civil,24,92,64,94
2067,Alice Brown,Information Technology,20,51,92,76
2068,Frank Williams,Computer Science,19,96,82,60
2069,Julia Brown,Computer Science,24,94,93,84
2070,Quentin Garcia,Electronics,18,89,95,60
2071,Quentin Anderson,Electronics,18,90,83,82
2072,Charlie Williams,Mechanical,21,60,92,67
2073,Kevin Miller,Computer Science,20,96,85,61
2074,Helen Garcia,Data Science,18,83,68,58
2075,Rachel Martinez,Data Science,19,98,72,95
2076,Paula Martinez,Mechanical,22,57,91,100
2077,Michael Anderson,Mechanical,23,79,90,89
2078,Michael Miller,Data Science,25,64,88,74
2079,Michael Williams,Information Technology,21,72,80,53
2080,Kevin Miller,Computer Science,23,58,75,86
2081,Grace Anderson,Information Technology,20,83,87,51
2082,Steve Davis,Computer Science,19,89,65,58
2083,Charlie Brown,Data Science,18,56,71,55
2084,Steve Martinez,Civil,22,54,78,61
2085,Eva Johnson,Data Science,18,77,99,63
2086,Tina Martinez,Electronics,20,60,95,69
2087,Paula Garcia,Civil,22,71,60,59
2088,Alice Brown,Computer Science,22,61,82,54
2089,Grace Davis,Computer Science,19,83,95,60
2090,Michael Garcia,Computer Science,20,89,68,55
2091,Rachel Martinez,Information Technology,25,62,84,70
2092,Bob Williams,Data Science,21,63,94,99
2093,Ivan Garcia,Mechanical,19,57,72,55
2094,Eva Johnson,Mechanical,18,92,76,98
2095,Frank Miller,Civil,24,72,60,82
2096,David Martinez,Electronics,24,68,89,53
2097,Ivan Miller,Computer Science,18,97,88,93
2098,Julia Williams,Civil,23,76,91,51
2099,Grace Smith,Data Science,18,57,94,64
2100,Tina Brown,Data Science,20,88,73,84
2101,Rachel Davis,Mechanical,18,86,80,81
2102,Paula Smith,Information Technology,24,55,90,94
2103,David Anderson,Computer Science,25,73,91,67
2104,Quentin Anderson,Information Technology,23,70,74,64
2105,Paula Johnson,Data Science,22,78,100,97
2106,Laura Anderson,Information Technology,21,98,89,88
2107,Helen Miller,Mechanical,22,99,62,97
2108,Steve Smith,Data Science,18,52,82,67
2109,Eva Smith,Computer Science,25,68,86,98
2110,Charlie Garcia,Data Science,24,72,74,55
2111,Charlie Miller,Civil,24,95,78,50
2112,Quentin Davis,Civil,20,86,69,59
2113,Nina Garcia,Data Science,24,53,67,67
2114,Eva Garcia,Data Science,18,64,87,61
2115,Julia Williams,Mechanical,21,86,64,94
2116,Oscar Miller,Electronics,18,71,90,90
2117,Steve Davis,Computer Science,24,58,77,66
2118,Michael Taylor,Information Technology,22,80,96,86
2119,Kevin Garcia,Mechanical,24,88,79,55
2120,Grace Garcia,Data Science,20,75,80,51
2121,Eva Garcia,Computer Science,19,81,68,59
2122,Alice Johnson,Data Science,18,94,97,71
2123,Ivan Anderson,Information Technology,25,91,87,89
2124,Michael Miller,Mechanical,23,96,83,66
2125,Quentin Garcia,Data Science,19,76,71,97
2126,Charlie Anderson,Mechanical,21,71,64,56
2127,Kevin Miller,Information Technology,24,74,73,70
2128,Oscar Johnson,Computer Science,23,77,98,84
2129,Eva Miller,Mechanical,24,78,73,82
2130,Bob Smith,Electronics,22,88,82,94
2131,Paula Taylor,Data Science,24,65,86,69
2132,Rachel Davis,Information Technology,20,56,63,92
2133,Paula Davis,Information Technology,25,92,67,89
2134,Tina Miller,Information Technology,24,82,65,96
2135,Kevin Miller,Civil,23,65,64,90
2136,David Williams,Data Science,19,59,92,72
2137,Michael Davis,Civil,21,76,67,87
2138,Laura Miller,Computer Science,19,95,75,70
2139,Rachel Martinez,Computer Science,23,97,70,89
2140,Helen Anderson,Information Technology,18,73,72,87
2141,Bob Brown,Electronics,25,77,70,70
2142,Steve Davis,Data Science,22,76,90,66
2143,Helen Miller,Computer Science,19,54,91,80
2144,Frank Anderson,Mechanical,23,99,93,90
2145,Eva Williams,Electronics,24,97,85,91
2146,Quentin Smith,Data Science,18,59,95,80
2147,Bob Taylor,Electronics,23,85,66,79
2148,Tina Garcia,Computer Science,24,50,98,93
2149,Quentin Davis,Information Technology,20,99,65,88
2150,Grace Miller,Data Science,22,56,62,59
2151,Kevin Miller,Civil,22,77,71,98
2152,Eva Martinez,Information Technology,22,97,85,61
2153,Tina Davis,Information Technology,22,71,85,83
2154,Frank Johnson,Computer Science,23,51,75,50
2155,Julia Martinez,Information Technology,24,93,73,66
2156,Michael Taylor,Data Science,19,88,66,65
2157,Paula Miller,Computer Science,22,70,62,62
2158,Michael Brown,Information Technology,21,70,71,85
2159,Eva Johnson,Computer Science,22,74,90,79
2160,Paula Miller,Data Science,21,71,91,72
2161,Kevin Brown,Electronics,20,52,100,57
2162,Tina Johnson,Data Science,18,74,76,92
2163,Frank Martinez,Civil,21,54,100,98
2164,Quentin Davis,Mechanical,25,82,94,77
2165,Julia Martinez,Electronics,20,70,73,97
2166,Bob Williams,Data Science,21,80,63,71
2167,Ivan Williams,Mechanical,22,81,95,59
2168,Bob Williams,Data Science,22,68,99,72
2169,Nina Brown,Mechanical,25,54,73,89
2170,Eva Garcia,Electronics,21,51,68,92
2171,Julia Martinez,Data Science,20,57,68,66
2172,Alice Miller,Data Science,18,67,65,80
2173,Alice Williams,Computer Science,23,96,98,83
2174,Charlie Williams,Computer Science,20,90,89,87
2175,Ivan Davis,Computer Science,19,88,83,76
2176,Steve Taylor,Computer Science,18,97,75,80
2177,Charlie Anderson,Mechanical,25,57,97,88
2178,Tina Brown,Information Technology,18,57,80,62
2179,Charlie Davis,Electronics,22,57,93,61
2180,Oscar Brown,Electronics,21,52,66,58
2181,Bob Miller,Computer Science,24,92,74,83
2182,Paula Williams,Mechanical,22,79,61,50
2183,Quentin Davis,Computer Science,21,59,80,100
2184,Steve Anderson,Mechanical,24,95,90,54
2185,Paula Smith,Mechanical,24,63,79,54
2186,Bob Smith,Civil,21,50,85,62
2187,Michael Taylor,Civil,18,58,99,100
2188,Helen Davis,Data Science,21,67,90,61
2189,Michael Smith,Data Science,19,80,61,76
2190,Paula Anderson,Electronics,18,86,84,94
2191,David Taylor,Electronics,25,52,92,79
2192,Tina Smith,Civil,24,72,96,96
2193,Oscar Brown,Information Technology,20,68,82,79
2194,Helen Brown,Mechanical,24,81,93,89
2195,Julia Davis,Information Technology,22,70,78,60
2196,Bob Taylor,Data Science,24,94,69,82
2197,Grace Martinez,Computer Science,22,52,67,57
2198,Kevin Smith,Civil,25,95,76,87
2199,Rachel Smith,Data Science,18,86,92,59
2200,Charlie Miller,Electronics,18,50,62,82
2201,Steve Davis,Computer Science,23,54,73,98
2202,Grace Smith,Data Science,25,72,84,68
2203,Frank Miller,Civil,18,92,76,77
2204,Kevin Martinez,Civil,20,71,93,68
2205,Nina Brown,Civil,25,97,100,96
2206,Kevin Anderson,Data Science,18,72,85,75
2207,Alice Smith,Computer Science,24,100,95,86
2208,Alice Brown,Computer Science,22,88,78,97
2209,Ivan Taylor,Mechanical,24,99,86,60
2210,Rachel Johnson,Data Science,20,66,84,92
2211,Steve Williams,Mechanical,23,56,73,68
2212,Julia Brown,Mechanical,21,83,89,63
2213,Laura Anderson,Civil,22,77,68,75
2214,Steve Davis,Civil,20,56,78,94
2215,Kevin Johnson,Mechanical,25,95,69,78
2216,Eva Martinez,Mechanical,22,78,63,89
2217,Paula Anderson,Mechanical,24,82,72,53
2218,Paula Miller,Data Science,19,52,85,100
2219,David Johnson,Civil,24,85,84,64
2220,Oscar Miller,Information Technology,19,61,91,65
2221,Ivan Taylor,Mechanical,18,72,62,60
2222,David Williams,Information Technology,23,99,83,60
2223,Rachel Taylor,Civil,19,89,76,68
2224,Julia Brown,Mechanical,22,94,91,79
2225,Helen Miller,Data Science,19,70,76,51
2226,Tina Smith,Electronics,23,67,89,53
2227,Rachel Taylor,Computer Science,20,76,78,99
2228,David Williams,Mechanical,20,83,77,72
2229,David Johnson,Civil,25,57,61,73
2230,Paula Martinez,Civil,23,61,78,73
2231,Frank Williams,Electronics,24,84,74,50
2232,Grace Martinez,Data Science,20,83,86,55
2233,Tina Miller,Data Science,19,97,97,68
2234,Oscar Brown,Computer Science,24,57,63,89
2235,Charlie Garcia,Electronics,19,76,60,54
2236,Oscar Taylor,Computer Science,21,85,62,92
2237,Julia Martinez,Computer Science,20,70,79,86
2238,Paula Davis,Information Technology,21,52,73,61
2239,David Johnson,Mechanical,21,96,92,60
2240,Ivan Taylor,Computer Science,23,97,97,95
2241,Frank Taylor,Information Technology,24,81,63,52
2242,Grace Taylor,Mechanical,20,94,75,69
2243,Alice Johnson,Information Technology,21,83,75,91
2244,Paula Martinez,Civil,20,51,87,78
2245,Laura Williams,Electronics,18,63,60,99
2246,Steve Johnson,Information Technology,22,99,78,79
2247,Ivan Anderson,Data Science,18,99,74,60
2248,Steve Williams,Computer Science,18,63,70,85
2249,Charlie Johnson,Electronics,24,88,85,98
2250,Grace Taylor,Computer Science,21,83,83,85
2251,Helen Johnson,Computer Science,22,85,71,99
2252,Tina Smith,Civil,22,71,63,87
2253,Julia Taylor,Electronics,18,64,94,82
2254,Grace Miller,Data Science,19,94,93,58
2255,Eva Williams,Data Science,21,62,100,55
2256,Helen Miller,Mechanical,22,89,84,57
2257,Nina Johnson,Mechanical,19,88,68,66
2258,Ivan Martinez,Data Science,24,83,71,94
2259,Grace Davis,Information Technology,19,69,65,80
2260,Tina Martinez,Civil,18,75,71,96
2261,Charlie Davis,Electronics,20,53,99,90
2262,Michael Smith,Computer Science,19,84,67,93
2263,Nina Johnson,Data Science,21,56,85,97
2264,Ivan Smith,Electronics,20,76,70,70
2265,Oscar Martinez,Data Science,20,53,97,75
2266,Bob Smith,Civil,24,61,80,99
2267,Tina Martinez,Data Science,23,84,86,62
2268,Quentin Miller,Civil,23,81,87,63
2269,Alice Miller,Civil,23,80,90,76
2270,Nina Taylor,Electronics,20,89,95,68
2271,Michael Brown,Computer Science,23,94,84,84
2272,Alice Taylor,Computer Science,24,83,85,84
2273,Charlie Martinez,Information Technology,21,51,85,99
2274,Laura Smith,Computer Science,25,88,88,70
2275,Alice Brown,Electronics,21,80,91,99
2276,Rachel Anderson,Data Science,21,87,76,68
2277,Kevin Garcia,Information Technology,22,72,74,65
2278,Michael Anderson,Electronics,22,51,90,69
2279,Kevin Taylor,Information Technology,24,66,79,69
2280,Grace Davis,Mechanical,25,67,86,94
2281,Quentin Taylor,Computer Science,22,53,77,79
2282,Laura Williams,Computer Science,21,63,82,83
2283,Michael Williams,Mechanical,19,50,84,75
2284,Bob Miller,Mechanical,24,99,64,86
2285,Nina Garcia,Electronics,24,67,89,95
2286,Rachel Johnson,Computer Science,20,64,68,60
2287,Quentin Anderson,Electronics,22,68,73,52
2288,Helen Martinez,Mechanical,25,58,81,96
2289,Laura Smith,Computer Science,19,74,87,89
2290,Julia Smith,Computer Science,18,62,84,78
2291,Kevin Davis,Electronics,18,68,62,95
2292,David Martinez,Civil,21,53,87,90
2293,Alice Martinez,Data Science,20,69,79,95
2294,Quentin Smith,Information Technology,21,81,87,65
2295,Oscar Brown,Information Technology,25,61,82,91
2296,Tina Williams,Information Technology,18,91,81,95
2297,Eva Garcia,Civil,23,58,66,91
2298,Quentin Smith,Computer Science,21,81,82,94
2299,Frank Taylor,Civil,24,77,68,75
2300,Frank Garcia,Civil,25,52,95,69
2301,Tina Davis,Computer Science,24,64,86,71
2302,Paula Garcia,Information Technology,25,62,85,77
2303,Bob Anderson,Computer Science,24,93,93,68
2304,Michael Miller,Mechanical,24,52,84,88
2305,Nina Martinez,Computer Science,21,80,68,73
2306,Charlie Miller,Data Science,22,92,68,90
2307,Laura Anderson,Computer Science,19,75,74,78
2308,Kevin Miller,Computer Science,20,99,85,52
2309,Quentin Williams,Computer Science,18,91,89,61
2310,Helen Smith,Computer Science,24,100,75,79
2311,Quentin Miller,Electronics,20,95,89,66
2312,Paula Williams,Computer Science,19,62,64,85
2313,Rachel Johnson,Information Technology,20,70,95,79
2314,Kevin Smith,Civil,18,79,85,97
2315,Bob Brown,Civil,22,59,70,75
2316,Michael Miller,Information Technology,19,59,89,90
2317,Alice Miller,Civil,24,58,79,72
2318,Ivan Davis,Mechanical,24,89,98,70
2319,Grace Garcia,Data Science,19,68,95,93
2320,Ivan Brown,Electronics,22,81,91,93
2321,Alice Davis,Computer Science,20,89,68,89
2322,Frank Anderson,Electronics,22,81,96,88
2323,Bob Williams,Civil,21,68,83,74
2324,Julia Miller,Information Technology,25,92,72,78
2325,Alice Taylor,Civil,24,69,77,69
2326,Helen Miller,Electronics,21,50,97,95
2327,Eva Brown,Mechanical,20,85,79,51
2328,Paula Martinez,Information Technology,21,92,91,76
2329,Ivan Taylor,Civil,21,63,92,90
2330,David Williams,Civil,21,89,83,59
2331,Nina Brown,Information Technology,19,70,87,51
2332,Paula Williams,Mechanical,21,57,63,87
2333,Michael Martinez,Electronics,23,82,95,58
2334,Quentin Anderson,Civil,18,60,85,54
2335,Ivan Garcia,Civil,18,91,79,64
2336,Kevin Anderson,Civil,19,76,99,79
2337,Charlie Johnson,Electronics,18,65,94,60
2338,Eva Davis,Data Science,23,97,74,75
2339,Quentin Smith,Information Technology,21,56,95,76
2340,Paula Taylor,Data Science,22,53,96,59
2341,Laura Anderson,Mechanical,20,81,67,93
2342,Ivan Miller,Electronics,22,81,80,82
2343,Julia Davis,Electronics,21,51,90,67
2344,Helen Johnson,Computer Science,21,72,84,65
2345,Rachel Taylor,Information Technology,21,76,100,79
2346,Ivan Miller,Civil,18,67,72,73
2347,Michael Martinez,Computer Science,21,74,90,81
2348,Kevin Miller,Electronics,24,94,62,65
2349,Frank Martinez,Mechanical,19,95,91,98
2350,Eva Smith,Mechanical,21,54,90,78
2351,David Taylor,Mechanical,19,89,87,80
2352,Rachel Taylor,Electronics,22,54,86,94
2353,Alice Miller,Mechanical,23,54,68,67
2354,Charlie Taylor,Information Technology,24,62,70,98
2355,Charlie Brown,Computer Science,24,57,99,73
2356,Rachel Brown,Information Technology,21,87,96,80
2357,Frank Johnson,Information Technology,22,59,94,65
2358,Kevin Garcia,Data Science,23,88,76,64
2359,Tina Garcia,Data Science,19,100,94,95
2360,Helen Brown,Information Technology,24,58,94,94
2361,Paula Davis,Information Technology,25,69,93,84
2362,Bob Smith,Data Science,24,59,97,85
2363,Frank Martinez,Information Technology,22,61,96,89
2364,Bob Williams,Data Science,18,66,85,57
2365,Tina Taylor,Electronics,19,81,91,82
2366,Rachel Anderson,Electronics,19,87,73,55
2367,Frank Williams,Mechanical,23,73,65,94
2368,Quentin Williams,Civil,22,76,84,73
2369,Michael Johnson,Data Science,21,67,93,99
2370,Paula Williams,Civil,25,94,78,74
2371,Charlie Brown,Information Technology,20,84,71,54
2372,Michael Brown,Information Technology,22,54,73,83
2373,Oscar Miller,Mechanical,25,50,65,79
2374,Quentin Martinez,Data Science,23,97,76,94
2375,Kevin Brown,Electronics,23,83,93,98
2376,Rachel Brown,Information Technology,21,62,76,78
2377,Nina Brown,Data Science,25,84,98,88
2378,Alice Miller,Mechanical,23,57,87,94
2379,Julia Martinez,Mechanical,25,50,76,54
2380,Ivan Miller,Data Science,19,59,96,73
2381,Grace Smith,Mechanical,23,51,73,92
2382,Alice Garcia,Civil,18,77,73,89
2383,Paula Garcia,Data Science,23,75,64,76
2384,Kevin Anderson,Computer Science,18,51,85,88
2385,Eva Martinez,Civil,18,66,86,77
2386,Alice Miller,Data Science,24,94,94,96
2387,Grace Garcia,Electronics,25,55,74,76
2388,Eva Davis,Data Science,21,92,81,53
2389,Bob Miller,Data Science,21,94,67,54
2390,Laura Smith,Computer Science,18,87,82,93
2391,Kevin Anderson,Civil,23,64,76,92
2392,Quentin Davis,Data Science,21,84,73,89
2393,Paula Smith,Mechanical,23,83,71,78
2394,Laura Davis,Data Science,21,85,97,65
2395,Alice Brown,Data Science,20,93,88,80
2396,Alice Williams,Data Science,20,91,76,90
2397,David Martinez,Electronics,23,55,92,91
2398,David Williams,Computer Science,18,90,81,51
2399,Alice Garcia,Civil,20,73,100,61
2400,Grace Davis,Information Technology,25,68,70,57
2401,Paula Garcia,Data Science,22,57,61,67
2402,Steve Williams,Computer Science,25,92,97,76
2403,Bob Taylor,Data Science,21,86,85,70
2404,Michael Martinez,Data Science,20,87,70,92
2405,Alice Martinez,Information Technology,24,74,75,76
2406,Alice Anderson,Civil,23,91,93,97
2407,Paula Martinez,Civil,25,66,70,67
2408,Rachel Miller,Information Technology,25,80,79,71
2409,Grace Miller,Computer Science,20,87,86,88
2410,Tina Miller,Data Science,23,52,86,71
2411,Charlie Smith,Mechanical,20,64,70,56
2412,David Davis,Mechanical,22,94,98,60
2413,Eva Martinez,Civil,21,71,84,85
2414,Alice Taylor,Electronics,19,78,70,69
2415,Rachel Davis,Mechanical,21,51,77,55
2416,Bob Martinez,Civil,22,74,84,76
2417,Quentin Johnson,Electronics,23,54,80,86
2418,Tina Williams,Civil,19,83,93,62
2419,Michael Johnson,Computer Science,25,65,73,95
2420,Eva Miller,Information Technology,19,74,93,100
2421,Oscar Brown,Electronics,19,90,69,50
2422,Laura Williams,Data Science,19,67,70,73
2423,Kevin Johnson,Computer Science,21,100,75,62
2424,Rachel Johnson,Information Technology,21,83,95,73
2425,Nina Garcia,Information Technology,23,93,80,100
2426,Frank Martinez,Electronics,20,92,95,84
2427,Paula Garcia,Computer Science,23,69,83,93
2428,Laura Martinez,Computer Science,25,92,66,69
2429,Frank Miller,Computer Science,25,77,71,67
2430,Alice Anderson,Information Technology,25,85,73,91
2431,Oscar Williams,Computer Science,23,67,96,94
2432,Helen Johnson,Mechanical,22,83,98,100
2433,Nina Taylor,Data Science,18,89,89,51
2434,Grace Johnson,Information Technology,18,79,76,91
2435,Grace Garcia,Data Science,25,88,88,60
2436,Laura Brown,Electronics,19,94,87,58
2437,Ivan Johnson,Data Science,22,74,76,52
2438,Paula Martinez,Civil,20,75,77,98
2439,Ivan Johnson,Civil,21,68,94,65
2440,Steve Taylor,Electronics,18,51,63,78
2441,Bob Martinez,Mechanical,20,50,72,71
2442,Julia Garcia,Electronics,25,53,75,63
2443,Tina Miller,Computer Science,22,81,79,81
2444,Frank Taylor,Information Technology,18,53,66,81
2445,Nina Taylor,Computer Science,18,58,77,99
2446,Charlie Anderson,Civil,21,77,70,74
2447,Nina Miller,Data Science,24,87,64,93
2448,Laura Taylor,Mechanical,21,69,98,88
2449,Michael Smith,Data Science,20,52,81,83
2450,Quentin Davis,Computer Science,19,67,67,68
2451,Michael Taylor,Data Science,18,71,88,100
2452,Paula Taylor,Information Technology,22,74,69,96
2453,Helen Williams,Civil,22,77,67,82
2454,Charlie Brown,Computer Science,19,59,80,71
2455,Quentin Williams,Data Science,22,95,95,58
2456,Quentin Miller,Mechanical,23,70,96,58
2457,Bob Williams,Information Technology,25,69,64,79
2458,Charlie Miller,Civil,21,84,90,97
2459,Grace Davis,Electronics,19,70,65,52
2460,Laura Brown,Civil,24,64,92,93
2461,Nina Anderson,Computer Science,18,68,100,56
2462,Eva Martinez,Electronics,20,82,81,65
2463,Helen Taylor,Information Technology,20,54,92,63
2464,Oscar Taylor,Civil,23,92,75,60
2465,Nina Garcia,Information Technology,24,54,93,87
2466,Laura Martinez,Electronics,19,87,70,98
2467,Frank Taylor,Data Science,22,51,70,82
2468,Julia Miller,Mechanical,20,52,78,93
2469,Tina Anderson,Electronics,20,73,85,95
2470,Rachel Martinez,Electronics,21,65,99,83
2471,Alice Smith,Data Science,23,79,77,93
2472,Nina Garcia,Civil,25,57,86,86
2473,David Williams,Computer Science,23,75,88,93
2474,Steve Brown,Mechanical,25,84,90,97
2475,Quentin Johnson,Mechanical,18,96,64,69
2476,Rachel Martinez,Data Science,23,72,61,74
2477,Michael Brown,Mechanical,23,52,79,99
2478,Kevin Smith,Mechanical,25,91,89,60
2479,David Johnson,Data Science,20,73,91,79
2480,Bob Johnson,Data Science,22,74,93,93
2481,Ivan Miller,Information Technology,24,86,96,94
2482,Eva Davis,Data Science,19,77,98,85
2483,Oscar Brown,Data Science,24,84,63,77
2484,Bob Garcia,Data Science,18,82,84,95
2485,Oscar Martinez,Data Science,24,93,89,88
2486,Tina Williams,Computer Science,23,71,63,51
2487,Laura Taylor,Electronics,18,81,98,75
2488,Nina Taylor,Information Technology,24,85,69,66
2489,Nina Davis,Mechanical,18,97,94,79
2490,David Davis,Electronics,25,76,82,71
2491,Charlie Taylor,Electronics,24,52,64,63
2492,Paula Taylor,Computer Science,23,75,96,63
2493,Tina Anderson,Computer Science,24,84,92,77
2494,Steve Davis,Electronics,21,72,90,88
2495,Julia Johnson,Computer Science,18,100,76,56
2496,Paula Williams,Mechanical,24,89,68,92
2497,Laura Miller,Computer Science,21,87,64,80
2498,Kevin Brown,Electronics,22,92,85,54
2499,Paula Miller,Electronics,20,72,67,57
2500,Michael Garcia,Data Science,21,56,84,86
2501,Tina Anderson,Information Technology,21,75,92,87
2502,David Davis,Information Technology,25,67,73,92
2503,Eva Smith,Civil,24,98,61,55
2504,Michael Garcia,Mechanical,24,52,100,51
2505,Oscar Garcia,Computer Science,21,53,100,58
2506,Tina Taylor,Civil,18,53,81,51
2507,Frank Brown,Data Science,23,89,70,94
2508,Helen Brown,Data Science,24,63,75,62
2509,Frank Smith,Mechanical,23,54,85,69
2510,Quentin Anderson,Civil,18,82,80,83
2511,Eva Williams,Electronics,19,94,93,73
2512,Laura Anderson,Computer Science,18,54,81,87
2513,Quentin Miller,Civil,18,65,66,98
2514,Quentin Miller,Civil,23,99,83,92
2515,Laura Garcia,Computer Science,22,92,99,72
2516,Tina Martinez,Civil,18,81,61,69
2517,Helen Miller,Information Technology,22,81,91,60
2518,Grace Martinez,Data Science,24,98,86,94
2519,Alice Brown,Computer Science,23,65,71,82
2520,Eva Anderson,Civil,18,52,68,91
2521,Rachel Anderson,Computer Science,22,93,82,99
2522,Nina Miller,Computer Science,23,52,78,73
2523,Michael Taylor,Computer Science,25,69,64,74
2524,Tina Taylor,Civil,25,64,81,81
2525,David Smith,Data Science,23,66,79,71
2526,Tina Martinez,Computer Science,24,53,61,76
2527,Steve Brown,Electronics,25,54,99,61
2528,Laura Miller,Computer Science,20,52,61,93
2529,Kevin Garcia,Mechanical,24,84,73,87
2530,Helen Johnson,Computer Science,24,79,63,85
2531,Bob Taylor,Computer Science,21,60,96,87
2532,David Anderson,Electronics,25,59,80,59
2533,Oscar Davis,Electronics,21,98,89,65
2534,Julia Davis,Civil,19,58,80,77
2535,David Brown,Data Science,25,53,68,87
2536,Julia Anderson,Data Science,19,85,93,98
2537,Grace Davis,Data Science,20,65,67,87
2538,Paula Miller,Computer Science,20,86,78,88
2539,Rachel Davis,Electronics,24,86,79,86
2540,Charlie Johnson,Information Technology,20,52,67,97
2541,David Garcia,Electronics,19,51,91,64
2542,Ivan Brown,Computer Science,23,99,76,61
2543,Julia Garcia,Information Technology,21,88,88,53
2544,Rachel Anderson,Computer Science,18,58,66,89
2545,Bob Miller,Civil,19,57,73,83
2546,Julia Brown,Computer Science,20,77,60,63
2547,Grace Garcia,Data Science,22,85,74,61
2548,Eva Smith,Computer Science,19,72,95,91
2549,Bob Brown,Data Science,22,95,66,67
2550,Paula Anderson,Information Technology,24,85,61,84
2551,Kevin Smith,Computer Science,24,99,66,93
2552,Grace Johnson,Data Science,22,82,86,81
2553,Michael Martinez,Electronics,21,78,80,69
2554,Charlie Taylor,Civil,25,71,75,93
2555,Rachel Smith,Information Technology,19,75,86,52
2556,Nina Williams,Civil,23,67,66,91
2557,Frank Anderson,Data Science,22,53,98,68
2558,Oscar Taylor,Information Technology,21,80,89,94
2559,Michael Brown,Computer Science,22,68,73,87
2560,Laura Davis,Mechanical,20,85,65,50
2561,Bob Miller,Computer Science,18,93,98,59
2562,Charlie Smith,Electronics,24,99,76,93
2563,Tina Williams,Data Science,19,86,69,96
2564,Oscar Anderson,Mechanical,23,78,98,57
2565,Laura Taylor,Data Science,22,93,85,96
2566,Steve Davis,Civil,20,91,66,72
2567,Charlie Smith,Civil,22,52,77,53
2568,Helen Garcia,Data Science,20,95,66,89
2569,Paula Smith,Civil,24,51,81,85
2570,Quentin Smith,Data Science,23,66,86,95
2571,Bob Taylor,Mechanical,22,63,89,68
2572,Bob Taylor,Computer Science,21,60,72,91
2573,Ivan Smith,Computer Science,23,68,67,50
2574,Laura Martinez,Data Science,19,82,79,74
2575,Michael Garcia,Mechanical,22,55,75,74
2576,Rachel Miller,Electronics,22,64,60,81
2577,Ivan Miller,Computer Science,20,100,86,50
2578,Alice Davis,Mechanical,22,69,68,70
2579,Oscar Miller,Electronics,18,50,100,61
2580,Laura Smith,Computer Science,23,90,93,86
2581,Quentin Williams,Mechanical,18,56,82,59
2582,Rachel Williams,Computer Science,23,85,63,78
2583,Charlie Taylor,Computer Science,21,54,94,51
2584,Grace Anderson,Electronics,18,81,97,86
2585,Grace Brown,Mechanical,18,62,72,85
2586,Bob Smith,Computer Science,24,67,84,81
2587,Rachel Smith,Information Technology,24,93,84,95
2588,Steve Garcia,Data Science,22,68,70,62
2589,Quentin Johnson,Data Science,21,95,90,77
2590,David Martinez,Mechanical,19,85,78,63
2591,Michael Brown,Information Technology,21,61,78,76
2592,Charlie Johnson,Civil,25,74,83,89
2593,Bob Davis,Data Science,23,85,61,61
2594,Frank Martinez,Computer Science,19,97,76,53
2595,Oscar Taylor,Electronics,25,100,96,68
2596,Rachel Garcia,Computer Science,18,50,91,85
2597,Alice Smith,Electronics,20,92,77,99
2598,Eva Miller,Electronics,21,99,97,92
2599,Grace Johnson,Civil,18,89,75,62
2600,David Johnson,Electronics,19,58,71,55
2601,Kevin Miller,Computer Science,24,89,79,94
2602,Nina Johnson,Civil,25,74,98,76
2603,Kevin Miller,Computer Science,24,91,62,88
2604,Bob Anderson,Mechanical,22,65,62,56
2605,Alice Miller,Civil,23,77,82,63
2606,Tina Anderson,Civil,19,90,73,99
2607,Julia Johnson,Electronics,19,63,83,66
2608,Steve Miller,Civil,25,81,60,72
2609,Frank Davis,Electronics,21,69,98,92
2610,Helen Taylor,Mechanical,18,55,99,74
2611,Alice Smith,Information Technology,22,88,70,67
2612,Oscar Garcia,Electronics,20,96,87,81
2613,Ivan Smith,Data Science,25,64,90,84
2614,Steve Smith,Computer Science,23,72,72,54
2615,Grace Williams,Information Technology,23,64,63,89
2616,Helen Davis,Computer Science,23,51,80,75
2617,Oscar Davis,Data Science,21,92,71,78
2618,Grace Smith,Civil,19,59,90,80
2619,Eva Johnson,Computer Science,21,73,98,86
2620,David Taylor,Computer Science,20,85,68,79
2621,Tina Smith,Data Science,20,82,98,71
2622,Ivan Williams,Data Science,23,94,81,67
2623,Eva Davis,Data Science,18,68,78,51
2624,Ivan Anderson,Mechanical,18,67,63,54
2625,Michael Johnson,Civil,21,64,85,84
2626,David Brown,Mechanical,18,90,66,75
2627,Steve Anderson,Civil,25,68,100,96
2628,Frank Miller,Electronics,21,98,84,64
2629,Quentin Taylor,Mechanical,25,51,66,53
2630,Nina Brown,Computer Science,21,91,83,95
2631,Helen Garcia,Data Science,20,87,80,55
2632,Julia Johnson,Civil,21,93,82,73
2633,Michael Anderson,Data Science,22,73,86,63
2634,Charlie Taylor,Computer Science,19,87,93,82
2635,Ivan Williams,Electronics,22,72,64,68
2636,Nina Brown,Data Science,21,98,63,74
2637,Bob Smith,Electronics,19,69,84,92
2638,Tina Smith,Data Science,18,63,95,90
2639,Kevin Martinez,Computer Science,20,93,72,90
2640,Quentin Brown,Data Science,24,69,86,90
2641,Charlie Williams,Data Science,25,54,76,90
2642,Bob Garcia,Data Science,21,95,77,75
2643,Quentin Davis,Computer Science,21,52,78,74
2644,Frank Brown,Civil,23,88,67,53
2645,Steve Williams,Civil,20,84,78,56
2646,Eva Anderson,Electronics,24,56,95,58
2647,Rachel Anderson,Computer Science,25,90,80,98
2648,Rachel Anderson,Information Technology,25,91,94,78
2649,Quentin Johnson,Electronics,21,97,95,94
2650,Charlie Martinez,Electronics,21,91,65,80
2651,Ivan Johnson,Information Technology,25,76,89,75
2652,Ivan Miller,Electronics,24,76,99,86
2653,Charlie Williams,Information Technology,18,87,80,69
2654,Kevin Brown,Electronics,25,90,79,84
2655,Helen Anderson,Civil,20,78,98,62
2656,Alice Williams,Civil,19,95,88,72
2657,Quentin Brown,Computer Science,24,78,87,80
2658,Alice Martinez,Mechanical,23,99,83,51
2659,Ivan Brown,Mechanical,19,59,90,79
2660,Oscar Brown,Information Technology,24,95,82,72
2661,Quentin Anderson,Electronics,25,69,97,78
2662,Grace Garcia,Mechanical,20,78,94,63
2663,Helen Anderson,Civil,22,77,68,83
2664,Julia Smith,Civil,21,75,92,83
2665,Kevin Anderson,Mechanical,19,74,63,66
2666,Ivan Williams,Electronics,18,82,61,84
2667,Bob Davis,Data Science,25,79,72,54
2668,Julia Taylor,Information Technology,24,82,91,69
2669,Julia Johnson,Electronics,23,95,98,82
2670,Charlie Miller,Electronics,20,85,77,83
2671,David Anderson,Electronics,23,53,60,85
2672,Laura Brown,Computer Science,20,64,96,52
2673,Frank Anderson,Civil,23,71,89,53
2674,Alice Smith,Electronics,25,53,71,66
2675,Frank Smith,Electronics,21,56,90,100
2676,Ivan Smith,Information Technology,21,57,80,53
2677,Alice Taylor,Information Technology,19,86,83,95
2678,Steve Martinez,Information Technology,21,55,91,85
2679,Grace Miller,Computer Science,23,73,67,83
2680,Charlie Smith,Mechanical,18,100,85,56
2681,Paula Anderson,Data Science,25,87,73,78
2682,Tina Brown,Civil,21,92,90,52
2683,Alice Taylor,Computer Science,19,99,60,98
2684,Eva Martinez,Data Science,19,53,82,93
2685,Paula Anderson,Mechanical,24,69,81,75
2686,Helen Johnson,Data Science,19,69,82,69
2687,David Garcia,Computer Science,19,96,84,75
2688,Michael Miller,Electronics,19,98,93,57
2689,Charlie Johnson,Data Science,20,90,65,54
2690,Tina Johnson,Computer Science,20,54,68,68
2691,Kevin Garcia,Civil,18,66,87,68
2692,Eva Johnson,Mechanical,18,54,96,92
2693,Paula Williams,Information Technology,19,60,97,62
2694,Paula Brown,Mechanical,18,87,90,64
2695,Paula Davis,Mechanical,21,80,71,82
2696,Paula Garcia,Electronics,23,84,85,99
2697,Bob Johnson,Mechanical,25,99,90,80
2698,Frank Williams,Electronics,18,98,70,73
2699,Tina Williams,Information Technology,22,85,88,92
2700,Helen Davis,Mechanical,24,51,100,100
2701,Quentin Garcia,Civil,22,88,73,97
2702,Quentin Taylor,Information Technology,18,84,83,83
2703,Rachel Smith,Computer Science,21,55,79,61
2704,Oscar Brown,Electronics,21,93,64,84
2705,Nina Taylor,Computer Science,18,86,100,69
2706,Tina Garcia,Mechanical,21,94,68,81
2707,Quentin Davis,Information Technology,20,64,72,64
2708,Laura Anderson,Electronics,25,54,87,66
2709,Charlie Miller,Data Science,18,74,93,65
2710,Tina Brown,Data Science,21,99,71,51
2711,Grace Garcia,Information Technology,19,92,75,71
2712,Grace Johnson,Data Science,24,85,73,81
2713,Steve Johnson,Civil,19,97,97,85
2714,Michael Davis,Mechanical,23,68,70,98
2715,Eva Williams,Computer Science,21,51,76,71
2716,Oscar Garcia,Information Technology,21,78,71,56
2717,Nina Taylor,Civil,25,60,75,90
2718,Rachel Miller,Mechanical,25,59,75,84
2719,Alice Brown,Data Science,18,60,89,59
2720,Kevin Miller,Data Science,24,54,93,78
2721,Nina Garcia,Mechanical,24,81,76,79
2722,Steve Smith,Mechanical,24,68,64,73
2723,Kevin Williams,Civil,22,57,78,65
2724,Kevin Anderson,Information Technology,23,99,70,66
2725,Kevin Garcia,Computer Science,24,53,78,65
2726,Helen Brown,Electronics,19,65,71,69
2727,Eva Anderson,Data Science,21,96,64,56
2728,Helen Martinez,Information Technology,25,73,84,78
2729,Paula Brown,Computer Science,20,52,90,62
2730,Julia Martinez,Computer Science,24,72,79,58
2731,Rachel Taylor,Data Science,19,60,67,58
2732,Steve Johnson,Data Science,25,68,78,71
2733,Helen Smith,Civil,23,61,97,76
2734,Charlie Garcia,Electronics,24,61,97,62
2735,Rachel Johnson,Computer Science,24,78,62,84
2736,Michael Brown,Civil,22,61,65,88
2737,Tina Johnson,Mechanical,22,95,68,79
2738,David Johnson,Mechanical,18,69,63,74
2739,Oscar Garcia,Civil,21,81,88,88
2740,Laura Miller,Information Technology,21,95,96,80
2741,Helen Taylor,Information Technology,19,63,70,57
2742,Helen Garcia,Electronics,18,63,68,94
2743,Kevin Taylor,Information Technology,25,61,60,66
2744,Frank Garcia,Civil,25,51,93,75
2745,Steve Anderson,Civil,21,70,95,64
2746,Steve Smith,Information Technology,25,82,62,68
2747,Julia Johnson,Information Technology,19,61,99,76
2748,Michael Miller,Data Science,21,89,75,77
2749,Steve Garcia,Civil,20,83,66,72
2750,Charlie Anderson,Mechanical,22,59,87,62
2751,Nina Miller,Information Technology,21,56,68,88
2752,Eva Garcia,Civil,21,81,82,85
2753,Eva Williams,Mechanical,22,91,87,51
2754,Steve Taylor,Data Science,23,100,74,72
2755,Grace Brown,Data Science,22,62,93,92
2756,Bob Davis,Electronics,23,66,69,93
2757,Oscar Miller,Electronics,19,53,84,85
2758,Julia Taylor,Civil,23,95,61,90
2759,David Garcia,Mechanical,21,87,84,99
2760,Rachel Miller,Computer Science,20,65,98,81
2761,Quentin Smith,Electronics,22,74,60,64
2762,Rachel Martinez,Mechanical,18,91,67,65
2763,Bob Smith,Civil,23,72,69,77
2764,Kevin Miller,Civil,23,58,97,95
2765,Frank Brown,Data Science,22,95,70,78
2766,Bob Miller,Civil,21,65,99,53
2767,Nina Anderson,Electronics,22,95,77,61
2768,Michael Williams,Computer Science,21,54,62,95
2769,Oscar Taylor,Civil,20,87,96,60
2770,Nina Martinez,Data Science,21,63,83,92
2771,Oscar Martinez,Information Technology,21,65,97,69
2772,Laura Williams,Computer Science,21,56,99,54
2773,Quentin Miller,Information Technology,20,72,65,98
2774,Ivan Taylor,Computer Science,19,82,64,63
2775,Ivan Garcia,Electronics,20,98,80,60
2776,Julia Smith,Electronics,22,78,87,50
2777,Ivan Martinez,Electronics,23,74,97,56
2778,Frank Davis,Electronics,18,79,74,60
2779,Quentin Martinez,Mechanical,23,86,85,100
2780,Oscar Garcia,Data Science,19,75,69,66
2781,Michael Anderson,Mechanical,20,87,69,81
2782,Kevin Brown,Information Technology,18,81,87,92
2783,Laura Davis,Mechanical,24,56,92,75
2784,Julia Brown,Mechanical,21,77,98,83
2785,Julia Garcia,Data Science,19,66,98,98
2786,David Williams,Electronics,24,64,77,71
2787,Frank Anderson,Civil,19,90,84,68
2788,David Miller,Data Science,18,75,98,65
2789,Frank Martinez,Data Science,24,81,71,50
2790,Charlie Martinez,Information Technology,18,65,95,89
2791,Charlie Anderson,Computer Science,24,97,100,75
2792,Laura Miller,Electronics,20,50,61,90
2793,Quentin Garcia,Data Science,25,62,70,76
2794,Quentin Martinez,Electronics,23,90,77,65
2795,Rachel Martinez,Data Science,23,92,84,92
2796,Alice Davis,Data Science,19,96,66,97
2797,Laura Taylor,Data Science,24,70,90,50
2798,Grace Anderson,Electronics,18,67,91,65
2799,Michael Martinez,Mechanical,25,68,76,89
2800,Bob Anderson,Civil,20,90,66,66
2801,Michael Martinez,Civil,19,66,71,98
2802,Helen Martinez,Electronics,22,54,67,69
2803,Paula Smith,Electronics,25,68,79,54
2804,Rachel Brown,Civil,20,74,61,81
2805,Frank Taylor,Electronics,25,76,84,57
2806,Charlie Garcia,Information Technology,25,70,80,76
2807,Rachel Brown,Electronics,20,55,97,62
2808,Tina Smith,Civil,25,87,71,66
2809,Grace Taylor,Information Technology,23,98,69,98
2810,Kevin Martinez,Civil,24,77,79,99
2811,Helen Brown,Civil,21,73,86,70
2812,Laura Anderson,Data Science,18,89,84,83
2813,Frank Williams,Computer Science,18,93,85,81
2814,Kevin Johnson,Computer Science,20,89,70,81
2815,Alice Miller,Information Technology,18,58,97,86
2816,Helen Miller,Electronics,21,84,86,69
2817,Steve Martinez,Computer Science,22,54,90,89
2818,Alice Garcia,Civil,25,97,99,68
2819,Steve Martinez,Data Science,24,98,79,74
2820,Charlie Miller,Computer Science,23,76,79,57
2821,Michael Smith,Computer Science,19,90,67,96
2822,Oscar Williams,Information Technology,22,92,80,62
2823,Eva Smith,Information Technology,21,96,66,64
2824,Helen Williams,Data Science,18,70,79,74
2825,David Garcia,Mechanical,25,93,98,71
2826,Grace Miller,Information Technology,20,100,72,93
2827,Helen Brown,Data Science,20,92,97,63
2828,Oscar Garcia,Mechanical,20,58,73,64
2829,Bob Johnson,Civil,25,78,75,98
2830,Quentin Johnson,Civil,20,69,99,86
2831,Bob Williams,Electronics,21,50,99,87
2832,Charlie Martinez,Information Technology,21,92,98,80
2833,Laura Johnson,Mechanical,23,64,89,98
2834,Grace Johnson,Electronics,19,52,93,87
2835,David Garcia,Mechanical,21,88,78,82
2836,Laura Taylor,Mechanical,23,50,61,61
2837,Laura Taylor,Mechanical,22,81,62,90
2838,Frank Davis,Information Technology,25,89,80,53
2839,Helen Miller,Computer Science,24,64,89,51
2840,Paula Williams,Mechanical,22,85,77,81
2841,Bob Brown,Electronics,21,54,95,97
2842,Steve Williams,Computer Science,20,83,91,99
2843,Michael Garcia,Civil,22,72,71,53
2844,Nina Brown,Computer Science,24,59,66,51
2845,Paula Taylor,Data Science,21,69,90,58
2846,Kevin Johnson,Electronics,22,73,76,98
2847,Paula Miller,Information Technology,24,51,96,95
2848,Alice Johnson,Information Technology,24,84,68,96
2849,Steve Garcia,Information Technology,19,61,77,50
2850,Bob Williams,Data Science,23,51,97,84
2851,Paula Martinez,Computer Science,21,70,99,77
2852,Bob Taylor,Mechanical,21,67,67,63
2853,Quentin Anderson,Computer Science,25,57,87,55
2854,Bob Martinez,Data Science,20,89,86,58
2855,Steve Brown,Information Technology,24,81,73,62
2856,Nina Taylor,Mechanical,24,56,87,77
2857,Paula Anderson,Information Technology,24,54,89,73
2858,Bob Miller,Information Technology,20,92,93,59
2859,Frank Johnson,Mechanical,21,76,60,89
2860,Ivan Williams,Mechanical,19,62,90,54
2861,Helen Johnson,Data Science,20,93,70,83
2862,Julia Miller,Electronics,18,92,66,97
2863,Paula Martinez,Civil,20,67,79,79
2864,Oscar Smith,Electronics,24,70,68,79
2865,Tina Taylor,Information Technology,25,98,86,73
2866,Tina Taylor,Mechanical,25,56,85,89
2867,Alice Johnson,Computer Science,23,61,75,74
2868,Julia Garcia,Civil,22,100,100,91
2869,Kevin Williams,Electronics,20,63,73,86
2870,Michael Anderson,Data Science,22,59,83,63
2871,Eva Davis,Data Science,18,52,90,68
2872,Eva Miller,Civil,20,61,69,60
2873,Rachel Davis,Data Science,23,59,88,51
2874,Frank Martinez,Data Science,22,81,69,87
2875,Frank Garcia,Electronics,19,51,81,90
2876,David Johnson,Civil,22,90,89,61
2877,Julia Davis,Civil,22,50,67,83
2878,David Smith,Data Science,21,85,86,59
2879,Tina Smith,Data Science,21,80,97,60
2880,Ivan Smith,Data Science,21,70,65,95
2881,Laura Smith,Data Science,18,66,88,67
2882,Frank Miller,Civil,23,65,66,57
2883,Steve Williams,Mechanical,24,91,66,95
2884,David Brown,Mechanical,23,54,84,73
2885,Helen Martinez,Mechanical,25,64,77,91
2886,Charlie Miller,Information Technology,18,83,97,99
2887,Charlie Johnson,Computer Science,25,51,61,85
2888,Paula Martinez,Civil,20,51,88,51
2889,Oscar Davis,Civil,21,97,62,55
2890,Nina Smith,Data Science,20,52,78,96
2891,Ivan Miller,Computer Science,23,99,95,55
2892,Ivan Smith,Information Technology,19,88,78,68
2893,Paula Anderson,Information Technology,18,69,66,97
2894,Steve Martinez,Computer Science,18,68,65,74
2895,Charlie Anderson,Data Science,18,60,83,78
2896,Paula Taylor,Civil,20,74,61,64
2897,Kevin Davis,Data Science,20,56,74,67
2898,Julia Johnson,Mechanical,23,91,72,51
2899,Tina Garcia,Information Technology,22,62,87,64
2900,Quentin Anderson,Information Technology,18,56,69,73
2901,Bob Davis,Data Science,19,55,67,65
2902,Quentin Johnson,Computer Science,24,76,85,94
2903,Kevin Miller,Electronics,18,92,86,86
2904,Oscar Miller,Electronics,24,69,73,86
2905,Alice Johnson,Information Technology,25,86,97,83
2906,Julia Miller,Computer Science,19,81,96,96
2907,Steve Brown,Data Science,25,69,92,78
2908,Bob Miller,Data Science,22,94,96,60
2909,Frank Smith,Civil,23,62,65,80
2910,David Williams,Electronics,20,90,96,62
2911,Laura Taylor,Information Technology,21,80,89,100
2912,Eva Anderson,Computer Science,24,51,81,53
2913,Helen Garcia,Mechanical,21,90,60,73
2914,Grace Brown,Data Science,25,97,60,54
2915,Paula Miller,Mechanical,23,79,87,96
2916,Helen Garcia,Electronics,22,67,66,71
2917,Michael Davis,Electronics,25,84,67,100
2918,Paula Anderson,Information Technology,21,82,92,88
2919,David Johnson,Electronics,25,90,82,94
2920,Eva Garcia,Mechanical,24,84,63,91
2921,Nina Davis,Mechanical,22,58,81,74
2922,Rachel Martinez,Electronics,25,56,89,89
2923,Ivan Miller,Information Technology,23,83,86,52
2924,Quentin Taylor,Electronics,25,53,61,72
2925,Bob Johnson,Data Science,20,70,79,52
2926,Laura Smith,Electronics,18,64,99,65
2927,Julia Taylor,Data Science,23,54,89,84
2928,Ivan Miller,Data Science,23,54,74,53
2929,Frank Martinez,Data Science,24,71,92,56
2930,Quentin Garcia,Mechanical,19,52,79,54
2931,Tina Smith,Civil,20,95,96,64
2932,Laura Anderson,Information Technology,21,72,86,77
2933,Rachel Miller,Information Technology,18,62,72,95
2934,Kevin Johnson,Electronics,23,79,81,57
2935,Oscar Miller,Computer Science,19,73,94,88
2936,Rachel Smith,Computer Science,23,68,73,61
2937,Tina Garcia,Data Science,20,61,61,57
2938,Oscar Anderson,Electronics,22,99,81,77
2939,Kevin Miller,Data Science,20,84,64,100
2940,Rachel Martinez,Electronics,25,51,92,77
2941,Laura Brown,Information Technology,18,85,67,73
2942,Eva Smith,Civil,18,78,81,71
2943,Steve Anderson,Data Science,20,66,75,79
2944,Rachel Davis,Mechanical,22,53,67,98
2945,Alice Martinez,Electronics,20,92,78,86
2946,Laura Taylor,Data Science,18,64,74,98
2947,Alice Smith,Mechanical,24,72,77,89
2948,Ivan Anderson,Data Science,18,82,84,58
2949,Quentin Taylor,Information Technology,21,67,94,50
2950,Steve Davis,Information Technology,22,94,84,58
2951,Steve Miller,Mechanical,25,61,96,56
2952,Quentin Taylor,Computer Science,23,79,69,99
2953,Michael Williams,Civil,18,98,67,91
2954,Rachel Martinez,Data Science,19,98,82,87
2955,Michael Johnson,Information Technology,22,57,89,73
2956,Alice Smith,Mechanical,23,56,86,86
2957,Tina Miller,Electronics,18,76,64,95
2958,Bob Brown,Civil,19,52,82,74
2959,Ivan Smith,Mechanical,25,62,86,98
2960,David Anderson,Information Technology,22,85,84,77
2961,Oscar Williams,Electronics,24,65,75,78
2962,Laura Smith,Information Technology,24,60,74,70
2963,Frank Smith,Computer Science,20,79,94,98
2964,Ivan Martinez,Computer Science,19,67,85,57
2965,Oscar Miller,Mechanical,24,86,96,50
2966,Grace Brown,Computer Science,22,77,92,89
2967,Michael Taylor,Mechanical,20,85,81,72
2968,Paula Davis,Mechanical,21,74,84,54
2969,Steve Miller,Civil,25,82,71,57
2970,Grace Taylor,Information Technology,22,59,81,80
2971,Ivan Davis,Data Science,24,75,83,53
2972,Frank Garcia,Data Science,20,78,98,88
2973,Grace Williams,Civil,25,62,67,77
2974,Michael Taylor,Mechanical,22,53,72,55
2975,Michael Miller,Information Technology,19,83,68,58
2976,David Brown,Information Technology,22,69,84,85
2977,Nina Williams,Data Science,19,59,81,56
2978,David Anderson,Information Technology,23,86,79,52
2979,Nina Brown,Information Technology,18,97,76,83
2980,David Brown,Computer Science,20,78,76,92
2981,Charlie Taylor,Data Science,21,85,96,74
2982,Laura Garcia,Computer Science,21,83,61,90
2983,Paula Brown,Data Science,21,73,94,60
2984,Alice Johnson,Mechanical,25,84,88,61
2985,Grace Garcia,Computer Science,24,66,92,80
2986,Oscar Davis,Computer Science,22,81,84,57
2987,Quentin Brown,Computer Science,19,72,74,88
2988,Tina Martinez,Civil,21,57,99,83
2989,Oscar Smith,Civil,24,58,79,59
2990,Quentin Brown,Mechanical,19,85,89,54
2991,Julia Johnson,Computer Science,21,82,78,69
2992,Helen Johnson,Computer Science,25,82,88,100
2993,Alice Johnson,Civil,21,75,62,62
2994,Michael Taylor,Information Technology,23,87,84,79
2995,Oscar Smith,Computer Science,19,57,66,57
2996,Ivan Taylor,Data Science,23,89,61,90
2997,Charlie Anderson,Electronics,20,51,98,99
2998,Quentin Davis,Computer Science,24,80,100,81
2999,Steve Davis,Computer Science,20,67,64,91
3000,Rachel Garcia,Computer Science,21,60,62,95
3001,Charlie Johnson,Electronics,19,62,100,85
3002,Julia Johnson,Electronics,22,75,72,56
3003,Frank Johnson,Mechanical,18,88,62,97
3004,Steve Johnson,Information Technology,21,69,71,61
3005,Eva Martinez,Mechanical,18,60,93,79
3006,Paula Johnson,Mechanical,22,59,70,78
3007,Michael Martinez,Computer Science,24,88,67,99
3008,Nina Miller,Data Science,19,87,76,79
3009,Steve Brown,Information Technology,18,84,79,93
3010,Ivan Davis,Data Science,23,74,86,61
3011,Frank Garcia,Civil,19,50,96,50
3012,Ivan Anderson,Data Science,25,57,89,92
3013,Charlie Smith,Information Technology,25,74,76,51
3014,Frank Martinez,Computer Science,18,71,88,69
3015,Michael Davis,Electronics,21,79,62,77
3016,Grace Smith,Computer Science,20,93,74,84
3017,Laura Anderson,Civil,20,52,78,53
3018,Alice Garcia,Electronics,19,99,98,86
3019,Steve Johnson,Information Technology,20,81,61,87
3020,Grace Williams,Information Technology,18,73,90,65
3021,Eva Johnson,Information Technology,18,69,90,54
3022,Alice Martinez,Computer Science,19,79,100,88
3023,Alice Taylor,Electronics,19,80,71,87
3024,Bob Smith,Electronics,18,92,70,82
3025,Alice Smith,Computer Science,24,72,97,87
3026,Bob Brown,Data Science,20,88,99,77
3027,Laura Johnson,Data Science,20,78,97,77
3028,Alice Smith,Mechanical,25,65,67,80
3029,Julia Garcia,Data Science,20,61,77,65
3030,Frank Smith,Computer Science,20,70,82,57
3031,Oscar Miller,Civil,22,59,77,54
3032,Frank Miller,Data Science,19,93,62,70
3033,Eva Miller,Mechanical,22,50,89,53
3034,Charlie Miller,Data Science,20,57,76,72
3035,Tina Garcia,Computer Science,22,58,76,76
3036,Grace Garcia,Civil,19,70,79,65
3037,Helen Williams,Electronics,19,50,87,62
3038,Grace Williams,Data Science,25,70,81,84
3039,Grace Anderson,Civil,18,68,77,79
3040,Ivan Taylor,Civil,19,68,77,94
3041,Grace Anderson,Information Technology,25,66,76,79
3042,Paula Martinez,Civil,22,77,60,62
3043,Julia Garcia,Data Science,24,80,81,51
3044,Helen Brown,Computer Science,20,91,95,96
3045,Steve Williams,Computer Science,20,74,86,53
3046,Helen Davis,Computer Science,22,98,83,62
3047,Alice Davis,Information Technology,24,69,93,93
3048,Tina Taylor,Mechanical,23,99,63,60
3049,Kevin Taylor,Electronics,23,60,87,97
3050,Nina Anderson,Computer Science,23,67,87,72
3051,Bob Anderson,Mechanical,22,71,76,66
3052,Michael Anderson,Data Science,21,57,68,79
3053,David Miller,Computer Science,19,91,77,64
3054,Eva Miller,Data Science,24,68,86,61
3055,Grace Martinez,Data Science,24,57,60,72
3056,Alice Johnson,Mechanical,22,87,64,95
3057,Grace Miller,Civil,24,57,98,58
3058,Ivan Anderson,Electronics,18,50,66,71
3059,Oscar Anderson,Computer Science,19,86,72,58
3060,David Garcia,Information Technology,21,97,80,67
3061,Charlie Miller,Computer Science,24,74,68,80
3062,Tina Smith,Data Science,25,89,62,86
3063,Paula Taylor,Information Technology,22,93,65,60
3064,Alice Johnson,Civil,19,68,85,54
3065,Bob Smith,Civil,25,95,76,87
3066,Rachel Anderson,Civil,24,80,85,90
3067,Steve Martinez,Civil,23,60,95,81
3068,Paula Smith,Civil,18,86,93,76
3069,Tina Anderson,Computer Science,25,80,70,54
3070,Laura Davis,Information Technology,18,95,86,59
3071,Paula Davis,Computer Science,24,93,81,57
3072,Alice Johnson,Mechanical,19,82,69,59
3073,Quentin Miller,Computer Science,25,74,61,92
3074,Grace Taylor,Computer Science,25,81,88,79
3075,Frank Johnson,Data Science,23,82,77,57
3076,Rachel Smith,Civil,19,54,68,100
3077,Alice Garcia,Data Science,23,57,78,94
3078,Bob Martinez,Data Science,18,100,80,79
3079,Julia Martinez,Computer Science,19,90,83,87
3080,Alice Williams,Data Science,19,83,81,54
3081,Rachel Taylor,Computer Science,23,58,71,68
3082,Rachel Williams,Information Technology,19,54,62,63
3083,Steve Garcia,Information Technology,25,57,93,83
3084,David Davis,Information Technology,22,58,67,79
3085,Laura Davis,Data Science,24,85,75,77
3086,Kevin Taylor,Data Science,24,50,81,96
3087,Eva Garcia,Electronics,19,87,70,87
3088,Frank Smith,Computer Science,18,98,84,79
3089,Helen Martinez,Data Science,21,91,72,80
3090,Helen Martinez,Mechanical,19,81,62,82
3091,Helen Brown,Civil,19,83,66,99
3092,Grace Brown,Civil,20,65,77,95
3093,Michael Miller,Mechanical,21,63,60,71
3094,Quentin Davis,Information Technology,24,85,65,99
3095,Quentin Anderson,Computer Science,19,100,93,97
3096,Nina Taylor,Electronics,18,52,99,65
3097,Quentin Anderson,Electronics,25,100,80,67
3098,Nina Martinez,Electronics,24,65,76,67
3099,Grace Anderson,Information Technology,25,65,73,50
3100,Eva Garcia,Information Technology,18,80,70,81
3101,Frank Anderson,Computer Science,23,59,91,74
3102,Tina Miller,Computer Science,18,90,79,88
3103,Alice Williams,Mechanical,19,75,90,61
3104,Ivan Taylor,Electronics,18,51,67,73
3105,Julia Davis,Computer Science,23,98,83,84
3106,Laura Smith,Civil,19,92,81,79
3107,Quentin Brown,Computer Science,19,51,95,79
3108,Helen Miller,Information Technology,22,84,78,94
3109,Julia Brown,Computer Science,22,73,81,73
3110,Helen Anderson,Electronics,20,50,92,97
3111,Rachel Johnson,Mechanical,20,98,67,57
3112,Charlie Martinez,Mechanical,21,93,83,63
3113,Quentin Davis,Civil,23,94,65,83
3114,Steve Taylor,Computer Science,25,77,97,88
3115,Nina Williams,Data Science,21,87,86,56
3116,David Davis,Data Science,25,54,63,61
3117,Laura Garcia,Computer Science,23,98,88,80
3118,Steve Taylor,Data Science,18,55,90,94
3119,Kevin Miller,Mechanical,18,87,75,56
3120,Eva Martinez,Information Technology,25,90,66,95
3121,Charlie Smith,Computer Science,22,63,99,80
3122,Oscar Taylor,Information Technology,24,92,77,92
3123,Kevin Williams,Mechanical,19,52,73,53
3124,Tina Johnson,Civil,21,88,100,90
3125,David Brown,Civil,23,98,73,94
3126,Steve Martinez,Mechanical,22,72,93,83
3127,Oscar Smith,Information Technology,21,96,68,74
3128,Bob Johnson,Mechanical,19,97,96,95
3129,Bob Garcia,Data Science,24,71,72,83
3130,Steve Smith,Civil,18,91,80,58
3131,Michael Williams,Civil,20,50,81,85
3132,Nina Johnson,Mechanical,18,57,99,78
3133,Grace Miller,Civil,24,70,81,70
3134,Michael Garcia,Data Science,24,65,68,73
3135,Tina Garcia,Electronics,25,99,89,67
3136,David Brown,Computer Science,22,57,72,94
3137,Frank Anderson,Electronics,25,51,93,76
3138,Julia Smith,Information Technology,18,50,82,58
3139,Tina Johnson,Mechanical,18,95,66,63
3140,Paula Smith,Mechanical,25,73,78,59
3141,Frank Williams,Electronics,24,75,78,92
3142,Bob Martinez,Civil,18,50,79,65
3143,Steve Williams,Mechanical,18,79,72,96
3144,Kevin Smith,Data Science,25,82,63,74
3145,Steve Anderson,Data Science,20,61,66,50
3146,Alice Miller,Data Science,25,93,80,78
3147,Paula Johnson,Mechanical,19,55,76,59
3148,Julia Garcia,Computer Science,24,51,79,62
3149,Laura Anderson,Data Science,18,63,85,73
3150,Nina Brown,Civil,18,56,69,90
3151,Quentin Anderson,Electronics,23,88,91,87
3152,Nina Williams,Computer Science,19,58,77,94
3153,Eva Smith,Mechanical,23,91,76,57
3154,Oscar Martinez,Mechanical,19,57,63,84
3155,Alice Johnson,Electronics,18,80,80,65
3156,Oscar Johnson,Computer Science,18,52,78,98
3157,Oscar Anderson,Civil,20,73,86,76
3158,Nina Johnson,Electronics,19,67,81,84
3159,Nina Davis,Information Technology,24,83,82,76
3160,Helen Miller,Data Science,23,94,89,89
3161,Helen Brown,Computer Science,18,86,88,50
3162,Rachel Martinez,Electronics,21,72,99,100
3163,Paula Davis,Information Technology,24,74,62,87
3164,Oscar Johnson,Civil,22,81,70,84
3165,Bob Williams,Mechanical,22,84,74,82
3166,Ivan Williams,Computer Science,25,83,100,71
3167,Michael Davis,Computer Science,20,92,92,71
3168,Nina Garcia,Mechanical,18,70,92,51
3169,Grace Brown,Mechanical,24,91,76,92
3170,David Smith,Data Science,21,71,65,93
3171,Ivan Smith,Electronics,24,62,77,64
3172,Helen Anderson,Computer Science,20,69,67,60
3173,Charlie Taylor,Mechanical,23,59,90,95
3174,Julia Smith,Information Technology,22,60,69,62
3175,Rachel Brown,Mechanical,25,81,97,53
3176,Ivan Brown,Electronics,18,89,61,69
3177,Quentin Brown,Mechanical,22,91,83,71
3178,Eva Anderson,Mechanical,20,65,64,51
3179,Tina Davis,Civil,25,95,60,64
3180,Rachel Johnson,Mechanical,21,58,68,61
3181,Steve Miller,Civil,18,92,88,65
3182,Quentin Anderson,Electronics,18,58,82,68
3183,Kevin Anderson,Mechanical,23,94,80,68
3184,Bob Miller,Civil,21,56,64,62
3185,Michael Davis,Civil,22,63,62,53
3186,David Williams,Computer Science,23,99,84,84
3187,Bob Brown,Mechanical,23,66,84,94
3188,Tina Davis,Mechanical,24,85,100,95
3189,Tina Garcia,Mechanical,23,64,66,54
3190,Charlie Taylor,Information Technology,20,67,96,65
3191,Helen Anderson,Information Technology,22,78,62,67
3192,Bob Williams,Computer Science,22,63,74,73
3193,Ivan Taylor,Information Technology,22,65,72,77
3194,Charlie Smith,Information Technology,22,68,76,59
3195,Steve Smith,Data Science,18,85,96,99
3196,Steve Miller,Mechanical,20,93,97,96
3197,Alice Anderson,Computer Science,24,51,73,80
3198,Nina Brown,Data Science,22,66,80,70
3199,Eva Johnson,Information Technology,18,50,63,93
3200,Steve Smith,Data Science,19,87,60,50
3201,Quentin Johnson,Mechanical,24,95,72,99
3202,Helen Johnson,Mechanical,20,79,62,91
3203,Tina Johnson,Information Technology,21,70,97,84
3204,Michael Miller,Civil,25,70,94,66
3205,Paula Taylor,Civil,18,80,92,65
3206,Julia Anderson,Electronics,19,99,71,96
3207,Nina Martinez,Data Science,25,60,65,72
3208,Kevin Williams,Information Technology,19,73,100,61
3209,Helen Taylor,Civil,19,68,100,68
3210,Grace Brown,Mechanical,20,57,84,77
3211,Michael Martinez,Civil,21,85,84,82
3212,Oscar Davis,Civil,23,81,70,57
3213,Tina Johnson,Electronics,25,96,80,60
3214,Laura Garcia,Information Technology,25,54,92,62
3215,Kevin Johnson,Civil,18,83,62,67
3216,Oscar Brown,Information Technology,24,92,61,70
3217,Alice Garcia,Mechanical,23,52,89,80
3218,Grace Brown,Computer Science,23,58,86,91
3219,Charlie Williams,Mechanical,20,57,73,51
3220,Ivan Davis,Computer Science,22,72,100,100
3221,Ivan Brown,Civil,23,72,83,84
3222,Bob Garcia,Computer Science,22,50,89,52
3223,Rachel Smith,Civil,18,77,76,91
3224,Nina Garcia,Information Technology,25,63,76,87
3225,Oscar Johnson,Mechanical,18,75,76,85
3226,Julia Johnson,Data Science,25,55,100,51
3227,Ivan Johnson,Electronics,20,88,72,61
3228,Eva Johnson,Mechanical,20,80,98,95
3229,Paula Martinez,Data Science,18,50,72,97
3230,Alice Brown,Computer Science,24,51,100,81
3231,Laura Williams,Computer Science,19,86,78,55
3232,Alice Martinez,Civil,21,55,87,66
3233,Eva Martinez,Electronics,22,67,76,59
3234,Tina Smith,Electronics,25,55,69,96
3235,Nina Johnson,Civil,18,61,96,91
3236,Paula Taylor,Information Technology,21,53,83,90
3237,Kevin Martinez,Computer Science,23,76,83,51
3238,Tina Johnson,Data Science,19,100,86,52
3239,Laura Brown,Computer Science,25,93,99,73
3240,Steve Garcia,Mechanical,18,97,92,77
3241,Alice Martinez,Data Science,19,87,63,75
3242,Oscar Smith,Mechanical,20,100,98,52
3243,Ivan Garcia,Civil,20,72,62,88
3244,Tina Davis,Mechanical,21,82,99,76
3245,Steve Brown,Information Technology,21,63,100,99
3246,Helen Anderson,Electronics,21,83,67,79
3247,Steve Smith,Information Technology,18,74,72,96
3248,Laura Martinez,Computer Science,22,74,76,72
3249,Laura Brown,Computer Science,20,57,72,72
3250,Oscar Smith,Information Technology,25,58,92,93
3251,Steve Williams,Data Science,19,90,87,98
3252,David Taylor,Data Science,18,66,94,83
3253,Steve Taylor,Electronics,19,82,98,58
3254,David Taylor,Computer Science,21,59,63,71
3255,Quentin Taylor,Civil,24,89,69,64
3256,Alice Williams,Mechanical,22,62,76,57
3257,Bob Martinez,Computer Science,24,81,66,81
3258,Steve Johnson,Data Science,23,91,75,97
3259,Quentin Williams,Data Science,22,75,67,98
3260,Oscar Anderson,Data Science,24,78,92,66
3261,Steve Anderson,Mechanical,20,83,89,73
3262,David Martinez,Information Technology,25,72,98,75
3263,Ivan Anderson,Computer Science,22,66,84,73
3264,Kevin Garcia,Electronics,25,62,100,92
3265,Michael Williams,Information Technology,24,87,61,96
3266,Frank Smith,Computer Science,21,84,74,59
3267,Grace Smith,Electronics,23,64,88,75
3268,Frank Williams,Data Science,21,62,89,97
3269,Bob Garcia,Electronics,22,66,84,99
3270,Bob Miller,Civil,21,88,91,58
3271,Julia Johnson,Civil,21,73,76,99
3272,Oscar Johnson,Data Science,22,57,77,69
3273,Nina Anderson,Data Science,20,77,69,85
3274,Paula Williams,Computer Science,22,91,87,56
3275,Julia Garcia,Information Technology,25,65,64,80
3276,Julia Davis,Information Technology,22,99,88,63
3277,Nina Anderson,Data Science,18,82,87,73
3278,Nina Garcia,Computer Science,18,52,95,93
3279,Oscar Johnson,Information Technology,20,95,78,75
3280,Oscar Anderson,Electronics,24,58,96,94
3281,Kevin Johnson,Information Technology,25,63,76,100
3282,Grace Taylor,Civil,18,80,75,58
3283,Quentin Martinez,Data Science,22,91,98,93
3284,Charlie Brown,Data Science,23,93,73,77
3285,Laura Martinez,Data Science,24,61,62,62
3286,Oscar Miller,Mechanical,19,50,84,71
3287,Grace Smith,Civil,20,85,63,90
3288,Eva Williams,Data Science,25,100,70,61
3289,Bob Garcia,Computer Science,24,73,73,57
3290,Ivan Taylor,Civil,19,94,66,76
3291,Laura Taylor,Information Technology,22,100,67,97
3292,David Davis,Information Technology,20,66,68,53
3293,Frank Martinez,Mechanical,19,79,95,90
3294,Alice Brown,Civil,25,79,66,80
3295,Quentin Anderson,Civil,20,50,91,70
3296,Michael Brown,Mechanical,22,95,75,87
3297,Alice Taylor,Civil,23,62,97,70
3298,Michael Miller,Civil,23,91,66,62
3299,Quentin Martinez,Computer Science,21,72,87,68
3300,Kevin Brown,Information Technology,21,91,85,90
3301,David Smith,Data Science,18,50,86,84
3302,Steve Anderson,Electronics,19,64,86,71
3303,Laura Smith,Electronics,21,61,95,83
3304,Frank Williams,Mechanical,20,67,68,74
3305,Ivan Johnson,Mechanical,20,94,71,52
3306,Michael Johnson,Electronics,19,54,100,52
3307,Quentin Garcia,Electronics,19,51,89,65
3308,Quentin Johnson,Information Technology,24,55,79,99
3309,Oscar Williams,Electronics,21,94,98,97
3310,Nina Anderson,Electronics,22,62,61,91
3311,Tina Williams,Information Technology,24,91,99,61
3312,David Williams,Civil,24,96,72,56
3313,Quentin Taylor,Civil,20,89,79,89
3314,Frank Johnson,Information Technology,21,96,70,61
3315,Julia Taylor,Electronics,18,65,87,88
3316,Charlie Anderson,Computer Science,21,79,65,91
3317,Julia Anderson,Electronics,20,59,79,89
3318,Kevin Anderson,Computer Science,21,50,62,90
3319,Quentin Taylor,Information Technology,18,91,94,88
3320,Steve Brown,Civil,24,77,91,55
3321,Julia Johnson,Computer Science,25,96,61,54
3322,Julia Johnson,Data Science,25,95,98,67
3323,Paula Martinez,Mechanical,24,93,60,83
3324,Julia Brown,Mechanical,20,53,89,56
3325,Alice Garcia,Data Science,24,97,68,93
3326,Michael Davis,Mechanical,25,53,99,66
3327,Frank Smith,Mechanical,21,61,75,54
3328,Helen Davis,Electronics,21,87,62,100
3329,Alice Anderson,Mechanical,25,79,68,62
3330,Ivan Johnson,Electronics,25,89,74,70
3331,Alice Miller,Electronics,25,74,86,74
3332,Alice Davis,Electronics,18,87,99,84
3333,Laura Anderson,Civil,18,71,69,77
3334,Quentin Brown,Data Science,23,68,75,68
3335,Julia Davis,Information Technology,24,86,91,53
3336,Julia Brown,Data Science,21,51,62,94
3337,Eva Miller,Electronics,20,89,83,80
3338,Steve Anderson,Data Science,22,50,81,75
3339,Steve Smith,Electronics,22,100,89,52
3340,Eva Davis,Mechanical,18,76,94,71
3341,Charlie Brown,Civil,20,54,71,87
3342,Laura Smith,Civil,22,96,86,67
3343,Nina Garcia,Civil,22,64,99,76
3344,Steve Miller,Information Technology,21,71,75,66
3345,Helen Martinez,Data Science,23,93,84,51
3346,Quentin Anderson,Electronics,21,70,64,69
3347,Ivan Martinez,Civil,21,55,98,74
3348,Michael Anderson,Information Technology,18,62,62,55
3349,Kevin Miller,Information Technology,25,100,75,69
3350,Paula Johnson,Data Science,21,60,77,74
3351,Bob Martinez,Information Technology,22,75,63,52
3352,Rachel Brown,Civil,21,77,81,67
3353,Quentin Smith,Data Science,19,74,92,56
3354,Paula Johnson,Data Science,23,57,86,85
3355,Tina Taylor,Information Technology,20,71,84,85
3356,Bob Anderson,Computer Science,21,56,98,81
3357,Steve Martinez,Information Technology,19,50,66,78
3358,Tina Martinez,Electronics,25,100,99,56
3359,Ivan Garcia,Computer Science,20,54,62,61
3360,Nina Miller,Information Technology,25,88,64,58
3361,Michael Brown,Civil,24,65,95,59
3362,Laura Johnson,Civil,18,64,69,90
3363,Frank Davis,Computer Science,21,51,80,62
3364,Grace Brown,Information Technology,18,67,80,73
3365,Quentin Smith,Mechanical,24,81,73,52
3366,Laura Davis,Mechanical,22,62,88,70
3367,Julia Miller,Mechanical,22,66,83,54
3368,Rachel Miller,Data Science,24,54,79,53
3369,Grace Martinez,Computer Science,24,96,99,79
3370,Alice Anderson,Electronics,19,58,60,77
3371,Oscar Johnson,Electronics,24,76,71,68
3372,Quentin Williams,Data Science,21,79,89,59
3373,Grace Williams,Civil,19,65,78,93
3374,Steve Smith,Civil,19,70,98,53
3375,Rachel Miller,Data Science,22,91,74,52
3376,Kevin Anderson,Data Science,25,74,84,87
3377,Oscar Davis,Civil,22,59,72,62
3378,Charlie Miller,Computer Science,24,90,85,88
3379,David Taylor,Electronics,19,57,65,64
3380,Steve Davis,Information Technology,18,66,81,82
3381,David Garcia,Data Science,19,51,65,67
3382,Oscar Anderson,Electronics,23,73,81,80
3383,Michael Anderson,Electronics,21,97,100,61
3384,David Miller,Information Technology,19,100,80,87
3385,Alice Smith,Electronics,23,51,75,69
3386,Grace Martinez,Data Science,20,92,96,85
3387,Nina Williams,Civil,24,85,82,95
3388,Charlie Smith,Data Science,22,51,73,68
3389,Julia Garcia,Data Science,18,78,82,58
3390,Kevin Brown,Computer Science,18,97,86,71
3391,Bob Davis,Mechanical,18,88,64,67
3392,Grace Smith,Mechanical,20,80,68,62
3393,Julia Smith,Information Technology,25,92,64,77
3394,Rachel Smith,Civil,25,91,76,98
3395,Ivan Garcia,Electronics,22,64,90,79
3396,David Miller,Information Technology,19,99,98,98
3397,Paula Anderson,Civil,23,96,62,73
3398,Michael Garcia,Electronics,20,85,94,99
3399,David Garcia,Data Science,18,95,97,77
3400,David Davis,Computer Science,20,51,67,89
3401,Eva Miller,Electronics,19,100,90,60
3402,Nina Anderson,Civil,21,83,96,65
3403,Oscar Brown,Computer Science,21,61,65,73
3404,Steve Johnson,Civil,20,96,73,77
3405,Rachel Davis,Mechanical,25,54,65,98
3406,Eva Garcia,Electronics,24,61,80,56
3407,Grace Brown,Computer Science,20,85,85,96
3408,Quentin Martinez,Computer Science,19,94,70,51
3409,Grace Martinez,Electronics,25,80,87,63
3410,Helen Martinez,Electronics,25,59,92,58
3411,Rachel Anderson,Information Technology,18,64,78,96
3412,Charlie Miller,Civil,20,61,88,99
3413,Rachel Anderson,Civil,23,90,86,62
3414,Julia Anderson,Information Technology,20,99,87,97
3415,Grace Smith,Information Technology,21,71,79,95
3416,Charlie Johnson,Civil,22,85,72,70
3417,Helen Anderson,Mechanical,23,56,70,89
3418,Helen Anderson,Data Science,20,97,66,92
3419,Tina Martinez,Computer Science,19,71,79,71
3420,Charlie Anderson,Mechanical,23,77,95,60
3421,Laura Davis,Electronics,22,78,83,60
3422,Charlie Williams,Information Technology,22,64,74,87
3423,Alice Miller,Civil,25,65,81,60
3424,Rachel Garcia,Civil,21,53,70,94
3425,Nina Brown,Computer Science,23,82,80,69
3426,Rachel Miller,Mechanical,21,62,97,54
3427,Grace Davis,Information Technology,25,78,63,64
3428,Tina Williams,Civil,22,92,75,57
3429,Ivan Johnson,Civil,21,68,91,66
3430,Julia Brown,Electronics,24,78,79,93
3431,Frank Brown,Electronics,20,60,92,75
3432,Bob Williams,Data Science,22,60,69,62
3433,Oscar Martinez,Civil,25,83,95,76
3434,Eva Martinez,Mechanical,25,73,75,90
3435,Julia Williams,Information Technology,25,97,64,64
3436,Ivan Taylor,Information Technology,24,89,75,97
3437,Grace Garcia,Data Science,23,70,64,72
3438,Kevin Smith,Information Technology,21,56,100,86
3439,Frank Taylor,Information Technology,18,52,89,80
3440,Nina Anderson,Information Technology,25,79,94,80
3441,Tina Davis,Data Science,20,55,71,56
3442,Ivan Anderson,Information Technology,25,62,92,62
3443,David Brown,Electronics,23,79,87,73
3444,Alice Smith,Computer Science,25,90,74,57
3445,Tina Davis,Information Technology,20,97,98,64
3446,Laura Taylor,Data Science,24,92,100,59
3447,Alice Smith,Electronics,19,56,81,95
3448,Rachel Martinez,Mechanical,21,50,100,98
3449,Nina Taylor,Electronics,20,67,65,50
3450,Kevin Miller,Civil,23,81,81,59
3451,Oscar Garcia,Computer Science,24,85,86,92
3452,Frank Taylor,Information Technology,20,56,76,90
3453,Frank Davis,Information Technology,25,71,83,64
3454,Alice Williams,Computer Science,23,72,100,91
3455,Steve Miller,Information Technology,24,50,65,74
3456,Charlie Davis,Mechanical,18,62,89,61
3457,Laura Smith,Computer Science,18,75,63,93
3458,Helen Taylor,Computer Science,21,64,87,52
3459,Steve Johnson,Information Technology,18,58,74,70
3460,Frank Taylor,Data Science,20,85,66,54
3461,Charlie Anderson,Civil,25,61,90,82
3462,Eva Smith,Data Science,21,59,61,60
3463,Tina Taylor,Civil,20,89,63,95
3464,Michael Garcia,Mechanical,21,99,83,61
3465,Eva Smith,Electronics,21,57,74,64
3466,Oscar Garcia,Computer Science,22,72,69,55
3467,Steve Taylor,Electronics,25,75,79,60
3468,Michael Anderson,Data Science,18,82,64,61
3469,Nina Smith,Data Science,25,78,62,52
3470,David Garcia,Mechanical,22,96,66,77
3471,Steve Garcia,Data Science,18,76,99,74
3472,David Smith,Electronics,22,86,92,62
3473,Steve Martinez,Computer Science,25,71,96,57
3474,Charlie Martinez,Civil,23,96,83,79
3475,Charlie Garcia,Information Technology,23,68,90,73
3476,Eva Johnson,Information Technology,24,61,95,72
3477,Alice Williams,Computer Science,22,63,80,64
3478,Oscar Smith,Computer Science,25,60,77,79
3479,Frank Johnson,Civil,21,65,78,72
3480,Quentin Anderson,Data Science,21,91,96,61
3481,Frank Brown,Electronics,22,94,83,61
3482,Helen Garcia,Electronics,21,55,78,51
3483,Julia Johnson,Electronics,20,57,70,95
3484,Quentin Anderson,Information Technology,19,86,98,94
3485,Helen Johnson,Data Science,20,92,88,87
3486,Steve Brown,Information Technology,20,54,65,83
3487,Eva Anderson,Data Science,21,57,75,71
3488,Alice Williams,Information Technology,22,67,65,97
3489,Rachel Martinez,Information Technology,22,68,96,95
3490,Eva Garcia,Computer Science,22,97,100,64
3491,Frank Williams,Data Science,22,92,77,58
3492,David Martinez,Civil,24,56,68,90
3493,David Garcia,Information Technology,22,100,90,80
3494,Charlie Smith,Mechanical,22,76,100,93
3495,Eva Brown,Civil,23,84,93,57
3496,Ivan Garcia,Civil,19,56,70,96
3497,Alice Smith,Electronics,20,67,82,77
3498,Quentin Brown,Mechanical,23,93,72,93
3499,Eva Davis,Electronics,23,56,74,76
3500,Tina Miller,Computer Science,20,59,65,76
3501,Paula Smith,Computer Science,19,71,72,67
3502,Tina Miller,Mechanical,25,80,86,73
3503,Paula Davis,Data Science,19,88,97,71
3504,Michael Williams,Electronics,20,60,83,63
3505,Grace Martinez,Civil,22,76,62,65
3506,Helen Johnson,Civil,21,63,73,68
3507,Alice Williams,Electronics,23,61,86,78
3508,Bob Taylor,Computer Science,19,79,63,76
3509,Laura Taylor,Civil,24,93,82,85
3510,Bob Williams,Civil,21,82,91,88
3511,Helen Brown,Information Technology,20,57,86,69
3512,David Brown,Electronics,22,95,98,75
3513,Kevin Davis,Data Science,19,61,61,52
3514,Julia Brown,Civil,20,62,75,60
3515,Nina Martinez,Information Technology,22,91,70,73
3516,Charlie Anderson,Computer Science,21,87,67,85
3517,Paula Smith,Electronics,23,59,63,75
3518,David Martinez,Computer Science,24,88,79,62
3519,Eva Smith,Mechanical,18,55,67,77
3520,Helen Johnson,Computer Science,21,92,63,98
3521,Bob Martinez,Information Technology,18,92,82,71
3522,Quentin Miller,Computer Science,18,83,85,57
3523,David Davis,Computer Science,23,59,68,53
3524,Oscar Martinez,Data Science,24,71,90,58
3525,Steve Anderson,Civil,25,92,61,74
3526,Laura Brown,Mechanical,25,98,63,89
3527,Alice Williams,Mechanical,19,75,68,61
3528,Frank Taylor,Data Science,24,90,91,52
3529,Helen Williams,Information Technology,19,60,72,76
3530,Kevin Miller,Electronics,22,74,98,90
3531,Frank Williams,Electronics,21,63,98,97
3532,Rachel Johnson,Computer Science,19,59,70,86
3533,Charlie Johnson,Mechanical,21,71,74,81
3534,Rachel Garcia,Civil,18,86,77,74
3535,Steve Taylor,Civil,19,89,85,76
3536,Frank Davis,Data Science,21,71,64,88
3537,Oscar Smith,Information Technology,23,59,69,75
3538,David Garcia,Electronics,22,54,85,54
3539,Laura Davis,Mechanical,24,83,88,72
3540,Bob Garcia,Computer Science,24,50,83,65
3541,Laura Brown,Electronics,22,86,99,96
3542,Ivan Taylor,Civil,19,92,97,93
3543,Eva Williams,Computer Science,23,92,92,82
3544,Nina Williams,Civil,25,80,90,71
3545,Charlie Smith,Civil,20,67,67,78
3546,Ivan Brown,Information Technology,21,55,84,58
3547,Charlie Martinez,Electronics,23,69,66,50
3548,Bob Brown,Data Science,23,82,77,72
3549,Helen Miller,Mechanical,20,92,71,76
3550,Kevin Miller,Mechanical,21,80,91,83
3551,Grace Taylor,Electronics,25,56,70,96
3552,Julia Garcia,Civil,23,67,72,65
3553,Michael Anderson,Electronics,25,84,85,82
3554,Julia Davis,Civil,23,93,75,90
3555,Rachel Brown,Civil,18,53,92,100
3556,Eva Anderson,Data Science,21,92,92,92
3557,Michael Brown,Computer Science,18,53,98,53
3558,Rachel Johnson,Electronics,19,80,82,54
3559,Tina Miller,Electronics,20,62,68,95
3560,Paula Garcia,Electronics,24,68,64,78
3561,Rachel Smith,Data Science,22,70,60,75
3562,Frank Davis,Data Science,21,54,85,70
3563,David Anderson,Computer Science,23,100,89,74
3564,Nina Anderson,Electronics,19,66,82,80
3565,Oscar Martinez,Computer Science,23,59,77,56
3566,Tina Taylor,Computer Science,23,66,77,69
3567,Grace Garcia,Electronics,19,52,69,83
3568,Steve Brown,Mechanical,21,82,62,61
3569,David Williams,Electronics,25,97,76,62
3570,Steve Williams,Computer Science,21,72,71,59
3571,Michael Smith,Computer Science,18,88,95,76
3572,Grace Martinez,Data Science,18,74,69,90
3573,Ivan Williams,Electronics,20,75,61,59
3574,Laura Smith,Mechanical,23,68,68,87
3575,Grace Smith,Data Science,24,57,91,75
3576,Laura Anderson,Mechanical,21,89,100,61
3577,Paula Martinez,Electronics,22,100,86,70
3578,Rachel Williams,Electronics,25,86,79,99
3579,Alice Williams,Information Technology,18,60,75,93
3580,Tina Martinez,Electronics,23,68,83,53
3581,Oscar Davis,Information Technology,20,89,72,64
3582,Nina Davis,Data Science,22,50,94,77
3583,Helen Garcia,Electronics,18,86,92,50
3584,Julia Williams,Civil,18,59,91,66
3585,Helen Brown,Information Technology,18,95,77,50
3586,Frank Brown,Mechanical,20,89,74,90
3587,Ivan Garcia,Electronics,19,98,96,57
3588,Eva Williams,Computer Science,24,71,82,58
3589,David Smith,Computer Science,24,82,95,70
3590,Eva Martinez,Data Science,24,94,79,53
3591,Grace Brown,Mechanical,25,72,64,63
3592,Oscar Brown,Civil,23,99,76,87
3593,Tina Williams,Mechanical,22,95,73,52
3594,Michael Garcia,Data Science,25,95,84,96
3595,David Brown,Data Science,22,67,64,54
3596,Helen Miller,Data Science,24,54,94,90
3597,Paula Smith,Information Technology,24,72,60,50
3598,Rachel Anderson,Data Science,21,60,78,77
3599,Eva Williams,Data Science,23,82,67,84
3600,Quentin Martinez,Electronics,23,93,69,68
3601,Nina Smith,Computer Science,25,79,73,94
3602,Alice Martinez,Information Technology,18,82,62,53
3603,Frank Brown,Data Science,23,89,94,84
3604,Helen Martinez,Civil,25,90,60,57
3605,Nina Martinez,Information Technology,22,99,80,66
3606,Tina Taylor,Information Technology,18,58,85,61
3607,Quentin Anderson,Information Technology,23,59,65,80
3608,David Brown,Computer Science,20,58,74,77
3609,Kevin Davis,Information Technology,23,100,68,56
3610,Oscar Williams,Information Technology,23,74,96,63
3611,Helen Miller,Mechanical,19,76,71,98
3612,Nina Garcia,Civil,18,66,95,65
3613,Steve Johnson,Electronics,19,74,90,84
3614,Oscar Davis,Data Science,21,96,94,55
3615,Michael Garcia,Electronics,22,55,86,93
3616,David Johnson,Mechanical,20,63,90,64
3617,Steve Williams,Data Science,20,55,99,73
3618,Steve Garcia,Civil,21,92,84,58
3619,David Martinez,Civil,20,62,69,84
3620,David Miller,Mechanical,19,98,75,50
3621,Alice Davis,Civil,24,75,77,84
3622,Ivan Anderson,Computer Science,22,88,61,64
3623,Oscar Johnson,Civil,19,85,90,64
3624,Eva Martinez,Electronics,21,77,76,53
3625,Eva Miller,Mechanical,21,87,85,97
3626,Charlie Johnson,Mechanical,20,99,68,60
3627,Bob Smith,Information Technology,22,99,67,97
3628,Rachel Anderson,Data Science,25,51,60,99
3629,Alice Martinez,Computer Science,23,99,97,82
3630,Ivan Davis,Information Technology,21,70,66,87
3631,Helen Miller,Information Technology,24,86,64,81
3632,Kevin Davis,Computer Science,21,72,71,75
3633,Frank Taylor,Civil,23,90,79,83
3634,Oscar Anderson,Information Technology,24,56,63,95
3635,Michael Garcia,Civil,19,67,97,83
3636,Laura Smith,Civil,23,68,96,52
3637,Charlie Anderson,Mechanical,25,95,96,62
3638,Frank Miller,Mechanical,19,100,64,70
3639,Ivan Anderson,Electronics,21,51,64,64
3640,Michael Anderson,Information Technology,24,61,64,95
3641,Bob Anderson,Mechanical,23,55,68,86
3642,Tina Williams,Electronics,24,58,60,89
3643,Frank Williams,Computer Science,22,73,60,73
3644,Kevin Williams,Civil,22,53,80,86
3645,Eva Smith,Civil,24,61,79,99
3646,Grace Anderson,Mechanical,23,60,76,66
3647,Grace Brown,Civil,24,99,72,85
3648,Charlie Martinez,Civil,19,65,100,78
3649,Laura Williams,Computer Science,25,62,99,78
3650,Michael Williams,Mechanical,18,87,87,56
3651,Quentin Smith,Information Technology,23,68,87,72
3652,Quentin Davis,Mechanical,21,95,63,60
3653,Eva Smith,Electronics,18,52,79,97
3654,Paula Johnson,Data Science,21,67,98,83
3655,Michael Smith,Information Technology,21,83,64,82
3656,Ivan Garcia,Civil,20,81,78,83
3657,Quentin Smith,Mechanical,24,86,100,86
3658,Frank Davis,Data Science,24,94,87,67
3659,Alice Williams,Information Technology,21,74,82,73
3660,Frank Williams,Civil,22,54,65,83
3661,Alice Martinez,Mechanical,24,55,60,100
3662,Julia Taylor,Electronics,21,70,68,60
3663,Paula Garcia,Data Science,23,87,72,77
3664,Charlie Davis,Mechanical,21,92,88,88
3665,Ivan Williams,Computer Science,20,98,87,57
3666,Oscar Williams,Information Technology,21,65,91,83
3667,Julia Martinez,Data Science,22,75,68,76
3668,Paula Brown,Civil,25,70,81,71
3669,Steve Anderson,Information Technology,22,97,90,53
3670,Bob Davis,Information Technology,21,99,78,79
3671,Michael Williams,Mechanical,25,79,67,92
3672,Julia Miller,Civil,19,83,65,90
3673,Steve Anderson,Information Technology,23,55,99,58
3674,David Williams,Data Science,23,91,85,94
3675,Eva Davis,Data Science,23,83,61,69
3676,Quentin Garcia,Electronics,19,79,64,57
3677,Eva Martinez,Information Technology,24,64,67,63
3678,Eva Anderson,Information Technology,24,71,66,89
3679,Rachel Taylor,Information Technology,20,90,88,57
3680,Alice Miller,Mechanical,23,89,89,96
3681,Bob Smith,Mechanical,21,53,64,77
3682,Grace Anderson,Civil,22,93,62,76
3683,Grace Johnson,Information Technology,25,68,67,81
3684,Paula Davis,Computer Science,19,54,74,78
3685,Kevin Brown,Civil,23,83,76,100
3686,Ivan Williams,Computer Science,24,73,65,58
3687,Alice Garcia,Mechanical,23,92,78,93
3688,Charlie Brown,Information Technology,19,51,88,80
3689,Frank Taylor,Data Science,24,76,85,84
3690,Kevin Smith,Electronics,21,91,100,55
3691,Kevin Martinez,Information Technology,24,83,91,92
3692,Rachel Taylor,Information Technology,22,70,72,80
3693,Charlie Smith,Information Technology,18,96,88,82
3694,Quentin Williams,Electronics,23,90,63,54
3695,Paula Williams,Electronics,20,60,75,85
3696,David Martinez,Computer Science,18,91,98,67
3697,Charlie Anderson,Computer Science,21,68,78,89
3698,Helen Johnson,Electronics,18,96,100,89
3699,Laura Miller,Mechanical,25,65,67,69
3700,Rachel Smith,Computer Science,22,83,90,50
3701,Ivan Garcia,Electronics,23,86,82,77
3702,Paula Garcia,Computer Science,22,50,81,60
3703,Eva Martinez,Data Science,21,56,86,57
3704,Oscar Smith,Electronics,19,59,82,56
3705,Bob Miller,Computer Science,22,64,63,50
3706,Michael Brown,Mechanical,23,66,99,70
3707,Rachel Williams,Information Technology,24,60,90,92
3708,Grace Martinez,Data Science,24,84,95,69
3709,Steve Johnson,Electronics,21,54,83,92
3710,Tina Smith,Data Science,21,94,80,69
3711,Quentin Smith,Information Technology,20,86,62,80
3712,Alice Brown,Information Technology,25,55,60,90
3713,Kevin Taylor,Mechanical,22,97,61,79
3714,Laura Brown,Data Science,18,91,67,81
3715,Bob Brown,Civil,25,63,95,50
3716,Oscar Brown,Data Science,24,94,78,96
3717,Julia Davis,Civil,24,76,69,86
3718,Laura Garcia,Information Technology,18,95,86,60
3719,Ivan Martinez,Data Science,25,66,80,86
3720,Oscar Garcia,Data Science,19,72,92,75
3721,Eva Martinez,Computer Science,19,53,87,56
3722,Paula Miller,Data Science,18,91,80,80
3723,Bob Miller,Information Technology,25,100,95,81
3724,Quentin Garcia,Data Science,22,97,62,94
3725,Paula Brown,Mechanical,24,80,91,61
3726,Grace Johnson,Computer Science,24,64,62,64
3727,Grace Garcia,Computer Science,20,84,93,58
3728,Eva Taylor,Data Science,21,73,64,75
3729,Ivan Smith,Civil,19,62,83,57
3730,Paula Martinez,Civil,21,83,82,95
3731,Ivan Brown,Civil,20,71,82,81
3732,Bob Martinez,Civil,25,72,73,99
3733,Charlie Johnson,Mechanical,18,91,84,95
3734,Rachel Martinez,Electronics,21,67,77,73
3735,Bob Williams,Electronics,21,78,81,79
3736,Helen Davis,Civil,24,68,64,92
3737,Grace Williams,Computer Science,24,90,87,59
3738,Frank Anderson,Civil,18,91,68,74
3739,Nina Martinez,Information Technology,19,66,64,83
3740,Rachel Taylor,Information Technology,25,88,66,70
3741,Julia Martinez,Mechanical,18,52,90,57
3742,Quentin Anderson,Electronics,22,66,60,98
3743,Paula Johnson,Information Technology,24,83,89,57
3744,Kevin Martinez,Electronics,25,89,72,83
3745,Helen Garcia,Electronics,23,75,66,97
3746,Julia Smith,Data Science,19,85,87,65
3747,Julia Williams,Mechanical,18,73,97,87
3748,Eva Martinez,Mechanical,24,97,62,81
3749,Alice Anderson,Electronics,18,82,89,61
3750,Bob Johnson,Civil,23,62,79,51
3751,Quentin Davis,Mechanical,19,87,62,84
3752,Julia Anderson,Information Technology,18,75,65,64
3753,Grace Smith,Mechanical,21,99,67,83
3754,Grace Williams,Data Science,24,72,87,82
3755,Rachel Brown,Civil,21,62,86,80
3756,Oscar Garcia,Civil,24,50,93,50
3757,Ivan Martinez,Information Technology,18,55,74,50
3758,Michael Brown,Electronics,21,95,71,86
3759,Laura Anderson,Electronics,21,64,99,59
3760,Tina Garcia,Computer Science,25,52,67,75
3761,Bob Brown,Electronics,23,74,66,91
3762,Eva Miller,Data Science,20,59,89,99
3763,Nina Garcia,Computer Science,23,96,73,58
3764,Quentin Williams,Electronics,23,92,81,91
3765,Frank Miller,Electronics,24,63,86,73
3766,Quentin Garcia,Information Technology,21,76,79,68
3767,Laura Taylor,Computer Science,21,76,72,85
3768,Charlie Garcia,Mechanical,24,80,98,96
3769,Nina Smith,Computer Science,18,79,76,57
3770,Michael Brown,Data Science,22,77,82,84
3771,Oscar Williams,Computer Science,19,65,61,58
3772,Julia Miller,Electronics,25,96,83,83
3773,David Martinez,Civil,24,81,82,88
3774,Kevin Martinez,Information Technology,18,63,87,60
3775,Frank Taylor,Data Science,25,72,84,66
3776,Frank Taylor,Civil,21,69,67,88
3777,Grace Smith,Civil,23,74,71,91
3778,Charlie Smith,Electronics,18,73,93,100
3779,Charlie Davis,Civil,25,76,83,99
3780,Quentin Martinez,Civil,22,76,91,67
3781,Grace Brown,Mechanical,22,91,87,74
3782,Eva Taylor,Data Science,23,74,93,79
3783,Alice Anderson,Electronics,24,97,62,93
3784,Helen Smith,Data Science,18,83,68,90
3785,Grace Williams,Civil,21,55,82,97
3786,Julia Smith,Electronics,25,56,99,83
3787,Rachel Anderson,Computer Science,24,52,81,79
3788,Kevin Taylor,Information Technology,25,64,87,57
3789,Laura Johnson,Electronics,21,78,64,99
3790,Laura Taylor,Data Science,23,81,86,97
3791,Tina Garcia,Computer Science,18,72,94,76
3792,Tina Davis,Computer Science,20,74,86,98
3793,Helen Williams,Civil,21,74,91,66
3794,David Anderson,Mechanical,21,89,94,67
3795,Bob Martinez,Data Science,20,95,96,52
3796,Ivan Brown,Data Science,19,94,69,79
3797,Tina Garcia,Information Technology,18,68,65,50
3798,Ivan Brown,Computer Science,20,100,79,94
3799,David Miller,Data Science,21,96,84,74
3800,Bob Johnson,Mechanical,21,56,82,88
3801,Tina Garcia,Civil,22,74,83,68
3802,Nina Williams,Electronics,18,66,87,91
3803,Nina Brown,Mechanical,23,91,80,95
3804,Steve Martinez,Mechanical,21,57,73,77
3805,Alice Smith,Computer Science,18,54,86,80
3806,Ivan Brown,Electronics,21,90,70,80
3807,Nina Smith,Data Science,25,62,83,64
3808,David Taylor,Information Technology,21,51,74,91
3809,Steve Martinez,Data Science,25,94,92,80
3810,Frank Miller,Mechanical,24,56,62,53
3811,Alice Martinez,Computer Science,19,98,68,92
3812,Bob Taylor,Information Technology,20,80,76,63
3813,Helen Davis,Data Science,25,63,83,82
3814,Nina Brown,Mechanical,25,84,77,50
3815,Ivan Smith,Mechanical,19,61,65,53
3816,Alice Smith,Electronics,24,66,65,63
3817,Helen Anderson,Mechanical,22,90,100,64
3818,Helen Anderson,Information Technology,20,67,89,83
3819,Tina Williams,Information Technology,23,55,98,68
3820,Tina Smith,Electronics,24,94,66,91
3821,Alice Taylor,Mechanical,24,82,86,90
3822,Grace Taylor,Information Technology,19,91,91,93
3823,Kevin Martinez,Civil,19,57,87,78
3824,Nina Brown,Electronics,23,99,68,91
3825,Eva Johnson,Electronics,24,90,63,91
3826,Nina Smith,Electronics,23,73,60,89
3827,Rachel Johnson,Data Science,21,95,89,63
3828,Oscar Johnson,Data Science,19,51,100,52
3829,Eva Martinez,Civil,24,90,75,63
3830,David Johnson,Computer Science,24,84,89,68
3831,Nina Martinez,Civil,21,79,78,74
3832,David Taylor,Information Technology,21,68,65,60
3833,Frank Taylor,Computer Science,20,78,61,70
3834,Steve Martinez,Data Science,21,66,81,82
3835,Alice Miller,Information Technology,21,98,64,85
3836,Charlie Martinez,Mechanical,22,77,64,97
3837,Ivan Miller,Data Science,19,97,95,66
3838,Oscar Smith,Information Technology,19,86,63,52
3839,Laura Garcia,Civil,19,70,68,71
3840,Charlie Anderson,Data Science,23,68,70,99
3841,Helen Anderson,Information Technology,19,69,94,67
3842,Michael Martinez,Computer Science,21,71,63,99
3843,Paula Taylor,Computer Science,21,67,82,80
3844,Alice Miller,Electronics,21,57,63,92
3845,Michael Brown,Civil,25,60,72,81
3846,Laura Williams,Data Science,19,53,64,62
3847,Helen Smith,Mechanical,24,51,83,82
3848,Grace Martinez,Information Technology,23,74,64,72
3849,Steve Miller,Information Technology,24,72,98,77
3850,Steve Davis,Data Science,22,85,74,65
3851,Alice Martinez,Mechanical,19,61,67,65
3852,Bob Miller,Mechanical,21,84,90,71
3853,Rachel Garcia,Information Technology,21,66,65,67
3854,Ivan Davis,Civil,25,88,86,93
3855,Michael Davis,Data Science,19,62,94,55
3856,Kevin Johnson,Mechanical,25,61,99,86
3857,Steve Anderson,Electronics,23,55,95,50
3858,Ivan Taylor,Electronics,24,62,96,56
3859,Frank Williams,Computer Science,23,55,84,77
3860,Tina Williams,Electronics,24,55,94,88
3861,Oscar Taylor,Data Science,21,73,68,51
3862,Nina Johnson,Mechanical,25,75,93,80
3863,Steve Miller,Civil,23,76,72,57
3864,Eva Miller,Mechanical,23,53,99,100
3865,Alice Smith,Data Science,18,89,80,75
3866,Michael Garcia,Information Technology,25,83,91,50
3867,Rachel Martinez,Data Science,20,52,99,100
3868,Helen Williams,Data Science,23,80,69,94
3869,Michael Johnson,Computer Science,18,80,76,63
3870,Quentin Miller,Electronics,25,59,91,95
3871,Frank Anderson,Computer Science,22,93,89,58
3872,Tina Johnson,Computer Science,23,58,70,67
3873,Oscar Smith,Information Technology,18,79,74,60
3874,Steve Martinez,Electronics,21,68,65,87
3875,Julia Brown,Information Technology,20,99,64,82
3876,David Anderson,Data Science,18,74,82,74
3877,Steve Miller,Civil,18,52,67,99
3878,David Anderson,Civil,19,97,98,51
3879,Alice Garcia,Data Science,22,58,98,77
3880,Steve Johnson,Mechanical,23,99,91,86
3881,Grace Brown,Electronics,18,89,82,81
3882,Oscar Taylor,Electronics,22,99,62,69
3883,Helen Davis,Mechanical,21,97,87,62
3884,Kevin Garcia,Civil,22,87,60,100
3885,Julia Brown,Civil,19,52,76,97
3886,Kevin Brown,Computer Science,24,60,84,69
3887,Paula Smith,Mechanical,23,91,72,76
3888,Julia Anderson,Electronics,21,53,93,51
3889,Michael Anderson,Electronics,23,88,69,99
3890,David Martinez,Civil,25,92,91,96
3891,Paula Smith,Data Science,20,73,94,72
3892,Paula Johnson,Electronics,19,95,91,64
3893,Frank Taylor,Computer Science,20,87,60,75
3894,Helen Martinez,Data Science,21,80,94,65
3895,Tina Taylor,Civil,21,87,69,84
3896,Bob Johnson,Data Science,21,96,92,80
3897,Frank Martinez,Data Science,18,61,83,65
3898,Ivan Johnson,Information Technology,20,60,76,89
3899,Kevin Johnson,Electronics,18,61,93,94
3900,Grace Martinez,Electronics,19,94,99,89
3901,Rachel Williams,Civil,25,93,87,55
3902,Frank Taylor,Electronics,18,79,90,71
3903,Oscar Miller,Mechanical,19,69,87,92
3904,Ivan Martinez,Electronics,24,60,61,72
3905,Oscar Taylor,Data Science,19,65,68,63
3906,Grace Taylor,Information Technology,20,79,74,50
3907,Steve Davis,Computer Science,19,77,66,85
3908,Rachel Smith,Mechanical,18,59,69,50
3909,Michael Anderson,Civil,25,59,77,88
3910,Alice Martinez,Computer Science,18,79,69,66
3911,Charlie Anderson,Electronics,18,75,76,85
3912,Steve Brown,Computer Science,20,62,69,54
3913,Grace Smith,Computer Science,24,72,90,78
3914,Michael Johnson,Civil,25,58,63,88
3915,Laura Brown,Information Technology,20,71,64,78
3916,Oscar Taylor,Civil,18,78,71,83
3917,Rachel Smith,Information Technology,24,93,95,63
3918,Ivan Williams,Computer Science,20,66,84,89
3919,Helen Martinez,Computer Science,24,79,95,63
3920,Eva Davis,Electronics,22,67,91,69
3921,Kevin Davis,Data Science,24,61,89,94
3922,Alice Smith,Computer Science,22,91,81,51
3923,Quentin Garcia,Data Science,21,69,86,100
3924,David Martinez,Mechanical,23,96,94,56
3925,Kevin Miller,Information Technology,24,84,68,84
3926,Charlie Martinez,Data Science,18,96,71,75
3927,Charlie Williams,Electronics,19,76,82,94
3928,David Smith,Mechanical,19,58,65,57
3929,Alice Miller,Mechanical,21,98,61,86
3930,Quentin Garcia,Electronics,25,60,77,82
3931,Grace Anderson,Civil,24,78,98,84
3932,Laura Anderson,Data Science,18,86,61,67
3933,David Anderson,Electronics,19,65,76,62
3934,Ivan Williams,Civil,22,89,69,67
3935,Rachel Davis,Data Science,19,75,83,76
3936,Ivan Taylor,Data Science,19,61,95,62
3937,Ivan Johnson,Information Technology,24,76,86,63
3938,Laura Anderson,Data Science,18,96,69,79
3939,Paula Johnson,Civil,20,60,96,91
3940,Helen Anderson,Computer Science,19,82,87,50
3941,Nina Taylor,Civil,19,93,84,89
3942,David Davis,Computer Science,24,100,90,98
3943,Tina Brown,Electronics,18,82,76,79
3944,Charlie Taylor,Mechanical,21,65,70,64
3945,Steve Williams,Mechanical,21,66,61,87
3946,Paula Martinez,Mechanical,18,51,70,51
3947,Charlie Taylor,Electronics,22,95,91,64
3948,Charlie Davis,Computer Science,21,95,92,88
3949,Bob Johnson,Civil,19,96,90,98
3950,Rachel Johnson,Data Science,20,53,78,98
3951,Frank Anderson,Data Science,20,88,66,67
3952,Quentin Smith,Information Technology,25,80,69,72
3953,Julia Taylor,Information Technology,25,80,76,55
3954,Grace Garcia,Computer Science,18,68,81,67
3955,Eva Taylor,Civil,21,58,91,90
3956,Grace Taylor,Civil,18,66,85,53
3957,Kevin Williams,Computer Science,21,70,68,58
3958,Frank Garcia,Information Technology,25,66,95,79
3959,Ivan Johnson,Civil,18,77,87,97
3960,Ivan Anderson,Mechanical,20,57,86,63
3961,Michael Taylor,Civil,20,90,88,81
3962,Nina Garcia,Information Technology,24,58,70,78
3963,Eva Williams,Mechanical,25,72,90,68
3964,Alice Garcia,Computer Science,18,80,72,63
3965,Bob Williams,Mechanical,18,54,73,68
3966,Ivan Smith,Electronics,20,85,82,64
3967,Kevin Smith,Mechanical,25,90,71,52
3968,Michael Williams,Computer Science,18,80,85,97
3969,Steve Miller,Computer Science,24,78,64,57
3970,Nina Garcia,Data Science,22,86,98,54
3971,Rachel Johnson,Mechanical,24,51,96,72
3972,Steve Garcia,Electronics,23,71,83,76
3973,Ivan Taylor,Computer Science,22,51,89,56
3974,Helen Anderson,Mechanical,18,57,86,53
3975,Paula Martinez,Electronics,19,96,95,91
3976,Tina Miller,Data Science,19,63,81,73
3977,David Martinez,Data Science,22,73,61,84
3978,Helen Davis,Data Science,18,100,85,82
3979,Alice Brown,Computer Science,21,77,60,84
3980,Kevin Miller,Computer Science,23,83,61,70
3981,Steve Smith,Data Science,25,56,95,95
3982,Nina Martinez,Data Science,22,65,75,54
3983,Ivan Williams,Civil,24,81,69,88
3984,Grace Garcia,Mechanical,25,82,68,62
3985,Charlie Miller,Mechanical,18,96,91,98
3986,Bob Anderson,Civil,22,80,65,97
3987,Helen Garcia,Computer Science,24,69,77,72
3988,Eva Johnson,Data Science,22,58,62,100
3989,Bob Brown,Civil,19,88,96,63
3990,Laura Brown,Computer Science,19,51,87,92
3991,Bob Williams,Mechanical,19,79,80,50
3992,David Miller,Mechanical,25,97,87,91
3993,Tina Martinez,Computer Science,19,86,85,50
3994,Alice Garcia,Information Technology,24,63,89,72
3995,Helen Davis,Data Science,25,78,91,68
3996,Tina Williams,Information Technology,24,57,79,99
3997,Quentin Brown,Computer Science,18,53,98,51
3998,Helen Anderson,Information Technology,22,53,91,82
3999,Bob Anderson,Civil,20,93,69,88
4000,Quentin Davis,Civil,21,70,88,77
4001,Rachel Miller,Computer Science,25,65,97,68
4002,Helen Anderson,Information Technology,22,65,94,82
4003,Rachel Smith,Computer Science,21,84,64,66
4004,Charlie Martinez,Data Science,25,79,91,95
4005,Tina Taylor,Mechanical,20,88,99,65
4006,Tina Martinez,Information Technology,24,54,63,89
4007,Michael Johnson,Computer Science,20,78,78,86
4008,Charlie Davis,Information Technology,22,71,69,100
4009,Julia Martinez,Information Technology,24,63,95,99
4010,Grace Garcia,Information Technology,21,66,65,62
4011,Paula Brown,Data Science,19,58,67,56
4012,Paula Anderson,Mechanical,25,79,100,69
4013,Steve Taylor,Information Technology,22,91,67,53
4014,Paula Martinez,Electronics,24,89,86,63
4015,Oscar Johnson,Mechanical,21,66,95,85
4016,David Davis,Data Science,19,67,99,80
4017,Alice Brown,Information Technology,25,78,84,64
4018,Oscar Williams,Mechanical,21,83,95,96
4019,Tina Johnson,Civil,18,58,72,65
4020,Steve Smith,Electronics,20,87,97,57
4021,Laura Smith,Computer Science,18,69,61,98
4022,David Garcia,Computer Science,19,92,78,63
4023,David Martinez,Computer Science,18,72,67,74
4024,Julia Martinez,Data Science,18,96,62,88
4025,Helen Garcia,Civil,23,81,70,77
4026,Laura Taylor,Civil,24,54,60,99
4027,Oscar Smith,Computer Science,22,98,92,69
4028,Bob Smith,Data Science,19,72,64,65
4029,Kevin Smith,Civil,25,75,79,78
4030,Ivan Miller,Computer Science,21,63,69,98
4031,Laura Smith,Computer Science,18,66,80,69
4032,Michael Johnson,Data Science,21,79,94,82
4033,Nina Johnson,Computer Science,18,84,97,51
4034,Rachel Anderson,Computer Science,18,94,99,58
4035,Quentin Miller,Civil,23,88,70,67
4036,David Miller,Electronics,24,89,91,55
4037,Tina Johnson,Information Technology,20,54,71,92
4038,Paula Anderson,Data Science,18,83,83,55
4039,Rachel Brown,Data Science,18,59,61,54
4040,Julia Davis,Computer Science,21,50,86,54
4041,Laura Davis,Electronics,19,97,61,94
4042,Rachel Smith,Civil,20,51,66,65
4043,Eva Anderson,Electronics,20,53,89,73
4044,Oscar Garcia,Mechanical,19,93,98,86
4045,David Anderson,Electronics,25,55,94,80
4046,Bob Johnson,Mechanical,20,69,70,87
4047,Tina Williams,Electronics,21,64,83,95
4048,Charlie Taylor,Electronics,21,50,93,92
4049,Eva Miller,Computer Science,21,79,73,66
4050,Eva Martinez,Data Science,25,60,88,83
4051,Bob Johnson,Mechanical,22,82,83,94
4052,Helen Miller,Data Science,24,92,65,90
4053,Helen Miller,Mechanical,19,81,94,77
4054,Eva Garcia,Electronics,25,98,81,81
4055,Tina Anderson,Civil,23,80,68,63
4056,Michael Williams,Mechanical,24,56,79,73
4057,Quentin Williams,Data Science,21,83,82,79
4058,Ivan Williams,Data Science,20,57,96,55
4059,Nina Davis,Data Science,21,73,62,89
4060,Paula Williams,Mechanical,19,93,98,58
4061,Charlie Brown,Electronics,25,58,76,86
4062,Steve Miller,Information Technology,18,59,65,64
4063,Michael Williams,Information Technology,22,87,96,60
4064,Charlie Garcia,Electronics,24,78,81,77
4065,Helen Anderson,Civil,23,97,80,76
4066,David Brown,Information Technology,18,78,79,86
4067,Charlie Williams,Information Technology,21,78,60,53
4068,Eva Miller,Data Science,23,63,64,98
4069,Michael Johnson,Civil,19,93,61,58
4070,Rachel Anderson,Civil,21,86,64,50
4071,Quentin Davis,Electronics,25,100,86,72
4072,Tina Garcia,Mechanical,19,64,100,53
4073,Grace Davis,Computer Science,18,83,85,80
4074,Helen Garcia,Computer Science,23,55,64,79
4075,Charlie Garcia,Data Science,25,62,79,98
4076,Michael Garcia,Data Science,24,73,74,78
4077,Helen Miller,Data Science,19,56,93,92
4078,Paula Garcia,Information Technology,20,58,92,58
4079,Bob Taylor,Computer Science,22,92,91,94
4080,Steve Brown,Civil,20,67,100,54
4081,Kevin Martinez,Information Technology,19,87,74,60
4082,Laura Johnson,Civil,22,67,61,92
4083,Michael Anderson,Data Science,20,98,83,58
4084,Nina Williams,Mechanical,25,74,89,99
4085,Oscar Johnson,Mechanical,25,94,84,60
4086,Tina Martinez,Civil,23,60,90,91
4087,Tina Brown,Mechanical,19,74,79,78
4088,Nina Smith,Civil,20,87,90,100
4089,Frank Williams,Data Science,21,61,92,100
4090,Tina Brown,Data Science,20,92,99,84
4091,Paula Martinez,Computer Science,18,92,76,58
4092,Frank Garcia,Civil,22,93,67,89
4093,Laura Davis,Information Technology,25,95,92,84
4094,Charlie Miller,Computer Science,20,88,93,92
4095,Alice Williams,Electronics,21,95,66,85
4096,Michael Garcia,Data Science,25,52,60,82
4097,Rachel Martinez,Data Science,20,54,85,100
4098,Quentin Johnson,Data Science,24,75,68,67
4099,Alice Anderson,Information Technology,20,100,72,98
4100,Michael Miller,Electronics,23,51,95,71
4101,Rachel Garcia,Data Science,18,58,64,73
4102,Alice Garcia,Information Technology,19,98,91,72
4103,Rachel Miller,Information Technology,25,75,88,68
4104,Alice Garcia,Electronics,22,98,78,71
4105,Rachel Taylor,Mechanical,25,68,78,81
4106,Helen Miller,Mechanical,24,76,77,77
4107,Charlie Williams,Mechanical,21,69,88,87
4108,Julia Williams,Mechanical,21,88,81,67
4109,Eva Garcia,Mechanical,25,95,61,72
4110,Julia Taylor,Computer Science,18,73,91,85
4111,Grace Davis,Mechanical,22,71,94,56
4112,Michael Brown,Data Science,24,86,83,98
4113,Tina Johnson,Data Science,25,89,79,94
4114,Oscar Martinez,Information Technology,19,52,71,78
4115,Tina Garcia,Mechanical,19,90,65,85
4116,Bob Smith,Computer Science,20,87,79,86
4117,Eva Davis,Information Technology,21,96,64,98
4118,Julia Brown,Electronics,25,70,91,90
4119,Oscar Smith,Computer Science,18,72,91,76
4120,Tina Williams,Mechanical,23,53,73,68
4121,Tina Williams,Information Technology,21,64,64,53
4122,Alice Garcia,Data Science,25,61,100,94
4123,Ivan Johnson,Computer Science,19,93,92,97
4124,Rachel Taylor,Computer Science,24,66,72,78
4125,Paula Brown,Civil,21,70,80,65
4126,Ivan Smith,Computer Science,22,82,77,96
4127,Charlie Garcia,Computer Science,22,84,84,88
4128,Eva Johnson,Computer Science,18,73,81,83
4129,Tina Johnson,Mechanical,18,62,75,62
4130,Alice Davis,Computer Science,18,89,66,56
4131,Michael Smith,Mechanical,24,77,86,81
4132,Quentin Garcia,Civil,24,97,91,63
4133,Ivan Smith,Civil,18,77,73,50
4134,Kevin Miller,Mechanical,23,88,89,83
4135,Bob Martinez,Civil,22,96,70,94
4136,Kevin Smith,Mechanical,25,94,65,90
4137,Laura Johnson,Civil,20,100,80,69
4138,Kevin Smith,Data Science,25,99,90,81
4139,Julia Williams,Data Science,18,94,99,86
4140,Paula Williams,Information Technology,19,57,68,71
4141,Quentin Martinez,Computer Science,25,96,84,80
4142,Steve Johnson,Civil,19,98,73,81
4143,Steve Taylor,Mechanical,25,90,79,89
4144,Kevin Anderson,Data Science,23,69,89,50
4145,Laura Smith,Electronics,23,86,71,77
4146,Michael Garcia,Electronics,23,90,60,67
4147,Rachel Smith,Electronics,23,97,73,53
4148,Charlie Williams,Computer Science,18,83,90,88
4149,Steve Miller,Mechanical,20,77,71,61
4150,Steve Martinez,Information Technology,19,86,67,57
4151,Rachel Anderson,Civil,19,83,69,51
4152,Michael Anderson,Electronics,23,95,69,51
4153,Paula Brown,Electronics,25,95,71,81
4154,Alice Garcia,Civil,23,57,99,58
4155,Grace Miller,Electronics,19,68,80,80
4156,Rachel Smith,Electronics,21,75,90,99
4157,Helen Johnson,Data Science,21,94,60,79
4158,Helen Garcia,Civil,20,60,93,82
4159,Steve Miller,Mechanical,25,91,74,80
4160,Bob Williams,Civil,19,77,70,74
4161,Helen Taylor,Information Technology,18,50,82,99
4162,Laura Miller,Civil,18,51,72,99
4163,David Davis,Mechanical,22,100,77,94
4164,Kevin Taylor,Computer Science,21,78,93,77
4165,Steve Anderson,Computer Science,20,84,67,59
4166,Rachel Brown,Civil,21,84,75,75
4167,Laura Anderson,Mechanical,20,58,93,64
4168,Eva Smith,Information Technology,23,75,76,93
4169,Laura Williams,Electronics,24,57,97,84
4170,Ivan Davis,Mechanical,23,76,98,70
4171,Nina Smith,Electronics,24,88,69,95
4172,David Miller,Electronics,25,66,63,97
4173,Bob Brown,Data Science,21,59,66,81
4174,Charlie Brown,Computer Science,25,55,89,98
4175,Quentin Johnson,Electronics,23,65,65,60
4176,Quentin Taylor,Computer Science,21,78,98,88
4177,Nina Smith,Civil,23,83,64,97
4178,Steve Garcia,Information Technology,19,77,71,54
4179,Quentin Smith,Electronics,19,51,64,66
4180,Charlie Garcia,Data Science,21,69,64,92
4181,Quentin Williams,Data Science,20,62,77,70
4182,Charlie Davis,Electronics,21,93,97,83
4183,Helen Anderson,Data Science,18,54,62,85
4184,Paula Garcia,Information Technology,23,67,78,91
4185,Michael Davis,Information Technology,24,85,84,61
4186,Grace Smith,Computer Science,22,52,98,54
4187,Paula Garcia,Civil,23,67,98,53
4188,Steve Taylor,Data Science,22,83,85,83
4189,Paula Taylor,Information Technology,23,75,95,88
4190,Tina Miller,Mechanical,23,52,94,85
4191,Nina Martinez,Electronics,23,62,69,57
4192,Steve Smith,Civil,18,93,82,65
4193,Nina Williams,Data Science,25,70,88,73
4194,Eva Anderson,Computer Science,19,52,98,90
4195,Eva Smith,Mechanical,22,96,79,91
4196,Quentin Taylor,Electronics,19,91,63,99
4197,Eva Davis,Mechanical,23,97,85,78
4198,Oscar Garcia,Mechanical,23,96,88,96
4199,Steve Taylor,Electronics,24,65,95,66
4200,Alice Anderson,Data Science,23,87,67,68
4201,David Anderson,Civil,19,56,76,75
4202,Oscar Davis,Civil,21,91,75,79
4203,Grace Smith,Electronics,19,84,76,89
4204,Frank Johnson,Mechanical,20,69,98,69
4205,Bob Williams,Electronics,21,88,61,64
4206,Michael Davis,Civil,22,57,80,88
4207,Nina Anderson,Information Technology,22,94,92,75
4208,Quentin Brown,Information Technology,21,55,86,52
4209,Julia Taylor,Electronics,22,86,95,84
4210,Tina Taylor,Civil,21,87,75,76
4211,Quentin Brown,Computer Science,20,94,82,59
4212,Bob Brown,Civil,18,97,84,54
4213,Eva Garcia,Mechanical,19,64,76,88
4214,Paula Brown,Civil,22,67,83,59
4215,Nina Martinez,Computer Science,21,90,95,66
4216,Steve Brown,Information Technology,20,74,75,92
4217,Tina Smith,Electronics,24,50,73,59
4218,Laura Miller,Mechanical,24,58,76,75
4219,Helen Martinez,Computer Science,23,80,78,79
4220,David Garcia,Data Science,23,69,99,91
4221,Helen Miller,Civil,21,89,76,75
4222,Frank Martinez,Computer Science,22,62,99,80
4223,Tina Garcia,Data Science,21,67,91,87
4224,David Anderson,Civil,18,91,77,78
4225,Nina Smith,Civil,19,72,79,78
4226,Nina Williams,Computer Science,20,66,61,78
4227,Alice Garcia,Information Technology,19,85,77,83
4228,Quentin Davis,Data Science,21,62,89,80
4229,Tina Johnson,Data Science,25,91,83,72
4230,Charlie Taylor,Information Technology,23,66,80,66
4231,Quentin Johnson,Electronics,19,85,92,66
4232,Frank Martinez,Electronics,20,51,74,58
4233,Steve Martinez,Data Science,25,96,94,55
4234,Alice Martinez,Mechanical,25,83,76,62
4235,Julia Garcia,Electronics,25,93,91,83
4236,Laura Johnson,Electronics,18,67,85,75
4237,Grace Anderson,Mechanical,18,89,98,100
4238,Michael Taylor,Mechanical,24,76,95,82
4239,Paula Johnson,Civil,25,56,93,100
4240,Ivan Brown,Electronics,25,65,93,67
4241,Charlie Williams,Mechanical,20,65,97,59
4242,Oscar Davis,Mechanical,21,77,66,55
4243,Helen Johnson,Computer Science,22,61,64,84
4244,Steve Miller,Computer Science,25,62,94,97
4245,Michael Taylor,Computer Science,23,76,79,56
4246,Nina Miller,Computer Science,22,74,79,80
4247,Helen Anderson,Electronics,23,68,98,70
4248,Kevin Smith,Information Technology,25,60,73,67
4249,Nina Martinez,Electronics,25,76,64,90
4250,Grace Miller,Civil,25,56,75,50
4251,Frank Smith,Civil,19,59,78,59
4252,Tina Anderson,Computer Science,24,84,100,82
4253,Paula Miller,Computer Science,20,53,85,96
4254,Steve Smith,Data Science,24,67,96,63
4255,Alice Taylor,Civil,21,86,81,55
4256,Alice Brown,Electronics,24,85,95,97
4257,Eva Anderson,Information Technology,22,82,93,63
4258,Grace Davis,Computer Science,23,62,60,78
4259,Grace Martinez,Information Technology,19,94,74,55
4260,Julia Davis,Information Technology,22,63,81,97
4261,Grace Taylor,Information Technology,22,74,92,67
4262,Tina Anderson,Data Science,21,55,63,60
4263,Helen Smith,Data Science,24,85,92,51
4264,Julia Brown,Civil,22,70,74,96
4265,Michael Williams,Computer Science,24,87,64,98
4266,Quentin Martinez,Information Technology,23,91,77,52
4267,Charlie Williams,Mechanical,22,86,94,67
4268,Helen Miller,Computer Science,22,71,93,54
4269,Julia Johnson,Data Science,21,88,92,85
4270,Laura Williams,Civil,22,96,80,60
4271,Tina Davis,Information Technology,24,93,67,64
4272,Paula Brown,Civil,25,75,75,90
4273,Nina Martinez,Electronics,25,79,88,98
4274,Frank Anderson,Computer Science,21,58,96,55
4275,Nina Davis,Information Technology,21,52,84,77
4276,Paula Anderson,Civil,19,81,75,58
4277,Kevin Miller,Computer Science,22,71,61,99
4278,Kevin Anderson,Electronics,18,88,81,81
4279,Helen Martinez,Civil,18,95,94,57
4280,Eva Anderson,Data Science,25,99,100,60
4281,Kevin Taylor,Civil,21,74,73,53
4282,Oscar Davis,Civil,24,65,60,75
4283,Charlie Brown,Civil,23,56,88,57
4284,Steve Johnson,Mechanical,18,82,83,87
4285,Laura Anderson,Mechanical,25,80,80,79
4286,Paula Williams,Information Technology,23,66,93,86
4287,Ivan Taylor,Civil,24,94,82,85
4288,Oscar Smith,Computer Science,18,73,68,58
4289,Grace Davis,Information Technology,18,58,77,68
4290,Oscar Anderson,Data Science,23,58,90,73
4291,Kevin Johnson,Information Technology,19,51,81,100
4292,Quentin Anderson,Civil,18,89,73,90
4293,Kevin Taylor,Civil,25,60,67,52
4294,Julia Taylor,Computer Science,21,94,79,81
4295,Bob Williams,Civil,20,92,92,84
4296,Kevin Garcia,Data Science,25,92,69,78
4297,Michael Martinez,Mechanical,20,91,99,94
4298,Helen Davis,Civil,23,76,72,71
4299,Bob Garcia,Information Technology,22,94,66,96
4300,David Anderson,Information Technology,22,72,88,75
4301,Paula Garcia,Mechanical,18,100,77,62
4302,Michael Williams,Civil,21,83,77,67
4303,Kevin Smith,Computer Science,21,52,62,88
4304,Kevin Anderson,Electronics,24,80,66,55
4305,Laura Miller,Computer Science,21,57,80,76
4306,Tina Brown,Data Science,21,75,80,60
4307,Helen Brown,Mechanical,18,87,88,93
4308,Frank Davis,Computer Science,20,58,79,76
4309,Grace Davis,Mechanical,20,73,72,80
4310,Alice Johnson,Mechanical,20,68,87,67
4311,Tina Martinez,Information Technology,18,74,66,89
4312,Rachel Miller,Electronics,24,87,87,97
4313,Quentin Williams,Information Technology,20,85,90,55
4314,Alice Garcia,Mechanical,18,94,98,54
4315,Eva Williams,Information Technology,23,58,63,80
4316,Frank Anderson,Information Technology,24,74,94,93
4317,Quentin Miller,Mechanical,24,100,97,62
4318,Quentin Anderson,Mechanical,25,89,65,58
4319,Ivan Anderson,Mechanical,23,82,98,88
4320,Nina Martinez,Electronics,19,70,95,88
4321,Quentin Martinez,Data Science,19,57,74,66
4322,Julia Garcia,Electronics,20,77,75,81
4323,Nina Martinez,Civil,21,76,90,85
4324,Laura Miller,Data Science,22,97,90,88
4325,Bob Williams,Electronics,23,61,96,64
4326,Helen Miller,Data Science,25,89,66,68
4327,David Garcia,Mechanical,22,55,96,69
4328,Rachel Smith,Civil,24,51,94,85
4329,Steve Taylor,Electronics,22,86,67,70
4330,Charlie Davis,Information Technology,21,84,70,57
4331,Grace Brown,Mechanical,22,82,88,98
4332,Tina Anderson,Electronics,19,98,72,51
4333,Grace Martinez,Electronics,19,56,83,54
4334,Ivan Garcia,Information Technology,20,72,73,72
4335,Julia Anderson,Information Technology,24,86,65,76
4336,Grace Taylor,Data Science,19,81,95,64
4337,Michael Miller,Electronics,21,61,91,52
4338,Laura Taylor,Electronics,23,91,69,67
4339,Ivan Miller,Information Technology,25,94,63,67
4340,Quentin Miller,Data Science,24,85,89,89
4341,Alice Garcia,Information Technology,25,87,69,64
4342,Kevin Taylor,Information Technology,18,90,75,95
4343,Frank Smith,Data Science,20,84,87,74
4344,Laura Smith,Computer Science,24,87,80,74
4345,Rachel Anderson,Computer Science,18,64,84,87
4346,Frank Miller,Mechanical,21,93,83,99
4347,Eva Miller,Information Technology,19,81,85,53
4348,Laura Williams,Information Technology,21,91,71,99
4349,Quentin Garcia,Data Science,23,100,64,96
4350,Eva Garcia,Information Technology,21,52,70,74
4351,Laura Garcia,Data Science,23,82,76,81
4352,Tina Davis,Information Technology,23,72,81,93
4353,Quentin Miller,Civil,18,58,86,100
4354,Charlie Martinez,Civil,19,87,81,97
4355,Steve Johnson,Civil,22,54,76,74
4356,Michael Anderson,Data Science,22,51,82,50
4357,Michael Garcia,Information Technology,22,77,88,92
4358,Eva Smith,Data Science,21,61,89,69
4359,Kevin Brown,Computer Science,19,82,76,96
4360,Alice Garcia,Data Science,20,84,98,62
4361,Laura Smith,Mechanical,24,64,60,71
4362,Eva Davis,Electronics,25,54,77,77
4363,Helen Smith,Information Technology,21,91,95,59
4364,Oscar Davis,Computer Science,19,51,69,64
4365,Kevin Davis,Civil,18,93,75,73
4366,Helen Garcia,Computer Science,22,64,90,89
4367,Steve Johnson,Civil,23,97,67,61
4368,David Anderson,Electronics,21,91,81,67
4369,Helen Johnson,Mechanical,22,79,78,99
4370,Alice Anderson,Computer Science,19,80,76,97
4371,Alice Anderson,Data Science,21,96,93,85
4372,Alice Brown,Mechanical,22,78,99,66
4373,Grace Garcia,Mechanical,22,55,94,70
4374,Oscar Williams,Information Technology,24,88,87,95
4375,Oscar Garcia,Information Technology,22,88,97,79
4376,Grace Davis,Mechanical,18,54,75,53
4377,Alice Johnson,Mechanical,19,60,92,88
4378,Oscar Miller,Mechanical,19,70,90,89
4379,Grace Miller,Electronics,24,89,96,89
4380,Ivan Garcia,Civil,19,66,70,95
4381,Charlie Davis,Computer Science,24,54,96,72
4382,Laura Miller,Computer Science,23,66,64,82
4383,Quentin Johnson,Information Technology,24,96,94,57
4384,Ivan Brown,Electronics,25,100,73,60
4385,Helen Smith,Computer Science,22,83,92,54
4386,Rachel Taylor,Mechanical,20,96,86,55
4387,Kevin Johnson,Mechanical,25,82,70,73
4388,Quentin Smith,Electronics,23,50,95,96
4389,Oscar Anderson,Civil,20,93,99,57
4390,Oscar Anderson,Electronics,21,100,66,93
4391,Grace Miller,Civil,22,54,94,87
4392,Grace Brown,Electronics,24,98,98,75
4393,Rachel Smith,Civil,25,55,61,95
4394,Kevin Garcia,Mechanical,21,69,91,100
4395,Kevin Williams,Data Science,22,100,65,53
4396,Julia Martinez,Data Science,23,54,86,58
4397,Tina Garcia,Electronics,20,92,82,93
4398,Steve Williams,Computer Science,20,97,99,67
4399,Laura Johnson,Information Technology,24,57,70,100
4400,Quentin Anderson,Computer Science,21,94,100,51
4401,Michael Johnson,Data Science,22,75,78,73
4402,Charlie Taylor,Mechanical,21,83,97,63
4403,Nina Davis,Civil,21,56,92,78
4404,Bob Davis,Mechanical,21,91,72,60
4405,David Anderson,Mechanical,18,92,69,56
4406,Steve Williams,Electronics,21,69,69,78
4407,Quentin Davis,Computer Science,18,63,74,89
4408,Eva Williams,Data Science,19,68,77,77
4409,Frank Smith,Mechanical,23,74,74,77
4410,Charlie Garcia,Data Science,25,76,87,68
4411,Oscar Martinez,Civil,25,65,89,91
4412,Charlie Williams,Electronics,21,64,98,66
4413,Nina Anderson,Electronics,18,51,67,51
4414,Grace Brown,Civil,19,99,76,90
4415,Tina Garcia,Mechanical,18,72,86,90
4416,Laura Taylor,Data Science,19,60,80,87
4417,Kevin Martinez,Data Science,19,78,91,51
4418,Rachel Anderson,Civil,22,66,71,52
4419,Alice Brown,Information Technology,23,66,63,94
4420,Ivan Martinez,Mechanical,23,69,60,80
4421,Steve Williams,Computer Science,21,91,62,51
4422,Bob Martinez,Electronics,23,88,90,59
4423,Laura Brown,Electronics,22,68,64,64
4424,Kevin Garcia,Electronics,24,88,73,75
4425,Grace Smith,Information Technology,20,63,65,55
4426,Paula Brown,Information Technology,22,77,65,58
4427,Oscar Brown,Information Technology,23,60,64,99
4428,Tina Taylor,Civil,20,63,84,74
4429,Laura Taylor,Computer Science,23,62,84,67
4430,Helen Garcia,Information Technology,19,58,93,70
4431,Frank Smith,Electronics,21,85,76,68
4432,Quentin Martinez,Electronics,19,64,64,69
4433,Alice Smith,Civil,19,51,94,95
4434,Rachel Williams,Computer Science,19,80,87,75
4435,Julia Johnson,Civil,22,55,96,54
4436,Bob Taylor,Data Science,19,67,96,64
4437,Ivan Davis,Electronics,19,87,69,62
4438,Grace Williams,Civil,24,93,70,98
4439,Frank Taylor,Electronics,21,84,94,75
4440,Michael Brown,Civil,19,60,64,99
4441,Oscar Johnson,Information Technology,21,79,85,87
4442,Bob Brown,Computer Science,20,97,79,62
4443,Eva Anderson,Mechanical,19,65,66,94
4444,Helen Garcia,Mechanical,21,80,74,68
4445,Laura Taylor,Mechanical,20,66,82,90
4446,Julia Miller,Information Technology,22,96,74,62
4447,Tina Brown,Information Technology,18,58,82,60
4448,Julia Garcia,Civil,25,60,93,99
4449,Charlie Garcia,Data Science,21,76,84,51
4450,Tina Anderson,Information Technology,23,61,74,53
4451,Alice Smith,Information Technology,24,97,61,92
4452,Rachel Taylor,Electronics,19,100,86,56
4453,Nina Davis,Mechanical,18,56,77,94
4454,Quentin Williams,Information Technology,24,63,97,76
4455,Helen Davis,Data Science,18,71,79,63
4456,Rachel Garcia,Computer Science,22,63,97,74
4457,Quentin Williams,Electronics,19,73,76,71
4458,Paula Williams,Data Science,18,76,88,52
4459,Steve Johnson,Mechanical,23,67,64,67
4460,Bob Martinez,Civil,23,81,82,51
4461,Steve Anderson,Computer Science,19,70,82,65
4462,David Martinez,Electronics,20,86,79,71
4463,Nina Taylor,Civil,19,91,93,82
4464,Nina Johnson,Electronics,18,79,79,51
4465,Rachel Davis,Electronics,18,51,65,93
4466,Nina Anderson,Data Science,22,99,66,78
4467,Grace Miller,Data Science,19,82,74,87
4468,Charlie Garcia,Civil,21,68,72,74
4469,Bob Johnson,Information Technology,22,85,62,69
4470,Ivan Johnson,Computer Science,19,59,75,97
4471,Charlie Davis,Data Science,24,76,94,92
4472,Charlie Anderson,Computer Science,22,99,94,100
4473,Julia Martinez,Data Science,24,97,79,99
4474,Bob Smith,Computer Science,22,64,63,79
4475,Helen Davis,Mechanical,23,67,75,75
4476,Quentin Garcia,Electronics,19,100,74,72
4477,Helen Brown,Electronics,20,74,64,52
4478,David Anderson,Electronics,21,87,98,56
4479,Grace Davis,Information Technology,24,86,74,87
4480,Rachel Miller,Civil,19,95,63,51
4481,Grace Taylor,Computer Science,18,95,97,73
4482,Rachel Smith,Computer Science,23,88,95,72
4483,Grace Miller,Electronics,24,55,87,81
4484,Grace Williams,Electronics,22,56,69,98
4485,Tina Garcia,Mechanical,24,55,84,56
4486,Tina Johnson,Civil,22,84,81,93
4487,Charlie Taylor,Mechanical,25,81,88,55
4488,Kevin Martinez,Mechanical,25,52,74,85
4489,Michael Davis,Mechanical,18,92,94,80
4490,Oscar Brown,Electronics,24,88,96,50
4491,Julia Smith,Data Science,24,72,98,97
4492,Oscar Garcia,Computer Science,22,82,71,80
4493,Grace Smith,Computer Science,23,87,68,92
4494,Oscar Davis,Data Science,19,62,60,94
4495,Eva Smith,Electronics,19,82,96,96
4496,Michael Anderson,Mechanical,20,55,80,83
4497,Nina Williams,Civil,21,60,69,72
4498,Charlie Williams,Civil,20,73,85,50
4499,Quentin Miller,Computer Science,21,64,62,96
4500,Kevin Johnson,Civil,21,58,80,91
4501,Frank Anderson,Computer Science,19,73,72,55
4502,Kevin Martinez,Mechanical,24,80,63,52
4503,Alice Miller,Electronics,24,54,76,90
4504,Quentin Brown,Information Technology,25,69,79,80
4505,Tina Johnson,Computer Science,21,100,68,58
4506,Charlie Garcia,Civil,18,99,86,91
4507,Quentin Taylor,Civil,24,52,63,86
4508,Helen Garcia,Information Technology,25,66,77,89
4509,Eva Davis,Computer Science,22,99,63,69
4510,Steve Taylor,Computer Science,24,61,81,90
4511,Laura Martinez,Civil,22,83,88,57
4512,Grace Garcia,Information Technology,23,67,81,98
4513,Alice Garcia,Information Technology,20,70,72,58
4514,Charlie Garcia,Data Science,19,63,100,61
4515,Laura Martinez,Civil,19,52,98,53
4516,Nina Brown,Computer Science,18,73,83,68
4517,Alice Johnson,Mechanical,24,97,96,96
4518,Helen Williams,Mechanical,22,97,71,93
4519,Nina Brown,Computer Science,19,93,74,61
4520,Grace Johnson,Mechanical,24,71,67,72
4521,Frank Johnson,Electronics,23,56,60,98
4522,Michael Smith,Computer Science,24,57,84,75
4523,Rachel Davis,Civil,24,73,82,50
4524,Laura Miller,Data Science,18,80,96,93
4525,Charlie Garcia,Civil,24,62,69,73
4526,Michael Martinez,Information Technology,25,61,97,85
4527,Julia Smith,Computer Science,20,52,92,63
4528,Helen Miller,Mechanical,25,50,80,62
4529,Grace Anderson,Electronics,24,87,78,72
4530,Alice Williams,Data Science,19,74,89,55
4531,Kevin Garcia,Data Science,25,89,93,86
4532,Ivan Brown,Data Science,24,94,71,96
4533,David Anderson,Electronics,23,76,81,100
4534,Michael Smith,Mechanical,21,91,97,88
4535,Michael Smith,Data Science,23,92,78,99
4536,Eva Taylor,Civil,20,82,63,76
4537,Paula Anderson,Data Science,21,60,85,76
4538,Rachel Brown,Mechanical,25,54,69,97
4539,Tina Miller,Electronics,24,51,79,57
4540,David Davis,Information Technology,21,76,78,71
4541,Kevin Garcia,Mechanical,20,55,87,60
4542,Helen Taylor,Information Technology,22,62,69,86
4543,Laura Garcia,Electronics,23,100,85,61
4544,Rachel Johnson,Mechanical,18,87,96,74
4545,Oscar Smith,Electronics,18,98,91,67
4546,Kevin Taylor,Computer Science,25,50,89,90
4547,Alice Johnson,Civil,23,70,73,70
4548,Charlie Davis,Mechanical,22,89,95,54
4549,Eva Williams,Data Science,18,56,77,97
4550,Paula Johnson,Mechanical,24,55,83,74
4551,Alice Williams,Mechanical,20,78,81,51
4552,Julia Williams,Information Technology,18,54,96,56
4553,Michael Martinez,Electronics,19,82,67,56
4554,Quentin Davis,Computer Science,23,62,67,69
4555,Tina Garcia,Civil,19,58,88,81
4556,Alice Williams,Information Technology,20,58,69,51
4557,Bob Johnson,Computer Science,21,68,88,69
4558,Rachel Smith,Mechanical,19,54,96,74
4559,Ivan Garcia,Computer Science,18,88,64,70
4560,Quentin Williams,Electronics,24,94,94,64
4561,Helen Garcia,Computer Science,25,84,74,84
4562,Tina Johnson,Information Technology,20,77,91,100
4563,David Smith,Information Technology,22,72,77,83
4564,Charlie Miller,Data Science,22,54,60,62
4565,Quentin Johnson,Electronics,25,80,93,85
4566,Eva Garcia,Electronics,20,68,93,66
4567,Eva Smith,Civil,24,56,70,72
4568,Eva Miller,Mechanical,23,73,92,97
4569,Grace Miller,Data Science,25,69,63,85
4570,Steve Williams,Electronics,18,64,85,51
4571,Quentin Anderson,Civil,25,96,91,97
4572,Ivan Davis,Computer Science,22,78,93,75
4573,Nina Davis,Mechanical,18,99,94,55
4574,Nina Williams,Electronics,21,58,77,82
4575,Grace Williams,Electronics,24,83,84,54
4576,Charlie Martinez,Computer Science,25,95,90,78
4577,Julia Smith,Information Technology,19,73,82,64
4578,Alice Garcia,Civil,21,76,74,80
4579,Ivan Smith,Information Technology,20,59,97,91
4580,Rachel Garcia,Mechanical,19,60,72,99
4581,Michael Miller,Civil,21,86,75,51
4582,Frank Smith,Data Science,18,96,82,51
4583,Rachel Johnson,Data Science,20,67,69,86
4584,David Anderson,Computer Science,20,86,79,71
4585,Michael Taylor,Information Technology,22,68,87,63
4586,Nina Brown,Civil,18,74,62,85
4587,Michael Davis,Data Science,25,72,86,52
4588,Quentin Miller,Mechanical,22,81,65,50
4589,Eva Garcia,Electronics,22,89,87,60
4590,Helen Davis,Mechanical,20,52,80,78
4591,Paula Williams,Data Science,21,54,60,60
4592,Oscar Smith,Electronics,22,78,95,100
4593,Eva Taylor,Computer Science,25,55,86,94
4594,Julia Anderson,Electronics,21,94,68,50
4595,Tina Smith,Information Technology,22,97,83,57
4596,Laura Garcia,Electronics,18,90,62,100
4597,Rachel Williams,Information Technology,25,100,68,94
4598,Ivan Williams,Mechanical,18,74,61,52
4599,Alice Garcia,Mechanical,24,91,85,68
4600,Paula Anderson,Mechanical,25,86,87,54
4601,Bob Williams,Computer Science,20,88,72,78
4602,Ivan Taylor,Electronics,21,84,100,98
4603,Oscar Williams,Data Science,22,71,94,76
4604,Alice Brown,Computer Science,25,62,73,52
4605,Ivan Smith,Computer Science,24,64,63,79
4606,Eva Brown,Computer Science,21,57,94,84
4607,Eva Garcia,Information Technology,18,90,68,80
4608,Ivan Martinez,Computer Science,23,93,68,53
4609,Quentin Brown,Data Science,23,99,74,100
4610,David Miller,Information Technology,19,62,61,88
4611,Eva Martinez,Data Science,25,96,74,98
4612,David Johnson,Electronics,22,97,64,74
4613,Helen Taylor,Computer Science,23,95,69,90
4614,Bob Johnson,Computer Science,23,89,84,56
4615,David Miller,Civil,20,59,88,77
4616,Julia Martinez,Civil,24,81,64,66
4617,Eva Garcia,Information Technology,25,67,80,94
4618,Kevin Garcia,Civil,24,82,71,90
4619,Tina Brown,Civil,22,89,68,94
4620,Paula Garcia,Computer Science,24,83,82,94
4621,Charlie Martinez,Information Technology,24,94,81,91
4622,Ivan Johnson,Electronics,22,93,68,92
4623,Helen Martinez,Civil,22,95,67,51
4624,Tina Anderson,Computer Science,18,70,89,96
4625,Helen Smith,Computer Science,22,53,92,96
4626,Quentin Anderson,Electronics,18,99,91,63
4627,Rachel Davis,Information Technology,24,90,85,63
4628,Alice Smith,Data Science,21,98,70,90
4629,Steve Williams,Data Science,20,50,89,60
4630,Eva Miller,Computer Science,22,79,68,57
4631,Bob Smith,Mechanical,20,92,63,64
4632,Laura Miller,Electronics,19,55,81,97
4633,Ivan Garcia,Civil,25,54,61,83
4634,David Martinez,Computer Science,22,52,76,77
4635,Julia Miller,Electronics,19,94,72,52
4636,David Miller,Electronics,21,54,70,76
4637,Helen Johnson,Electronics,23,85,100,86
4638,Bob Taylor,Mechanical,21,100,99,100
4639,Grace Taylor,Information Technology,25,50,98,83
4640,Kevin Martinez,Electronics,21,88,81,90
4641,Michael Davis,Information Technology,24,70,67,92
4642,Alice Garcia,Computer Science,24,88,73,52
4643,Tina Miller,Information Technology,24,100,84,91
4644,Rachel Miller,Mechanical,23,99,91,53
4645,Ivan Miller,Electronics,23,65,70,99
4646,Steve Williams,Computer Science,23,55,84,98
4647,Ivan Miller,Data Science,23,65,97,51
4648,Helen Smith,Civil,18,66,63,77
4649,Tina Brown,Mechanical,21,62,65,56
4650,Bob Garcia,Computer Science,19,81,68,98
4651,Quentin Williams,Mechanical,25,53,68,70
4652,Charlie Williams,Data Science,22,73,77,77
4653,Nina Miller,Electronics,18,75,82,67
4654,Frank Williams,Civil,23,68,93,83
4655,Steve Miller,Mechanical,20,84,62,98
4656,Julia Williams,Mechanical,20,59,98,98
4657,Julia Williams,Computer Science,21,87,92,57
4658,Kevin Miller,Civil,21,100,88,80
4659,Kevin Taylor,Mechanical,19,75,95,95
4660,Bob Anderson,Civil,18,96,77,70
4661,Quentin Johnson,Data Science,25,54,88,59
4662,Julia Smith,Data Science,25,93,60,69
4663,Charlie Davis,Computer Science,21,68,82,92
4664,Alice Miller,Information Technology,20,88,90,76
4665,Quentin Miller,Electronics,18,50,84,51
4666,Oscar Garcia,Mechanical,23,90,68,54
4667,Ivan Martinez,Electronics,20,96,95,82
4668,Helen Anderson,Data Science,25,89,97,79
4669,Nina Garcia,Information Technology,18,68,77,87
4670,Eva Johnson,Information Technology,19,76,74,63
4671,Michael Davis,Mechanical,22,96,77,100
4672,Nina Brown,Electronics,25,57,63,90
4673,Alice Brown,Mechanical,24,77,87,81
4674,Tina Martinez,Electronics,22,71,74,100
4675,Helen Miller,Electronics,25,94,90,58
4676,Paula Williams,Civil,23,53,73,53
4677,Nina Brown,Information Technology,24,50,86,91
4678,Kevin Brown,Computer Science,19,78,76,66
4679,Ivan Miller,Information Technology,18,51,64,93
4680,Quentin Taylor,Information Technology,19,63,61,65
4681,Quentin Martinez,Data Science,22,64,78,50
4682,Laura Johnson,Computer Science,24,96,64,57
4683,Oscar Brown,Electronics,23,84,95,55
4684,Alice Anderson,Mechanical,25,61,72,100
4685,David Miller,Mechanical,20,100,61,63
4686,Charlie Miller,Electronics,25,77,100,87
4687,Eva Anderson,Electronics,18,86,70,81
4688,Grace Garcia,Computer Science,25,99,81,78
4689,Alice Garcia,Electronics,18,85,93,97
4690,Julia Davis,Civil,18,92,90,77
4691,Steve Johnson,Computer Science,23,65,99,77
4692,Bob Smith,Data Science,22,99,66,77
4693,Quentin Garcia,Information Technology,18,53,88,83
4694,Ivan Taylor,Electronics,23,98,94,75
4695,Tina Miller,Mechanical,23,90,78,98
4696,Michael Martinez,Civil,25,69,84,89
4697,Alice Davis,Civil,22,62,77,54
4698,Bob Taylor,Data Science,23,75,60,61
4699,Quentin Brown,Data Science,23,77,76,60
4700,Alice Anderson,Mechanical,19,96,69,64
4701,Quentin Smith,Data Science,19,56,60,69
4702,Michael Brown,Civil,22,86,76,60
4703,Steve Miller,Mechanical,20,87,66,54
4704,Oscar Miller,Civil,20,90,60,83
4705,Ivan Brown,Civil,19,72,62,71
4706,Frank Miller,Electronics,22,85,76,54
4707,Charlie Johnson,Civil,19,91,100,50
4708,Eva Davis,Civil,20,72,92,70
4709,Nina Brown,Data Science,22,64,70,99
4710,Bob Taylor,Data Science,20,84,66,95
4711,Ivan Miller,Information Technology,23,77,97,56
4712,Nina Garcia,Mechanical,24,55,69,69
4713,Grace Williams,Information Technology,23,92,71,98
4714,Laura Brown,Electronics,20,82,98,90
4715,Helen Williams,Civil,20,64,65,66
4716,Ivan Anderson,Electronics,23,94,78,63
4717,Laura Williams,Computer Science,20,95,64,97
4718,Kevin Martinez,Mechanical,18,61,92,66
4719,Frank Garcia,Mechanical,19,94,98,57
4720,Grace Miller,Data Science,23,63,69,61
4721,Frank Davis,Computer Science,21,93,91,84
4722,Michael Garcia,Electronics,21,82,90,55
4723,Bob Martinez,Information Technology,23,56,81,65
4724,Alice Davis,Computer Science,24,66,61,55
4725,Kevin Garcia,Data Science,19,54,61,66
4726,Paula Johnson,Mechanical,21,97,71,62
4727,Alice Anderson,Information Technology,25,98,66,96
4728,Oscar Johnson,Information Technology,25,98,61,86
4729,Rachel Smith,Electronics,20,72,70,56
4730,Steve Smith,Mechanical,19,77,69,77
4731,Tina Miller,Civil,25,100,74,60
4732,Michael Brown,Mechanical,18,54,71,78
4733,Steve Brown,Mechanical,20,67,86,51
4734,Tina Martinez,Mechanical,24,62,82,80
4735,Nina Brown,Electronics,18,51,73,65
4736,Steve Johnson,Mechanical,18,80,81,63
4737,Quentin Taylor,Computer Science,18,68,88,51
4738,Grace Taylor,Civil,23,94,80,66
4739,Tina Davis,Computer Science,19,91,90,95
4740,Oscar Taylor,Civil,23,53,72,89
4741,Alice Miller,Mechanical,20,62,61,72
4742,Quentin Miller,Mechanical,23,51,62,66
4743,Tina Smith,Information Technology,23,75,60,77
4744,Helen Brown,Information Technology,25,77,83,80
4745,Frank Williams,Mechanical,25,60,83,87
4746,Kevin Williams,Information Technology,21,97,83,56
4747,Eva Taylor,Information Technology,20,97,72,50
4748,David Johnson,Mechanical,23,93,94,98
4749,Julia Anderson,Electronics,20,93,94,89
4750,Bob Brown,Civil,22,59,88,94
4751,Ivan Davis,Computer Science,23,84,96,83
4752,Kevin Johnson,Information Technology,22,88,61,80
4753,Oscar Miller,Civil,20,59,75,63
4754,Steve Garcia,Computer Science,18,70,62,78
4755,Nina Williams,Information Technology,22,96,68,66
4756,Charlie Martinez,Electronics,19,65,93,76
4757,Laura Smith,Electronics,25,69,64,79
4758,Julia Miller,Data Science,22,76,74,84
4759,Eva Smith,Data Science,20,94,89,81
4760,Rachel Davis,Computer Science,21,95,72,51
4761,Bob Smith,Electronics,24,65,90,87
4762,Ivan Miller,Civil,19,62,87,75
4763,Nina Miller,Information Technology,24,74,97,61
4764,Grace Garcia,Information Technology,18,90,86,98
4765,Charlie Brown,Electronics,20,56,86,55
4766,Alice Williams,Electronics,20,54,88,62
4767,Quentin Smith,Civil,24,64,78,84
4768,Alice Davis,Electronics,24,98,89,58
4769,Charlie Brown,Electronics,22,63,93,51
4770,Alice Smith,Data Science,20,75,70,77
4771,Alice Johnson,Data Science,25,66,81,92
4772,Laura Smith,Mechanical,18,87,65,84
4773,Alice Taylor,Civil,25,81,84,67
4774,Quentin Johnson,Electronics,24,60,92,54
4775,Rachel Smith,Data Science,21,75,70,74
4776,Tina Smith,Information Technology,18,61,100,57
4777,Laura Garcia,Computer Science,23,64,62,77
4778,Tina Garcia,Civil,18,53,70,66
4779,Eva Taylor,Data Science,18,74,68,57
4780,Nina Brown,Data Science,18,62,62,53
4781,Steve Davis,Data Science,25,56,60,73
4782,Laura Davis,Data Science,18,85,71,52
4783,Michael Williams,Electronics,25,69,93,90
4784,Kevin Anderson,Information Technology,19,61,63,84
4785,Paula Davis,Information Technology,23,72,79,59
4786,Oscar Williams,Mechanical,24,100,62,57
4787,Frank Williams,Data Science,19,97,74,94
4788,Quentin Miller,Data Science,21,99,68,100
4789,Tina Garcia,Computer Science,22,78,75,85
4790,Nina Miller,Data Science,19,77,66,96
4791,Charlie Brown,Computer Science,21,67,83,81
4792,Steve Williams,Mechanical,21,76,71,74
4793,Michael Brown,Electronics,24,97,75,64
4794,Eva Williams,Electronics,20,68,75,85
4795,Ivan Taylor,Information Technology,21,68,77,52
4796,Charlie Smith,Information Technology,25,52,84,62
4797,Julia Taylor,Electronics,22,63,88,60
4798,Michael Williams,Electronics,21,83,95,76
4799,Grace Johnson,Civil,21,86,69,77
4800,Tina Miller,Data Science,23,87,70,56
4801,Bob Miller,Mechanical,19,56,75,62
4802,Quentin Davis,Information Technology,20,87,62,62
4803,David Miller,Computer Science,19,66,87,58
4804,Ivan Davis,Civil,23,97,64,74
4805,Alice Taylor,Civil,23,70,68,98
4806,Ivan Davis,Information Technology,18,75,89,86
4807,David Martinez,Data Science,25,72,68,97
4808,Frank Taylor,Information Technology,18,78,81,62
4809,Nina Williams,Mechanical,20,50,67,66
4810,Charlie Brown,Computer Science,25,60,80,78
4811,Michael Garcia,Information Technology,19,96,93,57
4812,Nina Johnson,Data Science,21,87,75,98
4813,Julia Williams,Civil,23,61,85,93
4814,Oscar Miller,Mechanical,19,55,60,85
4815,Tina Smith,Computer Science,19,54,65,76
4816,Quentin Smith,Civil,20,95,100,70
4817,Tina Taylor,Computer Science,20,86,83,54
4818,David Brown,Electronics,23,91,92,77
4819,Ivan Garcia,Civil,23,68,95,60
4820,David Miller,Electronics,20,73,96,60
4821,Quentin Williams,Electronics,24,54,99,86
4822,Julia Davis,Information Technology,25,78,93,95
4823,Kevin Miller,Mechanical,25,99,88,53
4824,Laura Smith,Civil,22,56,91,75
4825,Alice Garcia,Mechanical,24,67,94,64
4826,Ivan Smith,Electronics,25,71,84,60
4827,Grace Brown,Computer Science,25,56,71,68
4828,Charlie Davis,Mechanical,21,98,88,79
4829,Kevin Taylor,Computer Science,20,89,70,83
4830,Julia Johnson,Information Technology,23,63,88,99
4831,Steve Davis,Data Science,19,63,96,98
4832,Nina Anderson,Computer Science,23,62,100,56
4833,Alice Taylor,Information Technology,22,65,83,96
4834,Helen Anderson,Mechanical,22,52,86,52
4835,Grace Smith,Mechanical,20,56,85,76
4836,Laura Davis,Electronics,24,67,82,92
4837,Grace Martinez,Civil,19,99,78,59
4838,Steve Miller,Information Technology,19,53,61,69
4839,David Miller,Civil,18,87,86,69
4840,Michael Brown,Computer Science,18,56,68,75
4841,Oscar Martinez,Electronics,22,65,98,60
4842,Michael Davis,Mechanical,18,88,89,99
4843,Charlie Martinez,Civil,23,100,65,57
4844,Steve Miller,Information Technology,25,78,71,94
4845,Ivan Brown,Data Science,21,82,78,72
4846,Oscar Garcia,Mechanical,18,93,92,89
4847,Steve Taylor,Electronics,25,56,71,52
4848,Tina Martinez,Computer Science,20,74,73,85
4849,Nina Anderson,Information Technology,20,52,62,69
4850,Eva Smith,Data Science,21,99,65,100
4851,Rachel Miller,Information Technology,25,55,91,70
4852,Kevin Smith,Information Technology,22,75,74,67
4853,Paula Taylor,Information Technology,21,57,87,92
4854,Grace Johnson,Civil,21,69,71,77
4855,David Johnson,Information Technology,25,96,100,64
4856,Quentin Williams,Civil,20,69,82,89
4857,Frank Garcia,Mechanical,25,65,82,98
4858,Quentin Anderson,Mechanical,22,67,92,75
4859,Laura Martinez,Electronics,18,72,68,73
4860,Rachel Williams,Electronics,23,79,85,81
4861,Paula Garcia,Electronics,22,80,83,82
4862,Frank Brown,Computer Science,23,91,98,98
4863,Tina Davis,Mechanical,21,83,94,71
4864,Oscar Martinez,Mechanical,25,62,84,62
4865,Ivan Taylor,Information Technology,24,53,62,68
4866,Paula Smith,Computer Science,19,75,66,91
4867,Alice Garcia,Civil,25,95,72,72
4868,Grace Williams,Data Science,19,91,61,93
4869,Helen Taylor,Information Technology,18,50,98,60
4870,Julia Martinez,Information Technology,25,96,60,61
4871,Michael Taylor,Computer Science,19,50,78,56
4872,Eva Anderson,Mechanical,24,89,96,87
4873,Bob Taylor,Data Science,22,82,89,67
4874,Eva Davis,Information Technology,22,57,72,63
4875,Grace Taylor,Civil,23,83,88,79
4876,Frank Anderson,Information Technology,21,51,62,77
4877,Frank Anderson,Information Technology,22,57,64,82
4878,Bob Miller,Information Technology,19,77,86,72
4879,Charlie Johnson,Civil,21,76,71,75
4880,Ivan Miller,Data Science,21,62,74,54
4881,Alice Anderson,Mechanical,22,72,78,67
4882,Helen Anderson,Mechanical,23,59,89,56
4883,Helen Johnson,Mechanical,23,73,81,88
4884,Ivan Davis,Computer Science,19,58,87,94
4885,Helen Brown,Mechanical,21,78,87,59
4886,Frank Taylor,Mechanical,21,65,87,77
4887,Eva Williams,Information Technology,25,55,97,92
4888,Bob Davis,Electronics,19,70,65,93
4889,Eva Johnson,Civil,21,91,75,79
4890,Kevin Brown,Civil,20,62,76,77
4891,Grace Johnson,Civil,20,98,61,73
4892,Grace Taylor,Electronics,20,74,91,86
4893,Tina Johnson,Civil,20,74,76,100
4894,Helen Smith,Mechanical,21,86,73,94
4895,Charlie Martinez,Electronics,24,56,90,58
4896,Kevin Anderson,Information Technology,18,56,89,77
4897,Tina Miller,Information Technology,20,58,90,82
4898,Helen Anderson,Civil,18,75,66,65
4899,Paula Johnson,Mechanical,25,74,75,77
4900,Grace Miller,Information Technology,22,70,89,82
4901,Tina Garcia,Computer Science,25,82,89,79
4902,Eva Taylor,Electronics,23,84,86,51
4903,Eva Brown,Data Science,21,98,92,68
4904,Paula Anderson,Computer Science,25,52,65,98
4905,Rachel Taylor,Civil,23,98,77,75
4906,Kevin Garcia,Information Technology,23,68,100,58
4907,Paula Taylor,Data Science,19,56,98,92
4908,Rachel Taylor,Electronics,25,73,84,94
4909,Kevin Williams,Civil,21,95,79,91
4910,David Brown,Mechanical,22,87,99,92
4911,Charlie Martinez,Information Technology,18,61,95,94
4912,Oscar Williams,Data Science,21,67,81,56
4913,Kevin Johnson,Mechanical,22,64,75,55
4914,Helen Johnson,Data Science,20,83,71,79
4915,David Miller,Computer Science,18,71,80,89
4916,David Martinez,Mechanical,22,95,81,65
4917,Frank Anderson,Computer Science,18,93,65,84
4918,Bob Johnson,Information Technology,19,75,63,77
4919,Bob Davis,Mechanical,25,87,95,56
4920,Julia Garcia,Information Technology,24,73,73,52
4921,Paula Garcia,Civil,20,57,71,81
4922,Nina Garcia,Electronics,24,56,72,78
4923,Alice Anderson,Information Technology,19,84,94,88
4924,Frank Smith,Electronics,21,60,96,87
4925,Bob Smith,Computer Science,22,56,89,72
4926,Ivan Anderson,Mechanical,23,91,73,75
4927,Michael Williams,Mechanical,20,53,62,56
4928,Oscar Smith,Data Science,21,53,88,56
4929,Kevin Garcia,Computer Science,22,60,75,62
4930,Paula Miller,Computer Science,23,99,61,92
4931,Helen Smith,Mechanical,24,87,72,72
4932,Kevin Williams,Civil,23,60,72,94
4933,Frank Martinez,Information Technology,21,69,81,63
4934,Laura Anderson,Information Technology,18,100,93,56
4935,Paula Garcia,Electronics,24,54,89,94
4936,Steve Johnson,Computer Science,20,65,82,88
4937,Laura Davis,Information Technology,19,57,92,90
4938,Frank Davis,Computer Science,25,73,71,99
4939,Tina Garcia,Data Science,22,63,94,75
4940,Laura Garcia,Data Science,19,52,63,87
4941,Julia Taylor,Computer Science,21,94,76,81
4942,Michael Smith,Civil,25,86,72,95
4943,Charlie Williams,Data Science,21,75,87,92
4944,Paula Smith,Data Science,21,79,80,98
4945,Steve Anderson,Information Technology,23,51,100,83
4946,Laura Miller,Electronics,21,70,70,99
4947,Ivan Brown,Computer Science,18,83,69,53
4948,Paula Anderson,Computer Science,19,97,72,65
4949,Steve Taylor,Data Science,19,75,100,92
4950,Eva Miller,Mechanical,21,78,86,72
4951,Steve Davis,Mechanical,20,62,63,55
4952,Helen Davis,Data Science,23,68,93,84
4953,Eva Johnson,Mechanical,25,50,85,91
4954,Julia Johnson,Data Science,18,82,84,88
4955,Helen Miller,Data Science,24,77,83,100
4956,Helen Martinez,Electronics,19,72,99,69
4957,Julia Taylor,Mechanical,19,77,74,60
4958,Laura Williams,Computer Science,23,84,66,57
4959,Eva Miller,Information Technology,19,74,68,74
4960,David Martinez,Computer Science,25,83,90,51
4961,Oscar Martinez,Information Technology,19,86,61,52
4962,Grace Johnson,Data Science,21,59,92,84
4963,Laura Williams,Computer Science,21,88,81,82
4964,Frank Martinez,Information Technology,25,56,92,52
4965,Rachel Anderson,Information Technology,25,55,60,98
4966,Alice Brown,Civil,19,59,96,88
4967,Paula Taylor,Computer Science,23,56,72,86
4968,Bob Miller,Data Science,19,87,67,73
4969,Paula Taylor,Mechanical,23,54,99,100
4970,Laura Smith,Data Science,21,85,90,52
4971,Ivan Davis,Mechanical,23,71,84,92
4972,Eva Brown,Data Science,18,84,65,83
4973,Bob Taylor,Information Technology,19,98,80,71
4974,Helen Garcia,Computer Science,25,63,81,54
4975,Quentin Johnson,Computer Science,23,98,96,82
4976,Laura Taylor,Mechanical,24,83,90,83
4977,Julia Johnson,Civil,18,76,92,73
4978,Eva Garcia,Data Science,21,72,90,81
4979,Bob Miller,Electronics,19,99,73,60
4980,Julia Brown,Computer Science,19,100,66,62
4981,Rachel Smith,Data Science,25,85,68,93
4982,Laura Davis,Computer Science,25,95,71,84
4983,Nina Martinez,Information Technology,21,81,98,97
4984,Charlie Davis,Electronics,21,83,99,66
4985,Paula Taylor,Electronics,20,98,100,69
4986,Bob Williams,Electronics,20,53,84,56
4987,Eva Johnson,Electronics,22,93,74,76
4988,Grace Anderson,Mechanical,19,50,74,77
4989,Quentin Anderson,Electronics,20,77,94,51
4990,Michael Smith,Information Technology,19,98,83,60
4991,Eva Williams,Mechanical,25,73,72,62
4992,Laura Brown,Electronics,19,60,99,95
4993,Helen Miller,Civil,20,91,86,66
4994,Laura Garcia,Computer Science,22,75,94,99
4995,Nina Anderson,Civil,22,63,85,50
4996,Alice Brown,Data Science,23,84,81,92
4997,Eva Garcia,Computer Science,24,58,85,56
4998,Charlie Taylor,Civil,19,61,87,94
4999,Tina Garcia,Electronics,22,76,92,83
5000,Nina Brown,Computer Science,19,98,94,90
5001,Bob Brown,Data Science,18,74,69,52
5002,Quentin Johnson,Mechanical,24,92,61,55
5003,Quentin Brown,Mechanical,19,64,82,58
5004,Julia Garcia,Information Technology,18,79,80,53
5005,David Miller,Data Science,23,84,91,54
5006,Kevin Anderson,Civil,24,89,67,73
5007,Tina Brown,Electronics,25,78,71,53
5008,Laura Williams,Data Science,24,76,65,94
5009,Grace Smith,Information Technology,24,81,69,53
5010,Quentin Martinez,Mechanical,24,51,86,88
5011,Steve Brown,Computer Science,25,79,78,80
5012,Alice Taylor,Computer Science,22,95,98,68
5013,Grace Anderson,Information Technology,18,68,80,87
5014,Grace Brown,Computer Science,25,83,96,55
5015,Bob Johnson,Civil,23,99,97,56
5016,Kevin Brown,Computer Science,21,50,83,82
5017,Nina Martinez,Civil,24,64,64,65
5018,Helen Johnson,Computer Science,22,64,81,73
5019,Quentin Smith,Computer Science,23,51,91,85
5020,Steve Brown,Mechanical,19,62,61,60
5021,Charlie Taylor,Data Science,19,57,62,97
5022,Quentin Miller,Information Technology,24,91,79,61
5023,Oscar Williams,Electronics,24,99,76,83
5024,Alice Martinez,Information Technology,25,79,90,73
5025,Laura Garcia,Civil,25,91,94,61
5026,Bob Davis,Mechanical,23,67,94,57
5027,Steve Johnson,Mechanical,20,50,69,72
5028,Michael Williams,Electronics,25,79,72,68
5029,Oscar Brown,Data Science,25,77,88,70
5030,David Smith,Electronics,25,59,65,94
5031,Paula Williams,Computer Science,20,70,98,77
5032,Alice Williams,Electronics,19,76,85,79
5033,Kevin Garcia,Civil,20,79,94,77
5034,Frank Johnson,Information Technology,25,95,85,88
5035,Ivan Davis,Data Science,22,82,62,79
5036,Bob Garcia,Data Science,21,73,75,72
5037,Oscar Garcia,Civil,24,64,90,100
5038,Quentin Taylor,Mechanical,24,78,87,93
5039,Rachel Williams,Civil,22,91,72,97
5040,Steve Smith,Data Science,20,55,90,89
5041,Julia Taylor,Electronics,20,100,99,53
5042,Ivan Williams,Information Technology,19,84,81,53
5043,Eva Davis,Mechanical,23,80,85,56
5044,Julia Martinez,Civil,19,87,66,74
5045,Bob Smith,Electronics,20,80,79,69
5046,Steve Garcia,Data Science,22,62,71,70
5047,Alice Smith,Civil,20,87,63,88
5048,Eva Taylor,Civil,20,83,80,83
5049,Laura Anderson,Data Science,21,92,78,100
5050,Kevin Smith,Electronics,24,61,78,86
5051,Bob Smith,Data Science,18,79,88,80
5052,David Miller,Data Science,21,67,61,69
5053,Quentin Garcia,Electronics,20,73,89,50
5054,Michael Taylor,Civil,19,87,87,74
5055,David Brown,Electronics,24,52,92,92
5056,Michael Johnson,Civil,25,59,83,61
5057,Quentin Smith,Mechanical,22,94,72,58
5058,Paula Taylor,Mechanical,24,53,96,95
5059,Steve Williams,Mechanical,23,84,95,82
5060,Bob Anderson,Information Technology,23,87,64,69
5061,Kevin Anderson,Computer Science,23,70,97,99
5062,Grace Johnson,Data Science,22,100,93,73
5063,David Anderson,Civil,21,54,67,100
5064,Grace Miller,Mechanical,22,93,80,95
5065,David Johnson,Civil,25,78,79,97
5066,Paula Garcia,Information Technology,25,77,61,55
5067,David Brown,Electronics,18,61,75,52
5068,Laura Davis,Civil,21,87,97,76
5069,Frank Anderson,Electronics,18,67,65,90
5070,Tina Miller,Data Science,23,75,79,79
5071,Frank Brown,Electronics,22,72,75,76
5072,Alice Martinez,Information Technology,22,53,76,87
5073,Quentin Smith,Mechanical,20,85,75,68
5074,Michael Martinez,Computer Science,24,81,72,82
5075,Laura Garcia,Mechanical,24,70,61,88
5076,Grace Davis,Data Science,20,84,74,62
5077,Grace Davis,Civil,24,86,99,66
5078,Steve Taylor,Computer Science,24,51,87,93
5079,Alice Garcia,Data Science,24,89,65,100
5080,Frank Miller,Electronics,25,98,91,85
5081,Oscar Miller,Computer Science,24,50,66,84
5082,David Martinez,Computer Science,18,50,92,79
5083,Grace Garcia,Computer Science,22,71,70,51
5084,Alice Johnson,Electronics,24,94,97,55
5085,Bob Garcia,Electronics,23,56,67,56
5086,Quentin Miller,Electronics,24,89,66,65
5087,Ivan Brown,Computer Science,18,94,64,80
5088,Michael Williams,Mechanical,18,68,100,79
5089,Steve Taylor,Civil,24,85,76,89
5090,Alice Garcia,Civil,22,53,89,75
5091,Tina Williams,Electronics,20,79,95,85
5092,Tina Davis,Civil,19,100,82,50
5093,David Johnson,Information Technology,25,54,90,85
5094,Oscar Smith,Electronics,25,79,95,87
5095,Oscar Johnson,Mechanical,20,60,88,95
5096,Tina Taylor,Mechanical,24,78,78,86
5097,Alice Williams,Electronics,19,65,75,77
5098,Nina Anderson,Information Technology,22,70,83,53
5099,Bob Garcia,Information Technology,25,93,81,74
5100,Julia Williams,Mechanical,25,72,91,80
5101,Nina Davis,Mechanical,18,82,80,63
5102,Helen Johnson,Computer Science,20,75,62,98
5103,Nina Anderson,Computer Science,23,60,69,76
5104,Steve Martinez,Information Technology,20,84,78,76
5105,Laura Brown,Computer Science,19,66,88,75
5106,Alice Davis,Mechanical,24,63,77,71
5107,Frank Taylor,Mechanical,22,55,73,91
5108,Rachel Taylor,Civil,24,92,69,78
5109,Alice Davis,Civil,22,64,93,93
5110,Ivan Smith,Information Technology,21,75,94,76
5111,Quentin Williams,Data Science,22,81,91,76
5112,Grace Davis,Data Science,23,58,63,88
5113,Quentin Garcia,Civil,23,63,69,51
5114,Ivan Garcia,Electronics,20,70,63,66
5115,Laura Johnson,Data Science,22,51,95,94
5116,Rachel Garcia,Computer Science,22,76,99,99
5117,Oscar Martinez,Civil,23,65,85,80
5118,Eva Garcia,Electronics,18,97,96,94
5119,Nina Taylor,Information Technology,19,100,83,85
5120,Ivan Anderson,Electronics,23,54,81,94
5121,Grace Taylor,Information Technology,24,57,95,71
5122,Steve Garcia,Mechanical,23,63,63,56
5123,Ivan Smith,Civil,21,60,82,73
5124,Julia Brown,Information Technology,19,76,60,87
5125,Helen Garcia,Mechanical,23,55,85,51
5126,Oscar Brown,Mechanical,18,70,66,54
5127,Michael Miller,Civil,19,76,66,95
5128,Julia Martinez,Electronics,19,99,96,70
5129,Kevin Davis,Civil,22,76,100,93
5130,Oscar Anderson,Mechanical,18,59,100,71
5131,Charlie Taylor,Electronics,23,73,93,61
5132,Eva Martinez,Civil,24,54,72,76
5133,Frank Taylor,Computer Science,19,57,94,59
5134,Steve Taylor,Electronics,19,51,79,81
5135,Julia Brown,Mechanical,22,56,78,68
5136,David Anderson,Computer Science,25,98,65,82
5137,Quentin Taylor,Mechanical,19,98,88,98
5138,Nina Anderson,Mechanical,23,75,62,68
5139,Tina Smith,Data Science,24,86,81,96
5140,Charlie Martinez,Civil,25,79,85,82
5141,Bob Garcia,Information Technology,22,91,76,96
5142,Laura Anderson,Mechanical,20,92,80,96
5143,Helen Brown,Civil,18,91,98,59
5144,Eva Garcia,Mechanical,18,70,82,82
5145,David Brown,Electronics,25,73,73,76
5146,Tina Miller,Computer Science,22,52,83,57
5147,Steve Smith,Electronics,25,87,96,80
5148,David Miller,Data Science,20,64,82,56
5149,Kevin Brown,Electronics,21,61,94,55
5150,Laura Anderson,Electronics,21,84,92,74
5151,Eva Anderson,Computer Science,21,88,71,60
5152,Laura Johnson,Data Science,20,95,96,96
5153,Tina Anderson,Mechanical,19,95,85,82
5154,David Johnson,Civil,20,53,80,87
5155,David Anderson,Civil,23,66,68,84
5156,Michael Taylor,Data Science,18,77,70,76
5157,Charlie Davis,Information Technology,22,69,81,65
5158,Bob Johnson,Computer Science,20,77,91,98
5159,Kevin Miller,Computer Science,21,62,69,83
5160,Tina Taylor,Electronics,25,70,71,72
5161,Grace Anderson,Electronics,18,94,84,59
5162,Grace Brown,Computer Science,19,85,60,72
5163,Paula Taylor,Data Science,23,94,99,95
5164,Ivan Martinez,Computer Science,18,77,60,82
5165,Julia Johnson,Computer Science,18,66,73,60
5166,Nina Martinez,Data Science,23,73,63,98
5167,Grace Miller,Electronics,21,97,68,80
5168,Michael Taylor,Computer Science,20,74,79,64
5169,Bob Miller,Computer Science,25,52,71,68
5170,Steve Davis,Civil,24,78,67,67
5171,Eva Anderson,Civil,25,70,63,94
5172,Steve Anderson,Civil,24,89,94,97
5173,Oscar Taylor,Computer Science,20,88,64,95
5174,Michael Davis,Electronics,21,52,83,99
5175,Eva Garcia,Information Technology,23,84,77,74
5176,Kevin Smith,Data Science,25,64,81,99
5177,David Davis,Data Science,25,90,76,58
5178,Grace Martinez,Civil,18,96,63,58
5179,Michael Brown,Electronics,25,61,78,51
5180,Quentin Taylor,Computer Science,20,82,99,52
5181,Alice Williams,Data Science,19,71,100,93
5182,Steve Davis,Information Technology,23,86,81,89
5183,Bob Taylor,Civil,23,85,84,50
5184,Bob Williams,Computer Science,25,96,92,76
5185,Nina Garcia,Information Technology,21,100,83,99
5186,Rachel Martinez,Mechanical,19,85,63,67
5187,David Williams,Computer Science,25,54,60,95
5188,Alice Brown,Computer Science,25,84,89,63
5189,Julia Miller,Civil,18,63,100,77
5190,Steve Johnson,Data Science,19,69,88,94
5191,Nina Martinez,Civil,21,50,72,70
5192,Kevin Williams,Electronics,22,86,81,50
5193,Laura Johnson,Data Science,24,51,81,83
5194,Grace Johnson,Mechanical,18,69,85,98
5195,Julia Johnson,Information Technology,25,68,83,90
5196,Nina Johnson,Information Technology,20,92,67,67
5197,Frank Brown,Data Science,23,58,100,94
5198,Nina Martinez,Mechanical,25,96,77,84
5199,Paula Davis,Mechanical,18,58,64,79
5200,Charlie Williams,Civil,25,93,65,73
5201,Helen Smith,Civil,25,56,71,64
5202,David Taylor,Civil,22,77,96,85
5203,Nina Johnson,Computer Science,25,88,94,85
5204,Kevin Miller,Mechanical,20,95,74,59
5205,Paula Miller,Information Technology,20,84,98,100
5206,Laura Williams,Computer Science,23,86,98,54
5207,Rachel Anderson,Mechanical,18,82,83,67
5208,Laura Miller,Mechanical,24,60,67,77
5209,Paula Brown,Computer Science,25,66,60,54
5210,Bob Johnson,Computer Science,25,54,71,63
5211,Steve Miller,Mechanical,19,70,100,77
5212,Oscar Williams,Electronics,20,62,91,86
5213,Charlie Johnson,Information Technology,24,99,64,99
5214,Paula Johnson,Mechanical,25,57,94,79
5215,Eva Garcia,Data Science,20,94,100,76
5216,Nina Johnson,Civil,20,66,74,66
5217,Oscar Taylor,Computer Science,19,97,83,95
5218,Laura Garcia,Information Technology,20,100,72,64
5219,Ivan Miller,Data Science,21,79,66,74
5220,Laura Taylor,Mechanical,20,64,100,62
5221,Ivan Anderson,Electronics,25,52,62,63
5222,Helen Williams,Data Science,25,92,64,67
5223,Kevin Anderson,Information Technology,22,52,83,77
5224,Rachel Smith,Civil,25,51,97,51
5225,Quentin Williams,Electronics,24,94,60,77
5226,Ivan Smith,Civil,18,71,87,86
5227,Rachel Garcia,Computer Science,20,74,95,93
5228,Nina Martinez,Information Technology,23,97,69,94
5229,Julia Brown,Mechanical,19,99,65,97
5230,Steve Davis,Civil,24,77,60,92
5231,Frank Taylor,Data Science,18,90,62,86
5232,Kevin Anderson,Information Technology,18,53,78,72
5233,Rachel Miller,Civil,20,57,73,100
5234,Rachel Anderson,Civil,20,64,72,97
5235,Kevin Taylor,Data Science,18,86,73,85
5236,Kevin Garcia,Data Science,24,92,72,86
5237,Steve Anderson,Computer Science,19,68,66,53
5238,David Smith,Mechanical,20,70,73,50
5239,Grace Johnson,Civil,22,71,76,83
5240,Alice Brown,Civil,21,74,82,95
5241,Steve Brown,Mechanical,24,58,75,92
5242,Rachel Johnson,Mechanical,21,98,72,86
5243,Charlie Brown,Electronics,24,51,60,99
5244,Tina Taylor,Electronics,18,92,72,81
5245,Nina Brown,Mechanical,20,74,81,56
5246,Laura Martinez,Information Technology,21,77,88,59
5247,Paula Miller,Electronics,24,78,85,58
5248,Quentin Anderson,Mechanical,19,72,94,81
5249,Ivan Brown,Data Science,21,100,62,92
5250,Michael Williams,Mechanical,25,100,96,82
5251,Grace Miller,Civil,18,54,60,96
5252,Eva Martinez,Electronics,24,54,84,59
5253,Ivan Davis,Computer Science,21,60,87,76
5254,Laura Garcia,Computer Science,19,53,76,90
5255,Oscar Brown,Electronics,20,57,65,75
5256,Grace Williams,Data Science,21,63,74,94
5257,Ivan Brown,Civil,20,82,81,60
5258,Steve Williams,Electronics,18,96,98,79
5259,Nina Davis,Mechanical,23,78,60,77
5260,Rachel Miller,Mechanical,23,100,67,60
5261,Alice Johnson,Computer Science,23,62,76,95
5262,David Johnson,Information Technology,21,77,93,81
5263,Rachel Garcia,Data Science,22,81,71,90
5264,Alice Miller,Data Science,21,67,99,85
5265,Oscar Johnson,Computer Science,19,97,92,64
5266,Michael Brown,Computer Science,19,96,98,85
5267,Julia Smith,Data Science,22,64,79,87
5268,Bob Johnson,Civil,23,52,87,84
5269,Alice Garcia,Computer Science,24,66,71,59
5270,Helen Williams,Mechanical,24,80,60,96
5271,Charlie Garcia,Data Science,20,88,62,81
5272,Charlie Anderson,Mechanical,20,81,85,96
5273,Rachel Brown,Data Science,23,75,63,64
5274,David Johnson,Mechanical,24,99,96,94
5275,Frank Johnson,Mechanical,24,86,88,96
5276,Grace Garcia,Mechanical,21,60,94,66
5277,Michael Martinez,Computer Science,21,64,73,86
5278,Laura Martinez,Information Technology,21,73,95,89
5279,Helen Miller,Data Science,18,73,99,51
5280,Helen Garcia,Data Science,23,74,73,60
5281,David Williams,Computer Science,22,55,89,58
5282,Helen Johnson,Computer Science,21,92,89,89
5283,Tina Martinez,Data Science,24,95,86,58
5284,Alice Williams,Data Science,24,87,96,91
5285,Julia Johnson,Computer Science,20,86,88,63
5286,Frank Garcia,Civil,21,94,100,96
5287,Frank Smith,Mechanical,21,76,84,68
5288,Laura Williams,Computer Science,18,78,72,55
5289,Grace Davis,Mechanical,22,61,86,85
5290,Ivan Garcia,Civil,25,72,91,65
5291,Julia Smith,Civil,19,100,60,78
5292,Tina Anderson,Mechanical,19,51,82,91
5293,Paula Martinez,Mechanical,20,99,100,93
5294,Charlie Brown,Mechanical,23,56,72,64
5295,Paula Anderson,Civil,19,55,68,53
5296,Quentin Anderson,Data Science,19,80,90,65
5297,Julia Brown,Information Technology,18,99,90,67
5298,Grace Williams,Information Technology,24,87,60,94
5299,Kevin Williams,Mechanical,22,94,77,78
5300,Nina Brown,Data Science,19,59,75,94
5301,Paula Martinez,Electronics,18,91,89,52
5302,Oscar Smith,Computer Science,22,62,91,83
5303,Frank Garcia,Mechanical,23,62,67,72
5304,Steve Taylor,Electronics,23,86,61,85
5305,Bob Martinez,Data Science,25,79,81,84
5306,Michael Davis,Data Science,21,90,100,55
5307,Eva Davis,Electronics,22,79,100,60
5308,Bob Taylor,Information Technology,23,52,74,96
5309,Julia Miller,Computer Science,21,67,96,67
5310,Nina Brown,Electronics,22,51,60,92
5311,Helen Brown,Data Science,25,60,85,56
5312,Kevin Davis,Electronics,24,54,99,92
5313,Nina Anderson,Civil,25,59,94,76
5314,Kevin Davis,Data Science,18,74,62,91
5315,Quentin Anderson,Data Science,21,92,91,53
5316,Frank Anderson,Electronics,25,66,62,98
5317,David Johnson,Mechanical,22,98,85,60
5318,Quentin Brown,Data Science,24,51,94,59
5319,David Smith,Civil,25,66,70,77
5320,Grace Miller,Electronics,21,94,89,91
5321,Oscar Taylor,Computer Science,20,56,74,74
5322,Alice Brown,Electronics,24,90,73,56
5323,Laura Davis,Computer Science,23,84,94,95
5324,Quentin Miller,Data Science,24,52,78,77
5325,Grace Brown,Civil,21,62,60,79
5326,Nina Taylor,Computer Science,23,92,99,52
5327,Julia Smith,Information Technology,19,77,97,57
5328,Michael Johnson,Mechanical,25,68,90,84
5329,Kevin Anderson,Information Technology,25,92,99,58
5330,Eva Garcia,Computer Science,22,51,75,53
5331,Kevin Taylor,Mechanical,18,82,60,68
5332,Steve Williams,Mechanical,22,69,98,62
5333,Bob Anderson,Data Science,23,93,73,85
5334,Rachel Smith,Information Technology,25,73,61,74
5335,Laura Taylor,Data Science,24,61,90,66
5336,Julia Miller,Civil,23,75,95,82
5337,Julia Taylor,Computer Science,21,84,88,50
5338,Frank Davis,Data Science,18,59,80,79
5339,Oscar Miller,Electronics,18,89,62,63
5340,Nina Brown,Electronics,22,57,95,53
5341,Laura Miller,Information Technology,22,83,91,78
5342,Helen Miller,Mechanical,24,84,64,56
5343,David Williams,Computer Science,25,60,65,68
5344,David Taylor,Civil,19,96,62,79
5345,Michael Taylor,Information Technology,18,80,62,83
5346,Tina Brown,Information Technology,22,52,73,97
5347,Laura Davis,Computer Science,18,58,84,53
5348,Grace Anderson,Data Science,23,53,78,81
5349,Alice Taylor,Computer Science,23,65,76,88
5350,Kevin Martinez,Computer Science,19,66,66,92
5351,Charlie Taylor,Mechanical,24,100,67,56
5352,Quentin Miller,Data Science,25,59,76,69
5353,Nina Williams,Data Science,19,75,73,50
5354,Alice Davis,Electronics,18,99,97,54
5355,Steve Davis,Civil,25,58,64,82
5356,Alice Williams,Data Science,25,94,66,92
5357,Rachel Williams,Information Technology,18,92,82,75
5358,Eva Miller,Mechanical,25,84,84,57
5359,Michael Brown,Computer Science,22,68,98,98
5360,Paula Anderson,Electronics,18,69,76,63
5361,Steve Anderson,Civil,24,59,90,63
5362,Ivan Williams,Information Technology,21,83,100,51
5363,Tina Anderson,Data Science,23,92,65,79
5364,Tina Garcia,Electronics,22,65,95,76
5365,Charlie Taylor,Data Science,18,95,88,74
5366,Oscar Garcia,Information Technology,20,98,83,92
5367,Frank Johnson,Data Science,25,77,88,85
5368,Frank Davis,Mechanical,18,62,84,81
5369,Laura Martinez,Information Technology,22,91,96,63
5370,Alice Taylor,Civil,19,71,88,64
5371,Steve Smith,Information Technology,22,87,94,87
5372,Alice Davis,Mechanical,20,57,76,96
5373,Ivan Miller,Computer Science,22,57,99,53
5374,Frank Martinez,Information Technology,18,61,62,57
5375,Kevin Williams,Computer Science,24,79,77,62
5376,Alice Brown,Information Technology,19,99,92,89
5377,Oscar Taylor,Electronics,21,72,100,98
5378,Paula Johnson,Civil,18,83,62,100
5379,Eva Johnson,Computer Science,22,77,97,50
5380,Michael Taylor,Mechanical,20,65,84,72
5381,Quentin Smith,Mechanical,24,82,98,89
5382,Helen Taylor,Electronics,20,87,82,76
5383,Paula Williams,Data Science,19,72,82,52
5384,David Taylor,Electronics,19,95,84,80
5385,Kevin Davis,Computer Science,21,82,63,69
5386,Michael Miller,Data Science,23,74,71,51
5387,Quentin Miller,Mechanical,24,100,97,85
5388,Julia Williams,Civil,22,68,61,67
5389,Helen Martinez,Civil,21,77,91,77
5390,Nina Miller,Electronics,24,80,79,76
5391,Grace Garcia,Electronics,19,50,66,83
5392,Ivan Martinez,Mechanical,18,81,68,100
5393,Julia Davis,Computer Science,19,50,61,86
5394,Quentin Martinez,Computer Science,20,98,95,88
5395,Eva Taylor,Electronics,23,72,80,74
5396,Frank Miller,Civil,23,72,69,57
5397,Kevin Williams,Information Technology,25,77,61,82
5398,Oscar Taylor,Computer Science,20,90,92,52
5399,Alice Taylor,Data Science,19,80,99,86
5400,Helen Martinez,Computer Science,21,78,63,100
5401,Paula Williams,Civil,23,68,66,79
5402,Eva Davis,Computer Science,21,59,88,52
5403,David Miller,Civil,23,86,96,66
5404,Eva Anderson,Information Technology,23,50,79,95
5405,Laura Martinez,Data Science,18,86,62,82
5406,Bob Taylor,Civil,19,92,64,76
5407,Oscar Johnson,Computer Science,25,66,85,98
5408,Frank Garcia,Civil,20,63,99,76
5409,Nina Martinez,Mechanical,18,72,92,67
5410,Quentin Garcia,Civil,18,78,81,68
5411,Tina Garcia,Civil,23,100,69,72
5412,Ivan Johnson,Data Science,24,63,86,66
5413,Julia Martinez,Information Technology,23,65,72,94
5414,Nina Martinez,Information Technology,19,95,80,56
5415,Nina Johnson,Information Technology,22,85,94,55
5416,Tina Taylor,Electronics,25,97,88,75
5417,Bob Taylor,Electronics,23,64,68,97
5418,Ivan Johnson,Mechanical,25,85,88,88
5419,Nina Williams,Civil,23,89,72,69
5420,Bob Miller,Data Science,23,50,89,51
5421,Steve Anderson,Data Science,24,63,88,80
5422,Eva Anderson,Civil,20,96,96,56
5423,Michael Miller,Computer Science,18,73,73,65
5424,Kevin Martinez,Computer Science,18,97,79,59
5425,Michael Davis,Data Science,25,97,97,78
5426,Charlie Smith,Civil,22,73,93,77
5427,Oscar Miller,Mechanical,18,78,78,92
5428,Grace Johnson,Civil,21,71,90,70
5429,Nina Garcia,Data Science,20,61,72,61
5430,Nina Williams,Civil,22,54,94,69
5431,Ivan Martinez,Data Science,19,85,96,91
5432,Eva Johnson,Information Technology,18,79,66,54
5433,Alice Taylor,Mechanical,19,84,95,67
5434,Charlie Anderson,Information Technology,23,67,72,86
5435,Laura Smith,Mechanical,20,85,60,94
5436,Frank Williams,Electronics,21,81,99,97
5437,Michael Smith,Civil,24,73,61,73
5438,Julia Brown,Electronics,22,68,78,100
5439,Frank Davis,Mechanical,25,78,93,85
5440,Julia Johnson,Mechanical,20,63,69,62
5441,Michael Taylor,Mechanical,19,75,97,88
5442,Frank Taylor,Civil,22,59,86,67
5443,Charlie Brown,Data Science,20,64,95,55
5444,Eva Miller,Mechanical,22,74,96,91
5445,Grace Smith,Mechanical,20,74,69,71
5446,Frank Williams,Mechanical,23,78,97,100
5447,Eva Garcia,Electronics,20,51,73,97
5448,Laura Johnson,Mechanical,22,83,77,69
5449,Tina Martinez,Information Technology,24,86,65,67
5450,Laura Smith,Mechanical,25,67,88,87
5451,Frank Davis,Computer Science,22,72,66,64
5452,Eva Brown,Mechanical,24,71,75,52
5453,Michael Garcia,Civil,20,99,82,64
5454,Paula Miller,Computer Science,25,73,88,55
5455,Laura Garcia,Information Technology,18,52,76,94
5456,Ivan Davis,Data Science,18,58,100,63
5457,Steve Anderson,Civil,23,88,73,69
5458,Bob Davis,Electronics,24,83,100,77
5459,Nina Williams,Computer Science,21,75,88,64
5460,Kevin Miller,Civil,20,69,95,72
5461,Kevin Martinez,Data Science,25,73,85,96
5462,Ivan Johnson,Data Science,19,78,93,86
5463,Oscar Taylor,Electronics,24,52,61,57
5464,Kevin Brown,Data Science,25,61,79,64
5465,Paula Williams,Information Technology,24,59,100,94
5466,David Williams,Computer Science,25,76,65,70
5467,Julia Brown,Data Science,23,97,93,96
5468,Helen Anderson,Information Technology,24,92,92,70
5469,Oscar Martinez,Computer Science,19,83,60,96
5470,Laura Miller,Information Technology,22,64,85,73
5471,Nina Anderson,Mechanical,24,100,64,78
5472,Grace Johnson,Computer Science,25,89,89,73
5473,Kevin Williams,Information Technology,21,58,97,81
5474,Helen Martinez,Data Science,24,56,63,98
5475,Helen Smith,Data Science,20,81,70,74
5476,Helen Taylor,Data Science,22,52,63,81
5477,Tina Davis,Electronics,20,75,67,75
5478,Grace Anderson,Mechanical,25,51,77,57
5479,Nina Garcia,Information Technology,21,57,84,77
5480,Eva Martinez,Electronics,25,66,78,89
5481,Alice Garcia,Civil,23,96,97,94
5482,Kevin Miller,Mechanical,23,67,100,66
5483,Steve Taylor,Data Science,23,67,78,71
5484,Helen Smith,Data Science,19,67,61,94
5485,Paula Brown,Mechanical,20,55,68,57
5486,Helen Brown,Data Science,19,98,99,57
5487,Eva Johnson,Data Science,21,99,86,50
5488,Eva Williams,Electronics,20,75,88,91
5489,Grace Smith,Mechanical,19,85,91,85
5490,Steve Williams,Computer Science,18,85,72,55
5491,Nina Taylor,Information Technology,24,89,70,70
5492,Bob Smith,Computer Science,25,82,92,74
5493,David Miller,Civil,24,92,89,60
5494,Alice Martinez,Data Science,24,70,79,55
5495,Frank Miller,Electronics,19,54,93,89
5496,Bob Smith,Computer Science,18,66,82,94
5497,Eva Taylor,Mechanical,23,64,92,99
5498,Eva Brown,Civil,20,81,98,59
5499,Bob Davis,Computer Science,25,68,71,58
5500,Frank Brown,Computer Science,19,60,72,92
5501,Steve Miller,Information Technology,24,85,96,97
5502,Michael Smith,Data Science,18,55,74,72
5503,Quentin Williams,Electronics,22,61,75,89
5504,Kevin Miller,Information Technology,20,51,100,54
5505,Julia Davis,Electronics,22,79,67,81
5506,Grace Brown,Computer Science,20,62,96,67
5507,Helen Anderson,Computer Science,20,91,85,74
5508,Eva Miller,Computer Science,23,78,85,50
5509,Grace Johnson,Mechanical,20,76,82,87
5510,Laura Garcia,Civil,19,60,67,79
5511,Bob Williams,Mechanical,25,57,82,89
5512,Ivan Smith,Mechanical,20,81,98,69
5513,Oscar Anderson,Civil,24,55,79,80
5514,Tina Smith,Mechanical,24,96,76,100
5515,Oscar Brown,Computer Science,21,96,67,53
5516,Steve Davis,Civil,18,66,70,91
5517,Ivan Garcia,Computer Science,25,84,71,60
5518,Julia Brown,Data Science,22,89,62,100
5519,Alice Williams,Data Science,18,74,79,77
5520,Laura Martinez,Mechanical,18,61,65,90
5521,Laura Martinez,Civil,22,85,100,82
5522,Kevin Taylor,Computer Science,24,63,100,99
5523,Ivan Garcia,Mechanical,23,80,75,74
5524,Kevin Smith,Mechanical,22,84,70,54
5525,Bob Martinez,Data Science,18,58,77,93
5526,Laura Smith,Computer Science,19,83,71,100
5527,Tina Williams,Computer Science,23,80,95,91
5528,Alice Garcia,Civil,18,62,72,58
5529,Nina Johnson,Mechanical,24,75,68,77
5530,Kevin Johnson,Mechanical,25,99,64,70
5531,Rachel Martinez,Information Technology,19,59,72,85
5532,Ivan Davis,Mechanical,20,62,60,75
5533,David Miller,Computer Science,20,82,96,89
5534,David Anderson,Mechanical,25,66,68,70
5535,Alice Anderson,Data Science,22,77,84,62
5536,Steve Johnson,Data Science,23,91,89,76
5537,Laura Brown,Data Science,19,69,83,51
5538,Eva Anderson,Civil,25,94,65,51
5539,Charlie Smith,Civil,24,87,95,98
5540,Frank Johnson,Mechanical,24,93,69,59
5541,David Johnson,Civil,22,51,82,67
5542,Charlie Taylor,Computer Science,24,71,74,96
5543,Helen Martinez,Civil,25,59,61,98
5544,Steve Smith,Electronics,22,50,85,62
5545,Laura Anderson,Mechanical,19,100,95,95
5546,Kevin Garcia,Electronics,19,100,83,52
5547,Ivan Smith,Computer Science,21,94,62,50
5548,Eva Smith,Civil,22,91,89,60
5549,Quentin Taylor,Civil,24,93,89,77
5550,Charlie Johnson,Data Science,22,56,87,64
5551,Bob Garcia,Civil,20,91,63,77
5552,Tina Garcia,Electronics,22,94,82,79
5553,Eva Johnson,Data Science,23,92,92,86
5554,Steve Williams,Information Technology,25,76,83,63
5555,Quentin Brown,Mechanical,21,82,95,53
5556,Nina Garcia,Information Technology,24,84,70,77
5557,Laura Taylor,Computer Science,21,62,71,78
5558,Oscar Brown,Data Science,24,72,86,61
5559,Ivan Davis,Civil,18,93,98,94
5560,Charlie Smith,Information Technology,25,63,66,98
5561,Nina Davis,Information Technology,21,65,72,59
5562,Bob Smith,Mechanical,23,89,97,95
5563,Kevin Smith,Information Technology,22,50,97,76
5564,Tina Anderson,Computer Science,23,68,65,96
5565,Nina Johnson,Computer Science,20,50,78,51
5566,Eva Anderson,Mechanical,22,57,96,73
5567,Oscar Williams,Mechanical,19,90,61,93
5568,Alice Miller,Mechanical,21,54,92,97
5569,Julia Brown,Data Science,22,80,95,70
5570,Bob Smith,Data Science,25,90,78,90
5571,Tina Davis,Data Science,20,66,84,85
5572,Rachel Garcia,Data Science,23,98,78,72
5573,Bob Johnson,Civil,20,51,92,60
5574,Ivan Williams,Computer Science,20,72,69,89
5575,Julia Miller,Information Technology,24,80,71,51
5576,Bob Smith,Electronics,21,78,89,63
5577,Laura Garcia,Computer Science,24,65,75,91
5578,Ivan Garcia,Information Technology,22,56,100,58
5579,Bob Garcia,Computer Science,20,57,77,82
5580,Rachel Smith,Electronics,19,66,90,59
5581,Rachel Taylor,Data Science,19,61,88,73
5582,Oscar Brown,Information Technology,23,52,87,89
5583,Eva Taylor,Data Science,21,64,93,87
5584,Charlie Miller,Information Technology,22,77,63,61
5585,Quentin Williams,Computer Science,20,97,100,73
5586,Charlie Davis,Civil,20,80,82,96
5587,Julia Miller,Data Science,23,68,77,89
5588,Rachel Davis,Computer Science,19,96,68,90
5589,Alice Taylor,Data Science,24,85,61,63
5590,Paula Garcia,Information Technology,20,97,83,57
5591,David Martinez,Mechanical,25,66,83,57
5592,Nina Taylor,Computer Science,19,56,69,76
5593,Steve Smith,Civil,25,85,85,78
5594,Oscar Martinez,Computer Science,21,79,82,55
5595,Julia Anderson,Civil,22,62,60,98
5596,Tina Miller,Electronics,23,93,75,57
5597,Tina Smith,Civil,22,80,95,90
5598,Frank Taylor,Mechanical,18,81,94,63
5599,Steve Garcia,Information Technology,24,57,65,80
5600,Oscar Davis,Civil,24,78,81,60
5601,Tina Brown,Computer Science,21,67,89,78
5602,Steve Williams,Mechanical,18,84,84,83
5603,Bob Smith,Mechanical,25,84,84,59
5604,Helen Martinez,Computer Science,24,92,64,81
5605,Grace Williams,Computer Science,18,73,85,80
5606,Eva Miller,Information Technology,20,50,97,85
5607,Paula Miller,Civil,20,57,73,58
5608,Nina Miller,Information Technology,21,97,90,66
5609,Frank Smith,Mechanical,25,75,88,96
5610,Alice Smith,Information Technology,18,84,74,72
5611,Julia Garcia,Data Science,22,56,91,64
5612,Paula Martinez,Information Technology,24,64,77,76
5613,Bob Anderson,Mechanical,20,58,97,79
5614,Rachel Brown,Civil,25,77,100,77
5615,Bob Garcia,Civil,18,63,74,64
5616,Alice Brown,Computer Science,25,82,86,66
5617,Tina Brown,Information Technology,24,95,94,68
5618,Charlie Johnson,Electronics,21,55,64,66
5619,Grace Johnson,Mechanical,19,65,81,81
5620,Alice Smith,Information Technology,18,74,68,69
5621,Julia Davis,Information Technology,18,98,77,80
5622,Helen Miller,Electronics,21,80,78,88
5623,Eva Anderson,Computer Science,24,94,96,53
5624,Laura Garcia,Data Science,20,60,60,100
5625,Julia Smith,Mechanical,22,52,71,85
5626,Eva Davis,Information Technology,20,96,94,94
5627,David Brown,Electronics,20,93,71,80
5628,Charlie Johnson,Data Science,23,68,78,71
5629,Quentin Garcia,Computer Science,23,98,85,61
5630,Frank Johnson,Electronics,21,69,65,73
5631,Alice Johnson,Data Science,19,64,73,73
5632,Helen Brown,Information Technology,18,63,69,58
5633,Alice Miller,Information Technology,19,59,88,52
5634,Charlie Anderson,Electronics,25,52,68,91
5635,Charlie Johnson,Mechanical,20,51,76,93
5636,Alice Smith,Civil,25,95,89,52
5637,Laura Davis,Data Science,22,95,67,60
5638,Rachel Taylor,Mechanical,23,100,77,60
5639,Ivan Anderson,Mechanical,22,97,70,80
5640,Julia Miller,Electronics,24,58,79,77
5641,Tina Anderson,Computer Science,24,100,72,76
5642,Ivan Smith,Electronics,25,57,96,51
5643,Rachel Miller,Data Science,20,77,64,71
5644,Steve Smith,Computer Science,24,70,83,68
5645,Frank Williams,Computer Science,23,67,89,67
5646,Ivan Taylor,Computer Science,20,61,100,73
5647,Tina Williams,Mechanical,25,69,74,80
5648,David Smith,Civil,25,51,80,89
5649,Michael Miller,Electronics,22,56,98,84
5650,Nina Smith,Computer Science,25,99,92,50
5651,Rachel Brown,Mechanical,25,93,60,67
5652,Julia Garcia,Electronics,19,88,87,66
5653,Kevin Smith,Data Science,20,88,79,51
5654,Laura Williams,Data Science,21,77,63,71
5655,David Taylor,Mechanical,21,94,78,65
5656,Alice Garcia,Information Technology,25,66,81,65
5657,Paula Garcia,Data Science,25,84,85,75
5658,Kevin Davis,Data Science,24,93,75,80
5659,Steve Williams,Computer Science,20,88,60,69
5660,Rachel Davis,Information Technology,23,87,88,82
5661,Tina Smith,Mechanical,21,59,69,69
5662,Paula Martinez,Data Science,23,59,62,52
5663,Charlie Miller,Computer Science,18,84,62,68
5664,Oscar Taylor,Information Technology,24,51,66,57
5665,Helen Martinez,Mechanical,20,51,74,99
5666,Paula Davis,Computer Science,23,64,97,53
5667,Grace Garcia,Electronics,24,87,77,98
5668,David Martinez,Computer Science,24,91,85,81
5669,Nina Anderson,Information Technology,25,66,77,52
5670,Ivan Garcia,Information Technology,24,70,75,93
5671,Quentin Williams,Civil,18,58,80,55
5672,Oscar Williams,Civil,19,71,64,82
5673,David Garcia,Information Technology,24,87,97,70
5674,Rachel Williams,Data Science,23,51,79,76
5675,Julia Davis,Data Science,19,60,89,68
5676,Tina Anderson,Electronics,24,59,76,67
5677,Charlie Smith,Computer Science,23,55,68,99
5678,Julia Anderson,Computer Science,23,98,67,51
5679,Paula Johnson,Electronics,20,75,69,85
5680,Tina Anderson,Information Technology,21,61,92,75
5681,Tina Anderson,Mechanical,24,69,91,56
5682,Bob Johnson,Civil,20,83,89,92
5683,Alice Johnson,Computer Science,22,59,78,66
5684,Paula Miller,Electronics,24,77,75,69
5685,Grace Davis,Mechanical,22,65,79,96
5686,Frank Martinez,Electronics,25,64,84,78
5687,Rachel Smith,Electronics,25,72,98,65
5688,Laura Taylor,Data Science,24,79,71,83
5689,Ivan Brown,Data Science,24,70,64,66
5690,Alice Garcia,Information Technology,18,88,98,82
5691,Helen Brown,Information Technology,19,80,79,73
5692,Bob Taylor,Information Technology,24,72,86,82
5693,Charlie Taylor,Data Science,21,67,65,75
5694,Rachel Garcia,Data Science,21,61,95,58
5695,Nina Miller,Civil,23,53,72,59
5696,Quentin Miller,Data Science,24,74,68,90
5697,Rachel Martinez,Information Technology,25,97,96,90
5698,Kevin Garcia,Data Science,25,88,91,64
5699,Charlie Anderson,Data Science,24,61,74,64
5700,Nina Martinez,Computer Science,24,61,60,98
5701,Ivan Davis,Electronics,25,52,87,81
5702,Paula Anderson,Computer Science,21,50,80,50
5703,Grace Miller,Electronics,21,82,100,79
5704,Bob Smith,Mechanical,25,69,95,55
5705,Laura Smith,Computer Science,25,86,69,98
5706,Oscar Miller,Data Science,23,97,80,94
5707,Bob Davis,Mechanical,24,53,78,59
5708,Ivan Anderson,Electronics,24,65,86,85
5709,Alice Taylor,Civil,24,92,76,81
5710,Charlie Taylor,Computer Science,23,50,89,98
5711,David Miller,Computer Science,18,65,84,57
5712,Laura Davis,Computer Science,20,83,76,61
5713,Tina Martinez,Mechanical,21,65,65,70
5714,Bob Garcia,Computer Science,25,73,81,84
5715,Oscar Williams,Data Science,25,71,79,63
5716,Michael Martinez,Information Technology,24,83,93,74
5717,Alice Davis,Computer Science,23,75,71,73
5718,Ivan Williams,Mechanical,25,78,63,73
5719,Bob Smith,Computer Science,21,97,63,100
5720,Quentin Miller,Computer Science,19,89,83,53
5721,Michael Davis,Information Technology,23,70,86,100
5722,Nina Anderson,Computer Science,18,75,91,95
5723,Michael Davis,Electronics,22,68,95,88
5724,Grace Davis,Mechanical,20,98,93,80
5725,Kevin Brown,Mechanical,25,63,87,63
5726,Charlie Smith,Electronics,20,100,84,95
5727,Oscar Anderson,Data Science,25,94,85,54
5728,David Smith,Mechanical,22,64,95,75
5729,Laura Taylor,Mechanical,22,100,62,58
5730,Michael Brown,Information Technology,25,72,70,50
5731,Julia Smith,Computer Science,23,53,62,78
5732,Oscar Anderson,Civil,20,88,67,51
5733,Nina Williams,Mechanical,21,87,77,96
5734,Bob Taylor,Computer Science,23,86,94,100
5735,Tina Johnson,Computer Science,20,88,96,66
5736,Ivan Taylor,Mechanical,18,55,82,94
5737,Alice Williams,Electronics,24,89,87,96
5738,Alice Smith,Mechanical,24,80,74,97
5739,David Miller,Electronics,19,63,79,96
5740,Laura Brown,Information Technology,22,70,75,93
5741,Bob Garcia,Computer Science,22,94,71,60
5742,David Smith,Civil,24,89,89,75
5743,David Miller,Electronics,25,81,80,65
5744,Alice Williams,Information Technology,22,100,81,95
5745,Tina Johnson,Electronics,20,99,91,71
5746,Charlie Williams,Electronics,19,63,95,60
5747,Nina Williams,Electronics,18,84,64,66
5748,Alice Johnson,Electronics,22,78,100,59
5749,Bob Davis,Computer Science,22,97,60,92
5750,Bob Miller,Civil,25,62,74,99
5751,Eva Williams,Computer Science,24,58,78,95
5752,Michael Anderson,Electronics,22,65,96,58
5753,Frank Anderson,Information Technology,23,57,60,56
5754,Tina Davis,Information Technology,18,92,72,81
5755,Tina Taylor,Civil,25,100,81,99
5756,Grace Williams,Data Science,21,53,98,87
5757,Helen Martinez,Computer Science,24,95,88,55
5758,Nina Garcia,Information Technology,18,100,60,69
5759,Julia Johnson,Mechanical,23,80,91,80
5760,David Williams,Data Science,18,95,65,79
5761,Steve Anderson,Computer Science,22,95,77,97
5762,Ivan Taylor,Data Science,21,70,82,99
5763,Laura Brown,Civil,23,65,85,97
5764,Laura Williams,Mechanical,24,88,97,81
5765,Oscar Miller,Mechanical,21,85,96,64
5766,Paula Taylor,Information Technology,22,74,80,100
5767,Kevin Taylor,Electronics,18,97,78,62
5768,Ivan Brown,Computer Science,18,83,85,100
5769,Frank Davis,Data Science,18,84,80,81
5770,Grace Smith,Mechanical,22,76,95,100
5771,Alice Williams,Electronics,24,97,88,60
5772,Tina Miller,Computer Science,25,78,96,70
5773,Grace Davis,Mechanical,18,95,82,88
5774,Paula Taylor,Electronics,20,95,65,58
5775,Helen Taylor,Data Science,25,93,72,100
5776,Quentin Williams,Information Technology,21,50,100,70
5777,Grace Brown,Mechanical,23,64,61,69
5778,Grace Brown,Civil,23,75,70,91
5779,Michael Anderson,Information Technology,24,52,85,80
5780,Grace Johnson,Civil,19,80,62,76
5781,Paula Anderson,Mechanical,22,51,95,91
5782,Grace Smith,Information Technology,18,52,60,84
5783,Quentin Miller,Electronics,23,55,62,65
5784,Nina Anderson,Mechanical,20,94,90,88
5785,Bob Davis,Data Science,18,79,64,51
5786,Michael Miller,Data Science,22,94,67,54
5787,Oscar Brown,Mechanical,25,50,82,73
5788,Helen Williams,Mechanical,22,83,77,80
5789,Oscar Taylor,Electronics,22,66,90,64
5790,Kevin Taylor,Information Technology,18,100,74,50
5791,Helen Taylor,Computer Science,20,90,83,89
5792,Kevin Martinez,Civil,21,79,62,89
5793,Julia Smith,Civil,24,81,94,74
5794,Tina Williams,Information Technology,25,75,79,67
5795,Eva Martinez,Civil,21,53,63,63
5796,Eva Taylor,Information Technology,25,97,65,60
5797,Quentin Garcia,Data Science,21,91,89,64
5798,Paula Anderson,Civil,22,87,80,66
5799,Helen Anderson,Civil,22,57,62,86
5800,Quentin Williams,Electronics,25,61,84,69
5801,Frank Garcia,Information Technology,22,79,61,81
5802,Quentin Davis,Mechanical,18,90,86,74
5803,Julia Taylor,Computer Science,20,61,94,61
5804,Rachel Brown,Mechanical,21,62,98,65
5805,Kevin Williams,Civil,20,51,70,66
5806,Charlie Taylor,Information Technology,21,82,93,73
5807,Oscar Miller,Electronics,22,69,94,97
5808,Quentin Taylor,Computer Science,19,74,75,50
5809,Frank Anderson,Electronics,25,90,84,50
5810,Nina Brown,Computer Science,19,52,61,84
5811,Frank Brown,Electronics,24,62,95,92
5812,Nina Anderson,Mechanical,21,62,61,61
5813,Bob Williams,Electronics,21,84,86,52
5814,Nina Miller,Data Science,21,88,86,53
5815,Michael Brown,Information Technology,21,75,64,90
5816,Charlie Brown,Electronics,21,95,82,59
5817,Paula Miller,Data Science,22,92,72,86
5818,Oscar Taylor,Civil,23,56,67,95
5819,Julia Smith,Computer Science,22,89,93,63
5820,Tina Smith,Data Science,21,77,97,53
5821,Eva Johnson,Computer Science,22,53,92,72
5822,Quentin Smith,Electronics,18,56,95,50
5823,Ivan Smith,Mechanical,21,96,90,100
5824,Eva Davis,Civil,18,81,96,70
5825,Rachel Davis,Civil,22,82,95,65
5826,Grace Davis,Computer Science,21,73,66,73
5827,Helen Miller,Electronics,25,69,70,86
5828,Kevin Smith,Electronics,22,74,76,96
5829,Oscar Brown,Electronics,18,89,70,97
5830,Ivan Smith,Electronics,21,58,81,82
5831,Kevin Brown,Mechanical,21,72,90,55
5832,Nina Taylor,Information Technology,25,70,60,82
5833,Alice Anderson,Data Science,24,97,76,99
5834,David Smith,Electronics,18,81,71,88
5835,Helen Martinez,Computer Science,19,88,76,52
5836,Bob Johnson,Mechanical,25,53,100,57
5837,David Smith,Electronics,19,91,81,81
5838,Julia Miller,Data Science,20,95,89,74
5839,Laura Miller,Civil,21,95,71,59
5840,Charlie Brown,Electronics,23,89,91,77
5841,Julia Miller,Computer Science,22,67,91,58
5842,David Martinez,Mechanical,19,84,64,60
5843,Ivan Brown,Data Science,19,86,70,71
5844,Helen Taylor,Computer Science,19,83,83,62
5845,Alice Martinez,Information Technology,21,100,82,82
5846,Grace Davis,Data Science,25,64,82,69
5847,Kevin Taylor,Electronics,19,99,60,55
5848,Alice Garcia,Electronics,22,68,70,91
5849,Michael Brown,Electronics,25,50,60,59
5850,Nina Williams,Mechanical,24,82,65,91
5851,Laura Martinez,Mechanical,20,61,90,68
5852,Frank Garcia,Data Science,25,93,82,55
5853,Michael Brown,Information Technology,24,99,80,93
5854,Eva Johnson,Mechanical,25,88,80,67
5855,Quentin Miller,Electronics,18,74,60,77
5856,Grace Miller,Civil,19,54,74,73
5857,Eva Martinez,Civil,19,68,71,60
5858,Kevin Garcia,Data Science,19,67,89,85
5859,David Williams,Civil,18,52,61,57
5860,Ivan Smith,Electronics,21,84,81,59
5861,Julia Williams,Information Technology,24,86,91,87
5862,Rachel Johnson,Electronics,24,56,70,75
5863,Nina Garcia,Civil,25,52,74,95
5864,Rachel Williams,Civil,25,53,88,100
5865,Ivan Brown,Civil,20,96,88,97
5866,Michael Johnson,Information Technology,19,56,87,76
5867,Oscar Davis,Civil,25,100,90,68
5868,Grace Taylor,Electronics,19,64,97,94
5869,Oscar Miller,Mechanical,18,88,63,75
5870,Steve Williams,Mechanical,19,71,92,78
5871,Nina Brown,Civil,25,83,82,93
5872,Bob Davis,Mechanical,21,90,74,71
5873,Helen Taylor,Mechanical,22,61,73,99
5874,Steve Johnson,Mechanical,25,97,98,59
5875,Oscar Miller,Electronics,20,67,65,71
5876,David Williams,Electronics,23,76,77,69
5877,Grace Martinez,Information Technology,21,50,68,83
5878,Helen Garcia,Information Technology,23,54,89,75
5879,Eva Taylor,Electronics,19,94,93,81
5880,Michael Johnson,Information Technology,25,51,76,62
5881,Julia Garcia,Data Science,23,75,69,59
5882,Alice Williams,Electronics,23,59,77,92
5883,Paula Smith,Computer Science,19,97,71,89
5884,Charlie Miller,Data Science,20,79,77,85
5885,Helen Taylor,Mechanical,22,95,80,62
5886,Frank Taylor,Mechanical,21,54,81,50
5887,Oscar Davis,Electronics,21,81,70,60
5888,Bob Martinez,Electronics,21,73,64,54
5889,Rachel Taylor,Data Science,18,66,91,58
5890,Grace Anderson,Data Science,19,73,68,62
5891,Michael Anderson,Mechanical,23,69,74,91
5892,David Martinez,Mechanical,22,85,68,55
5893,Julia Miller,Computer Science,20,90,70,100
5894,Nina Taylor,Computer Science,18,96,60,71
5895,David Smith,Computer Science,23,52,69,62
5896,Paula Anderson,Information Technology,22,62,80,98
5897,Helen Davis,Mechanical,22,68,81,74
5898,Grace Martinez,Civil,20,69,91,99
5899,Eva Anderson,Mechanical,19,58,62,92
5900,Grace Johnson,Information Technology,19,69,77,78
5901,Rachel Taylor,Information Technology,19,78,78,97
5902,Rachel Smith,Computer Science,25,52,100,86
5903,Frank Williams,Electronics,24,91,67,78
5904,Bob Garcia,Data Science,18,51,85,69
5905,Paula Smith,Civil,20,97,70,57
5906,Rachel Williams,Mechanical,19,92,95,53
5907,Julia Johnson,Electronics,20,78,73,75
5908,David Brown,Civil,20,65,81,65
5909,Quentin Anderson,Electronics,20,58,83,76
5910,Michael Garcia,Data Science,22,68,89,91
5911,David Williams,Information Technology,18,69,80,90
5912,Nina Miller,Electronics,24,80,77,65
5913,Michael Johnson,Information Technology,20,88,73,55
5914,Tina Brown,Information Technology,20,74,70,90
5915,Eva Garcia,Electronics,20,53,100,93
5916,David Garcia,Data Science,20,75,68,50
5917,Oscar Martinez,Computer Science,23,87,94,74
5918,Quentin Anderson,Information Technology,18,66,96,91
5919,Nina Williams,Civil,25,71,63,53
5920,Rachel Brown,Mechanical,21,52,91,80
5921,Steve Miller,Mechanical,18,91,99,56
5922,Kevin Smith,Civil,22,100,79,60
5923,Ivan Garcia,Civil,22,63,64,77
5924,Eva Taylor,Electronics,25,66,96,63
5925,David Miller,Data Science,19,65,68,92
5926,Paula Brown,Information Technology,23,96,75,98
5927,Paula Williams,Data Science,18,67,78,72
5928,Kevin Miller,Electronics,21,64,74,64
5929,David Smith,Computer Science,20,80,76,79
5930,Paula Brown,Civil,19,51,78,52
5931,Laura Williams,Information Technology,21,62,61,69
5932,Charlie Garcia,Information Technology,19,56,64,79
5933,Tina Taylor,Information Technology,25,66,66,70
5934,Charlie Miller,Civil,25,54,87,60
5935,David Martinez,Electronics,22,98,62,63
5936,Charlie Brown,Data Science,21,93,95,76
5937,Paula Anderson,Computer Science,18,84,67,54
5938,Ivan Smith,Civil,19,66,91,79
5939,Tina Martinez,Information Technology,23,86,82,58
5940,Grace Garcia,Information Technology,19,79,92,86
5941,Steve Anderson,Electronics,18,89,85,89
5942,Steve Williams,Computer Science,25,52,96,97
5943,Steve Smith,Mechanical,23,77,63,83
5944,Ivan Taylor,Mechanical,18,72,82,90
5945,Ivan Williams,Data Science,24,64,80,86
5946,Laura Davis,Electronics,22,57,95,79
5947,Grace Miller,Civil,20,79,87,91
5948,Julia Garcia,Mechanical,20,75,72,89
5949,David Brown,Information Technology,21,51,98,70
5950,Charlie Brown,Information Technology,19,87,62,77
5951,Frank Williams,Data Science,24,66,60,58
5952,Grace Smith,Information Technology,18,57,86,65
5953,Rachel Taylor,Civil,22,53,87,54
5954,Michael Miller,Computer Science,18,67,82,81
5955,Ivan Taylor,Data Science,20,52,81,91
5956,Laura Davis,Information Technology,25,93,74,78
5957,Grace Johnson,Computer Science,23,69,72,96
5958,Ivan Miller,Civil,23,71,97,50
5959,Rachel Taylor,Information Technology,18,94,61,66
5960,Michael Smith,Civil,20,74,89,50
5961,Kevin Brown,Information Technology,24,88,96,79
5962,Eva Davis,Computer Science,23,67,82,77
5963,Michael Brown,Information Technology,19,69,77,64
5964,Quentin Davis,Computer Science,25,66,68,96
5965,Laura Smith,Civil,22,88,77,93
5966,Frank Smith,Data Science,22,83,74,77
5967,Tina Martinez,Computer Science,21,91,66,81
5968,Charlie Anderson,Computer Science,19,84,80,67
5969,Alice Brown,Electronics,20,82,67,86
5970,Rachel Martinez,Electronics,25,50,86,80
5971,Eva Williams,Mechanical,23,62,63,75
5972,Kevin Smith,Mechanical,23,91,74,99
5973,Nina Davis,Computer Science,21,53,96,68
5974,Tina Williams,Electronics,18,97,92,89
5975,Helen Miller,Mechanical,21,78,63,77
5976,Helen Brown,Civil,21,53,64,79
5977,Steve Miller,Information Technology,18,85,85,85
5978,Oscar Taylor,Information Technology,21,74,86,79
5979,Eva Martinez,Mechanical,25,60,62,80
5980,Paula Smith,Data Science,23,92,87,73
5981,Grace Smith,Data Science,25,64,87,90
5982,Eva Johnson,Data Science,25,80,76,70
5983,Charlie Smith,Data Science,22,93,81,77
5984,Julia Smith,Mechanical,20,77,76,53
5985,Kevin Miller,Mechanical,25,85,93,80
5986,Bob Garcia,Computer Science,20,62,95,88
5987,Eva Garcia,Data Science,18,94,63,77
5988,Alice Williams,Data Science,24,89,97,100
5989,Tina Martinez,Civil,20,50,73,85
5990,Tina Williams,Electronics,22,94,68,100
5991,Nina Anderson,Information Technology,19,93,84,50
5992,David Williams,Civil,23,73,87,80
5993,David Miller,Mechanical,24,73,72,67
5994,Eva Johnson,Civil,20,55,91,87
5995,Julia Davis,Information Technology,21,62,77,72
5996,Laura Taylor,Computer Science,20,82,95,90
5997,Michael Taylor,Electronics,22,69,84,84
5998,Bob Taylor,Mechanical,19,51,83,63
5999,Oscar Davis,Data Science,24,97,67,75
6000,Paula Taylor,Mechanical,23,60,66,60
6001,Quentin Davis,Electronics,21,51,93,61
6002,Quentin Taylor,Data Science,25,82,61,67
6003,Bob Brown,Mechanical,22,60,80,95
6004,Grace Johnson,Civil,22,98,98,86
6005,Alice Martinez,Electronics,20,94,64,83
6006,Quentin Davis,Civil,20,74,88,82
6007,Michael Smith,Electronics,19,97,76,50
6008,Bob Johnson,Electronics,20,83,65,90
6009,Eva Brown,Computer Science,19,70,85,79
6010,Tina Davis,Information Technology,19,83,74,68
6011,Steve Martinez,Data Science,19,80,68,78
6012,Tina Taylor,Data Science,19,88,99,71
6013,Michael Brown,Computer Science,25,95,60,56
6014,Paula Johnson,Civil,23,98,94,80
6015,Helen Martinez,Electronics,19,77,81,67
6016,Kevin Taylor,Computer Science,23,77,91,63
6017,Alice Taylor,Computer Science,25,63,92,69
6018,Bob Anderson,Mechanical,19,55,85,89
6019,Charlie Taylor,Information Technology,19,56,88,58
6020,David Martinez,Civil,19,74,79,92
6021,Laura Smith,Civil,25,84,96,97
6022,Bob Miller,Mechanical,24,60,95,72
6023,Bob Taylor,Computer Science,20,71,97,75
6024,Frank Garcia,Computer Science,18,52,74,80
6025,Laura Davis,Information Technology,22,55,71,80
6026,Helen Anderson,Mechanical,20,57,87,63
6027,Laura Smith,Information Technology,21,76,96,69
6028,Quentin Garcia,Information Technology,21,99,93,75
6029,Bob Brown,Information Technology,22,99,72,78
6030,Alice Johnson,Computer Science,22,61,62,55
6031,Laura Williams,Data Science,25,92,91,75
6032,Michael Miller,Electronics,21,85,98,58
6033,Nina Brown,Civil,22,70,87,61
6034,Helen Garcia,Computer Science,18,78,88,71
6035,Rachel Garcia,Information Technology,21,60,90,85
6036,Grace Smith,Information Technology,20,54,73,99
6037,Eva Davis,Computer Science,19,76,80,90
6038,Julia Williams,Civil,20,91,98,80
6039,Helen Martinez,Civil,22,62,76,73
6040,Nina Brown,Electronics,21,87,89,84
6041,Quentin Smith,Mechanical,23,72,92,57
6042,Charlie Martinez,Data Science,22,98,84,97
6043,Kevin Williams,Electronics,21,99,74,61
6044,Nina Anderson,Mechanical,24,82,89,65
6045,Grace Williams,Electronics,22,58,83,80
6046,Bob Taylor,Mechanical,24,55,77,78
6047,Julia Smith,Information Technology,18,54,91,65
6048,Eva Brown,Computer Science,20,56,76,53
6049,Eva Brown,Computer Science,23,53,72,63
6050,Helen Brown,Computer Science,21,58,76,72
6051,Nina Davis,Mechanical,18,58,94,83
6052,Ivan Smith,Information Technology,22,70,84,70
6053,Bob Taylor,Civil,21,61,87,53
6054,Alice Davis,Information Technology,21,87,88,78
6055,Rachel Martinez,Mechanical,25,74,70,54
6056,Charlie Anderson,Computer Science,22,58,72,52
6057,Nina Williams,Civil,22,69,96,75
6058,Paula Martinez,Electronics,22,61,90,77
6059,Bob Miller,Data Science,19,66,81,97
6060,Tina Smith,Mechanical,22,66,99,63
6061,Alice Smith,Civil,22,90,62,85
6062,Steve Brown,Electronics,24,58,70,61
6063,Rachel Martinez,Data Science,21,53,77,59
6064,Kevin Williams,Mechanical,23,67,68,82
6065,Charlie Brown,Electronics,21,83,100,60
6066,Michael Taylor,Data Science,22,67,95,73
6067,Charlie Martinez,Electronics,19,100,69,76
6068,Bob Garcia,Electronics,19,58,62,76
6069,Tina Williams,Data Science,18,98,65,60
6070,Laura Johnson,Civil,24,74,74,87
6071,Alice Anderson,Civil,22,87,84,64
6072,Nina Smith,Electronics,25,67,93,59
6073,Oscar Anderson,Computer Science,21,77,74,75
6074,Tina Williams,Civil,21,66,62,66
6075,Paula Williams,Information Technology,24,77,85,67
6076,Steve Johnson,Data Science,23,77,95,81
6077,David Smith,Mechanical,24,98,87,65
6078,David Brown,Data Science,18,50,68,51
6079,Frank Anderson,Electronics,21,61,94,97
6080,Frank Johnson,Mechanical,23,56,78,65
6081,Eva Johnson,Mechanical,20,93,85,92
6082,Julia Smith,Civil,21,98,88,99
6083,Nina Smith,Civil,22,70,76,55
6084,Laura Taylor,Mechanical,25,79,94,87
6085,Julia Johnson,Computer Science,19,67,86,62
6086,Tina Smith,Information Technology,23,64,75,83
6087,Grace Martinez,Data Science,18,74,65,65
6088,Charlie Davis,Data Science,20,69,75,83
6089,Grace Smith,Information Technology,21,68,72,79
6090,Bob Martinez,Computer Science,22,65,74,81
6091,Ivan Smith,Computer Science,24,99,64,68
6092,Tina Miller,Electronics,21,86,77,100
6093,Charlie Taylor,Data Science,20,96,67,69
6094,Grace Martinez,Electronics,25,99,85,93
6095,Laura Smith,Computer Science,23,75,91,80
6096,Julia Garcia,Data Science,19,73,64,71
6097,Quentin Anderson,Computer Science,20,53,97,68
6098,Nina Miller,Data Science,24,53,66,50
6099,Helen Miller,Computer Science,18,85,80,91
6100,Ivan Anderson,Data Science,18,57,60,92
6101,Laura Miller,Information Technology,21,59,94,58
6102,Laura Anderson,Electronics,19,100,74,90
6103,Oscar Taylor,Mechanical,22,79,67,58
6104,Michael Smith,Data Science,18,88,82,100
6105,Ivan Taylor,Computer Science,22,93,100,69
6106,Bob Johnson,Computer Science,23,83,96,55
6107,Nina Davis,Civil,25,78,65,99
6108,Kevin Johnson,Civil,20,70,85,71
6109,David Taylor,Data Science,20,81,75,56
6110,Rachel Miller,Civil,21,61,90,66
6111,Paula Taylor,Mechanical,20,94,89,77
6112,Eva Smith,Mechanical,19,58,68,51
6113,Charlie Martinez,Information Technology,19,53,71,61
6114,Laura Brown,Electronics,19,56,82,83
6115,Oscar Miller,Mechanical,20,78,88,92
6116,Steve Davis,Mechanical,24,100,99,98
6117,Alice Johnson,Mechanical,19,75,60,96
6118,Nina Miller,Computer Science,23,94,74,75
6119,Frank Smith,Information Technology,24,59,95,51
6120,Quentin Anderson,Computer Science,20,83,61,96
6121,Michael Taylor,Computer Science,18,57,91,87
6122,Bob Taylor,Information Technology,20,80,63,86
6123,Rachel Williams,Civil,21,84,89,56
6124,Oscar Miller,Mechanical,20,99,90,98
6125,Michael Garcia,Mechanical,20,86,66,53
6126,Bob Brown,Civil,24,98,74,62
6127,Grace Anderson,Electronics,22,85,72,79
6128,Charlie Anderson,Data Science,19,93,90,92
6129,Bob Taylor,Mechanical,21,98,92,78
6130,Ivan Taylor,Data Science,18,79,75,50
6131,Michael Miller,Electronics,20,95,92,57
6132,Eva Martinez,Computer Science,25,82,82,60
6133,Quentin Garcia,Data Science,19,64,87,76
6134,Michael Williams,Data Science,18,78,68,86
6135,Grace Taylor,Electronics,25,76,97,56
6136,Charlie Anderson,Mechanical,25,68,64,59
6137,Tina Anderson,Mechanical,22,78,87,77
6138,Nina Davis,Information Technology,21,54,93,56
6139,Frank Anderson,Electronics,18,86,74,72
6140,Bob Brown,Information Technology,22,77,72,54
6141,Oscar Anderson,Mechanical,21,98,88,51
6142,Grace Anderson,Mechanical,25,68,74,69
6143,Frank Davis,Civil,24,78,80,76
6144,Helen Martinez,Computer Science,24,76,68,95
6145,Quentin Garcia,Civil,24,59,86,78
6146,David Miller,Computer Science,25,65,69,59
6147,David Garcia,Information Technology,25,79,74,76
6148,Kevin Johnson,Data Science,19,93,97,77
6149,Alice Miller,Computer Science,23,50,89,95
6150,Ivan Miller,Electronics,23,100,60,95
6151,Oscar Smith,Mechanical,24,87,98,83
6152,Helen Miller,Computer Science,21,73,87,70
6153,Bob Davis,Information Technology,24,73,85,100
6154,Kevin Martinez,Mechanical,23,71,82,89
6155,Helen Brown,Mechanical,24,98,82,89
6156,Quentin Anderson,Mechanical,23,81,85,59
6157,Frank Miller,Computer Science,19,69,68,58
6158,Eva Anderson,Computer Science,19,83,83,100
6159,Steve Williams,Electronics,20,63,69,56
6160,Paula Miller,Civil,20,87,81,91
6161,Quentin Smith,Information Technology,18,80,63,56
6162,Frank Miller,Computer Science,19,50,61,71
6163,Paula Smith,Data Science,24,80,89,97
6164,Michael Miller,Computer Science,23,52,97,55
6165,Quentin Taylor,Computer Science,24,78,100,86
6166,Frank Davis,Electronics,21,99,95,78
6167,Paula Davis,Information Technology,25,66,99,55
6168,Michael Anderson,Mechanical,22,68,61,67
6169,Nina Taylor,Computer Science,25,98,78,65
6170,Helen Brown,Data Science,21,75,97,96
6171,Steve Brown,Data Science,18,88,81,63
6172,David Martinez,Civil,21,75,84,81
6173,Tina Williams,Data Science,18,56,81,68
6174,Kevin Smith,Civil,25,92,61,82
6175,Quentin Brown,Data Science,24,98,99,79
6176,Helen Brown,Electronics,24,68,93,68
6177,Alice Brown,Computer Science,25,51,71,52
6178,Helen Brown,Data Science,18,97,83,82
6179,Julia Smith,Mechanical,23,81,86,88
6180,Paula Taylor,Information Technology,22,63,70,74
6181,Tina Miller,Data Science,18,83,97,91
6182,Alice Brown,Data Science,23,60,95,81
6183,Rachel Garcia,Data Science,24,64,65,89
6184,Frank Williams,Computer Science,20,54,65,69
6185,Michael Martinez,Information Technology,18,81,87,73
6186,Tina Smith,Electronics,21,89,60,87
6187,Steve Taylor,Data Science,24,58,77,95
6188,Ivan Davis,Computer Science,23,90,60,74
6189,Tina Anderson,Data Science,21,75,63,59
6190,Nina Johnson,Computer Science,25,80,61,82
6191,Charlie Smith,Civil,22,72,61,100
6192,Kevin Williams,Data Science,18,85,67,51
6193,Steve Davis,Data Science,21,69,81,86
6194,Laura Smith,Information Technology,25,51,91,87
6195,Paula Williams,Mechanical,20,56,72,81
6196,Paula Taylor,Mechanical,25,63,80,78
6197,Eva Johnson,Mechanical,19,68,100,51
6198,David Taylor,Civil,20,95,94,62
6199,David Smith,Electronics,22,87,97,73
6200,Kevin Smith,Computer Science,23,65,80,70
6201,Michael Anderson,Civil,19,100,84,94
6202,Rachel Garcia,Data Science,18,61,75,69
6203,Bob Brown,Computer Science,19,54,94,62
6204,Oscar Smith,Data Science,22,74,84,67
6205,Kevin Johnson,Information Technology,19,62,64,61
6206,Paula Garcia,Civil,20,79,64,75
6207,David Davis,Data Science,22,92,62,97
6208,Bob Williams,Computer Science,22,99,65,91
6209,Julia Smith,Electronics,21,77,97,67
6210,Tina Martinez,Computer Science,22,94,87,77
6211,Charlie Brown,Computer Science,19,95,85,92
6212,Kevin Taylor,Electronics,23,90,83,56
6213,Michael Martinez,Computer Science,20,80,68,59
6214,Bob Davis,Electronics,25,78,68,58
6215,Tina Davis,Electronics,25,55,70,66
6216,Laura Smith,Mechanical,25,69,100,56
6217,Eva Anderson,Data Science,18,91,68,91
6218,Nina Williams,Information Technology,25,89,99,50
6219,Bob Williams,Mechanical,19,71,89,96
6220,Nina Anderson,Computer Science,22,77,74,82
6221,Nina Davis,Computer Science,22,88,80,87
6222,Michael Garcia,Data Science,21,94,78,54
6223,Michael Taylor,Civil,25,91,94,94
6224,Oscar Davis,Computer Science,18,76,86,81
6225,Frank Taylor,Data Science,20,87,99,93
6226,Tina Miller,Mechanical,19,84,83,57
6227,Quentin Anderson,Electronics,23,89,64,77
6228,Steve Johnson,Mechanical,25,80,94,74
6229,Grace Anderson,Data Science,23,88,73,94
6230,Paula Williams,Civil,19,59,93,85
6231,Grace Miller,Civil,19,74,89,50
6232,Ivan Smith,Computer Science,22,81,76,54
6233,Oscar Martinez,Mechanical,23,92,77,80
6234,Nina Taylor,Computer Science,22,81,93,53
6235,Julia Miller,Information Technology,22,93,68,79
6236,Alice Martinez,Mechanical,24,91,92,98
6237,Frank Anderson,Civil,20,67,60,96
6238,Paula Williams,Data Science,22,81,88,76
6239,Rachel Brown,Mechanical,19,76,88,67
6240,Charlie Martinez,Data Science,22,90,98,70
6241,Paula Anderson,Data Science,24,90,72,72
6242,Frank Smith,Mechanical,21,65,74,61
6243,Oscar Taylor,Computer Science,23,85,90,86
6244,Oscar Miller,Mechanical,23,79,79,76
6245,Bob Williams,Data Science,19,75,65,83
6246,David Martinez,Civil,21,96,67,92
6247,Quentin Williams,Data Science,20,66,70,85
6248,Eva Anderson,Computer Science,23,76,91,59
6249,Charlie Johnson,Mechanical,23,97,63,81
6250,Ivan Miller,Civil,24,68,98,70
6251,Eva Brown,Data Science,21,55,67,96
6252,Grace Smith,Computer Science,18,67,75,73
6253,David Johnson,Electronics,20,98,80,80
6254,Charlie Davis,Data Science,19,73,79,77
6255,Eva Williams,Mechanical,24,78,78,86
6256,Nina Johnson,Electronics,19,90,60,74
6257,David Johnson,Information Technology,18,96,94,78
6258,Tina Martinez,Electronics,24,59,66,61
6259,Tina Williams,Mechanical,18,72,69,77
6260,Michael Williams,Computer Science,24,93,99,98
6261,Rachel Taylor,Electronics,23,63,63,65
6262,Michael Brown,Electronics,21,83,76,93
6263,Kevin Johnson,Data Science,18,63,74,92
6264,Frank Johnson,Computer Science,23,55,100,87
6265,Julia Martinez,Electronics,22,63,91,97
6266,Oscar Garcia,Civil,18,95,70,70
6267,Alice Davis,Electronics,24,54,83,65
6268,Julia Davis,Computer Science,24,92,70,90
6269,Tina Garcia,Civil,25,76,80,68
6270,Bob Garcia,Computer Science,18,97,100,69
6271,Oscar Martinez,Computer Science,25,72,63,58
6272,Kevin Smith,Computer Science,18,97,87,77
6273,Eva Garcia,Mechanical,23,91,85,89
6274,Tina Smith,Electronics,18,93,78,62
6275,Quentin Johnson,Mechanical,18,98,70,68
6276,Julia Johnson,Computer Science,19,60,60,89
6277,Frank Smith,Computer Science,22,65,96,86
6278,Paula Taylor,Data Science,21,67,100,100
6279,David Williams,Electronics,19,74,93,60
6280,Laura Miller,Data Science,18,62,93,87
6281,David Taylor,Data Science,25,59,78,83
6282,Michael Taylor,Civil,23,66,64,72
6283,Alice Martinez,Computer Science,23,68,93,51
6284,Frank Smith,Mechanical,21,55,87,97
6285,Helen Johnson,Computer Science,23,76,95,72
6286,Ivan Miller,Mechanical,20,57,83,90
6287,Ivan Smith,Mechanical,20,97,80,65
6288,Michael Garcia,Information Technology,23,63,86,76
6289,Ivan Brown,Civil,20,99,73,98
6290,Frank Johnson,Mechanical,25,61,68,69
6291,Julia Smith,Electronics,18,97,85,60
6292,Quentin Brown,Mechanical,23,74,74,59
6293,David Taylor,Mechanical,21,87,96,60
6294,Grace Garcia,Electronics,19,73,71,81
6295,Paula Johnson,Mechanical,21,53,65,50
6296,Alice Martinez,Information Technology,20,86,78,89
6297,Julia Brown,Computer Science,22,75,62,95
6298,Grace Taylor,Computer Science,21,100,78,79
6299,Quentin Smith,Civil,22,96,81,86
6300,Tina Davis,Electronics,21,95,83,95
6301,Quentin Smith,Mechanical,24,79,82,80
6302,Laura Anderson,Computer Science,24,99,79,61
6303,Ivan Brown,Electronics,25,93,80,70
6304,Paula Davis,Computer Science,25,89,96,62
6305,Michael Martinez,Mechanical,23,93,94,78
6306,Charlie Davis,Information Technology,21,83,78,55
6307,Oscar Davis,Civil,19,55,98,60
6308,Paula Taylor,Mechanical,22,90,82,82
6309,Paula Martinez,Data Science,25,57,78,73
6310,Michael Johnson,Civil,18,97,99,93
6311,Bob Taylor,Mechanical,20,74,72,88
6312,Oscar Williams,Information Technology,23,94,97,60
6313,David Garcia,Electronics,20,98,65,55
6314,Eva Williams,Data Science,24,62,97,96
6315,Quentin Johnson,Electronics,24,61,65,59
6316,Bob Williams,Information Technology,19,98,95,87
6317,Frank Brown,Data Science,18,89,92,58
6318,Julia Smith,Electronics,18,86,98,78
6319,Nina Williams,Data Science,18,79,90,53
6320,Grace Garcia,Information Technology,25,50,64,100
6321,Ivan Johnson,Computer Science,25,77,66,75
6322,Julia Taylor,Mechanical,19,91,75,98
6323,Kevin Williams,Information Technology,20,67,73,97
6324,Tina Taylor,Civil,19,50,98,51
6325,Rachel Miller,Information Technology,23,76,66,85
6326,Ivan Martinez,Electronics,18,67,95,96
6327,Nina Martinez,Information Technology,24,60,87,91
6328,Frank Miller,Electronics,23,55,90,88
6329,Bob Johnson,Information Technology,20,59,97,67
6330,Michael Taylor,Civil,20,78,85,73
6331,Eva Taylor,Civil,23,83,68,91
6332,Nina Smith,Electronics,25,76,73,59
6333,David Martinez,Data Science,23,98,72,92
6334,Laura Taylor,Mechanical,21,92,69,55
6335,Grace Williams,Computer Science,19,67,67,96
6336,Paula Smith,Information Technology,22,72,79,50
6337,Helen Johnson,Electronics,20,53,72,89
6338,Ivan Smith,Data Science,25,58,80,73
6339,Ivan Smith,Mechanical,20,57,67,100
6340,Nina Miller,Data Science,20,54,70,55
6341,Frank Martinez,Information Technology,24,52,65,92
6342,Julia Miller,Civil,20,54,75,86
6343,Frank Garcia,Electronics,20,52,95,78
6344,Laura Williams,Mechanical,24,65,67,77
6345,Charlie Williams,Computer Science,25,94,93,96
6346,Ivan Martinez,Civil,20,60,64,94
6347,Steve Taylor,Information Technology,23,81,86,93
6348,Helen Smith,Information Technology,23,100,83,91
6349,Oscar Taylor,Computer Science,18,99,82,97
6350,Alice Brown,Information Technology,19,83,92,68
6351,Laura Taylor,Information Technology,21,79,76,71
6352,Rachel Martinez,Electronics,23,80,83,81
6353,Charlie Smith,Mechanical,23,51,68,99
6354,Quentin Johnson,Mechanical,20,93,100,76
6355,Charlie Brown,Civil,18,92,75,91
6356,Alice Martinez,Civil,24,62,96,77
6357,Oscar Garcia,Mechanical,24,100,99,53
6358,Tina Anderson,Mechanical,22,66,96,83
6359,Frank Garcia,Mechanical,24,90,99,63
6360,Kevin Williams,Information Technology,20,84,63,85
6361,Bob Brown,Civil,21,78,93,92
6362,Helen Anderson,Electronics,25,56,74,67
6363,Julia Johnson,Mechanical,22,56,91,88
6364,Julia Anderson,Electronics,25,74,84,68
6365,Julia Taylor,Data Science,18,66,90,59
6366,Oscar Miller,Mechanical,19,65,67,63
6367,David Smith,Civil,21,71,66,83
6368,Helen Brown,Information Technology,21,72,77,84
6369,Rachel Brown,Computer Science,24,81,82,96
6370,Helen Smith,Data Science,20,60,62,93
6371,Bob Anderson,Civil,21,78,82,55
6372,Rachel Williams,Civil,21,72,81,92
6373,Nina Miller,Civil,18,81,76,85
6374,Bob Smith,Mechanical,21,61,95,59
6375,Nina Anderson,Information Technology,21,81,97,93
6376,Bob Miller,Civil,20,61,99,66
6377,Frank Brown,Computer Science,25,74,83,92
6378,Alice Johnson,Computer Science,25,79,60,56
6379,Michael Davis,Mechanical,21,87,65,100
6380,Alice Taylor,Data Science,23,82,70,77
6381,Eva Miller,Data Science,22,60,95,74
6382,Nina Johnson,Information Technology,19,89,75,56
6383,Charlie Anderson,Computer Science,20,92,83,82
6384,Quentin Brown,Electronics,20,59,77,80
6385,Julia Williams,Computer Science,18,53,94,75
6386,Frank Miller,Information Technology,25,96,83,99
6387,David Garcia,Data Science,19,74,75,64
6388,Laura Martinez,Mechanical,20,72,69,73
6389,Alice Williams,Electronics,19,62,74,62
6390,Paula Smith,Computer Science,21,50,67,56
6391,Bob Brown,Information Technology,24,58,78,66
6392,Helen Garcia,Computer Science,24,94,66,96
6393,Paula Smith,Computer Science,18,95,64,85
6394,Steve Williams,Data Science,25,67,92,73
6395,David Smith,Computer Science,20,60,79,93
6396,Tina Johnson,Civil,20,62,90,83
6397,Charlie Williams,Information Technology,21,82,60,61
6398,Charlie Brown,Electronics,19,64,73,74
6399,Bob Taylor,Electronics,20,61,64,52
6400,Laura Davis,Civil,21,88,94,61
6401,David Williams,Data Science,22,63,62,93
6402,Bob Smith,Electronics,19,66,77,74
6403,David Miller,Computer Science,23,80,73,81
6404,Grace Brown,Computer Science,23,69,72,92
6405,Julia Williams,Civil,19,93,94,58
6406,Charlie Williams,Mechanical,22,54,99,88
6407,Julia Johnson,Civil,20,56,84,66
6408,David Williams,Data Science,23,91,87,94
6409,David Garcia,Data Science,18,70,64,99
6410,Nina Martinez,Data Science,23,100,67,59
6411,Grace Miller,Mechanical,22,60,67,71
6412,Quentin Martinez,Computer Science,21,71,98,97
6413,Kevin Martinez,Computer Science,20,91,90,73
6414,Ivan Miller,Data Science,19,69,100,99
6415,Eva Garcia,Electronics,18,81,92,91
6416,Grace Garcia,Information Technology,25,69,76,88
6417,Steve Taylor,Computer Science,23,79,80,93
6418,Oscar Smith,Mechanical,25,54,69,80
6419,Michael Smith,Civil,20,87,60,98
6420,Bob Williams,Computer Science,24,83,89,94
6421,Kevin Taylor,Computer Science,19,73,99,61
6422,Julia Williams,Computer Science,22,56,96,90
6423,Rachel Garcia,Mechanical,18,59,97,92
6424,Bob Davis,Computer Science,25,92,85,85
6425,Nina Davis,Computer Science,19,78,97,86
6426,Helen Davis,Information Technology,19,60,79,50
6427,Eva Miller,Information Technology,25,94,74,75
6428,Nina Garcia,Computer Science,18,60,78,82
6429,Ivan Miller,Information Technology,19,96,77,69
6430,Oscar Brown,Electronics,25,88,89,53
6431,Eva Brown,Electronics,25,69,67,97
6432,Steve Miller,Computer Science,19,70,71,98
6433,Tina Johnson,Computer Science,18,89,97,96
6434,Laura Johnson,Electronics,21,72,99,91
6435,Bob Miller,Civil,18,99,99,82
6436,Rachel Taylor,Civil,25,77,78,83
6437,Alice Anderson,Electronics,24,62,96,52
6438,Tina Taylor,Civil,25,74,83,94
6439,Eva Smith,Mechanical,22,69,82,67
6440,Rachel Brown,Computer Science,25,66,92,89
6441,Oscar Martinez,Mechanical,19,51,66,96
6442,Bob Davis,Electronics,25,73,78,74
6443,Frank Anderson,Computer Science,20,59,61,100
6444,Oscar Smith,Electronics,24,67,96,89
6445,Frank Johnson,Information Technology,22,77,85,69
6446,Helen Martinez,Electronics,23,89,67,93
6447,David Garcia,Information Technology,25,84,81,79
6448,Grace Taylor,Civil,21,65,74,66
6449,Quentin Martinez,Civil,20,57,71,77
6450,Charlie Johnson,Electronics,21,71,68,58
6451,Kevin Williams,Data Science,23,63,67,50
6452,Paula Garcia,Electronics,18,63,75,50
6453,Kevin Taylor,Mechanical,21,69,98,70
6454,Bob Martinez,Computer Science,23,77,75,87
6455,Oscar Garcia,Data Science,23,78,95,86
6456,Michael Miller,Computer Science,23,79,72,97
6457,Michael Brown,Computer Science,22,52,98,93
6458,Alice Davis,Electronics,19,58,85,55
6459,Julia Williams,Computer Science,20,85,61,73
6460,Charlie Martinez,Mechanical,22,100,74,65
6461,Eva Taylor,Computer Science,24,74,72,80
6462,Charlie Martinez,Mechanical,20,87,67,69
6463,David Williams,Information Technology,23,86,79,99
6464,Frank Smith,Data Science,22,51,63,55
6465,Quentin Anderson,Electronics,20,57,87,57
6466,Paula Taylor,Information Technology,22,55,74,64
6467,Grace Brown,Computer Science,23,51,83,89
6468,Steve Garcia,Computer Science,19,69,96,92
6469,Michael Brown,Electronics,23,67,77,92
6470,Steve Martinez,Civil,24,78,91,79
6471,Nina Martinez,Computer Science,18,98,69,66
6472,Frank Garcia,Mechanical,20,80,70,96
6473,Steve Anderson,Computer Science,21,80,85,97
6474,Nina Johnson,Information Technology,20,70,99,63
6475,Michael Smith,Electronics,19,79,91,73
6476,Rachel Smith,Computer Science,20,94,83,85
6477,Helen Williams,Computer Science,23,84,71,52
6478,Quentin Garcia,Civil,20,56,61,86
6479,Alice Taylor,Mechanical,19,76,91,57
6480,Eva Garcia,Computer Science,22,69,100,81
6481,Frank Brown,Electronics,21,56,85,54
6482,David Miller,Computer Science,19,61,99,62
6483,Ivan Smith,Electronics,23,75,95,84
6484,Tina Brown,Civil,20,91,80,57
6485,Nina Miller,Data Science,24,78,62,94
6486,Oscar Davis,Information Technology,21,73,83,64
6487,Julia Martinez,Electronics,25,54,87,72
6488,Oscar Johnson,Computer Science,21,74,66,80
6489,Alice Smith,Computer Science,21,50,61,51
6490,Paula Martinez,Data Science,22,78,70,85
6491,Eva Anderson,Data Science,19,83,72,79
6492,Julia Taylor,Data Science,18,62,75,90
6493,Grace Johnson,Data Science,20,52,70,99
6494,Nina Taylor,Computer Science,24,63,63,93
6495,Rachel Smith,Data Science,22,81,99,57
6496,Kevin Taylor,Civil,21,74,92,56
6497,Ivan Anderson,Electronics,24,82,91,75
6498,Helen Johnson,Data Science,18,70,95,81
6499,Oscar Miller,Civil,22,74,100,57
6500,Helen Davis,Civil,23,50,68,50
6501,Michael Martinez,Civil,20,69,87,89
6502,David Taylor,Information Technology,21,70,73,100
6503,Ivan Anderson,Data Science,20,76,97,59
6504,Ivan Garcia,Information Technology,21,50,71,50
6505,Ivan Brown,Computer Science,20,96,70,99
6506,Michael Miller,Information Technology,21,77,69,52
6507,Michael Smith,Computer Science,19,80,74,68
6508,Michael Brown,Computer Science,23,74,78,69
6509,Bob Garcia,Electronics,23,56,78,50
6510,Julia Taylor,Mechanical,18,75,96,79
6511,Eva Brown,Civil,21,92,95,86
6512,Frank Garcia,Data Science,21,71,93,100
6513,Kevin Taylor,Computer Science,23,83,81,53
6514,Frank Miller,Civil,22,57,74,79
6515,Michael Anderson,Electronics,18,78,92,85
6516,David Davis,Mechanical,18,96,72,94
6517,Kevin Johnson,Electronics,22,85,98,75
6518,Quentin Davis,Mechanical,21,99,69,82
6519,David Miller,Civil,24,68,76,55
6520,Laura Martinez,Information Technology,19,60,95,89
6521,Charlie Smith,Data Science,24,96,95,65
6522,Julia Taylor,Information Technology,22,78,94,61
6523,Ivan Miller,Electronics,25,77,65,82
6524,Paula Taylor,Mechanical,19,84,98,51
6525,Ivan Miller,Computer Science,21,85,75,88
6526,David Davis,Electronics,21,88,95,69
6527,Laura Williams,Computer Science,22,82,73,50
6528,David Brown,Information Technology,22,55,100,91
6529,Laura Martinez,Civil,20,66,93,91
6530,Paula Smith,Data Science,23,60,96,88
6531,Paula Smith,Computer Science,21,73,88,90
6532,Quentin Johnson,Civil,22,64,95,68
6533,Laura Johnson,Data Science,22,52,100,51
6534,Quentin Taylor,Mechanical,22,72,66,54
6535,Eva Williams,Data Science,19,98,67,89
6536,David Anderson,Electronics,19,94,98,68
6537,Steve Anderson,Computer Science,24,94,75,60
6538,Grace Brown,Civil,19,69,91,55
6539,Rachel Davis,Computer Science,18,66,68,92
6540,Ivan Johnson,Electronics,20,96,88,92
6541,Rachel Williams,Electronics,25,71,65,97
6542,Frank Garcia,Data Science,18,63,77,63
6543,Tina Williams,Computer Science,23,52,63,91
6544,Michael Anderson,Mechanical,20,67,97,63
6545,Oscar Johnson,Computer Science,20,82,86,92
6546,Nina Martinez,Computer Science,22,87,84,77
6547,Bob Williams,Computer Science,22,78,74,79
6548,Grace Johnson,Electronics,24,55,100,72
6549,Frank Smith,Information Technology,18,89,81,99
6550,Frank Taylor,Computer Science,23,86,83,88
6551,Paula Taylor,Computer Science,22,97,88,53
6552,Bob Garcia,Electronics,21,58,97,85
6553,Bob Williams,Mechanical,20,60,71,62
6554,Kevin Davis,Information Technology,24,88,65,76
6555,Ivan Williams,Computer Science,25,84,79,51
6556,Paula Brown,Electronics,20,87,81,98
6557,Frank Taylor,Data Science,18,90,62,75
6558,David Martinez,Data Science,24,81,68,98
6559,Oscar Miller,Computer Science,23,57,60,60
6560,Quentin Martinez,Mechanical,20,90,70,92
6561,Bob Johnson,Computer Science,21,55,86,73
6562,Eva Johnson,Electronics,24,62,77,98
6563,Paula Davis,Data Science,21,85,67,86
6564,Charlie Johnson,Computer Science,18,84,76,59
6565,Charlie Johnson,Computer Science,18,80,100,78
6566,Tina Garcia,Data Science,18,54,66,53
6567,Nina Smith,Electronics,18,76,93,64
6568,Rachel Taylor,Computer Science,21,51,99,57
6569,Helen Anderson,Electronics,24,52,70,97
6570,Julia Smith,Computer Science,21,52,72,68
6571,Steve Johnson,Computer Science,21,93,87,54
6572,Eva Williams,Civil,18,81,72,60
6573,Ivan Brown,Data Science,18,93,83,93
6574,Ivan Davis,Information Technology,20,85,64,64
6575,Frank Garcia,Data Science,19,53,81,74
6576,Tina Davis,Electronics,24,51,76,88
6577,Tina Martinez,Information Technology,24,81,100,95
6578,Laura Brown,Data Science,22,71,90,78
6579,Helen Brown,Civil,18,68,68,52
6580,Quentin Anderson,Computer Science,25,85,93,88
6581,Helen Miller,Electronics,23,67,95,66
6582,Eva Martinez,Mechanical,25,78,77,97
6583,Alice Taylor,Mechanical,22,78,84,59
6584,Eva Anderson,Mechanical,25,55,84,82
6585,Ivan Miller,Data Science,21,64,67,80
6586,Charlie Johnson,Electronics,18,72,100,78
6587,Alice Miller,Civil,24,58,84,82
6588,Frank Martinez,Mechanical,19,69,71,86
6589,Frank Garcia,Information Technology,20,98,93,86
6590,Charlie Williams,Mechanical,23,84,81,96
6591,Charlie Brown,Mechanical,21,84,91,77
6592,Michael Johnson,Data Science,20,60,88,62
6593,Rachel Williams,Mechanical,24,52,84,52
6594,Oscar Taylor,Computer Science,20,52,73,75
6595,Julia Williams,Civil,24,86,90,96
6596,Quentin Miller,Computer Science,22,99,100,57
6597,Frank Brown,Electronics,18,85,90,69
6598,Kevin Johnson,Computer Science,19,55,73,68
6599,Nina Smith,Information Technology,23,51,76,71
6600,Julia Johnson,Mechanical,18,68,82,56
6601,Quentin Miller,Civil,19,80,64,75
6602,Kevin Davis,Civil,18,78,60,83
6603,Nina Johnson,Data Science,23,74,78,78
6604,Kevin Martinez,Civil,25,86,98,97
6605,Helen Smith,Civil,23,73,86,90
6606,Oscar Davis,Mechanical,21,69,75,55
6607,Oscar Miller,Information Technology,18,51,64,52
6608,Frank Williams,Mechanical,22,86,74,63
6609,David Smith,Civil,22,84,77,74
6610,Eva Brown,Data Science,19,76,67,67
6611,Rachel Brown,Data Science,21,70,98,56
6612,Kevin Brown,Civil,19,70,96,79
6613,Paula Brown,Electronics,22,77,90,88
6614,Alice Brown,Electronics,20,63,70,68
6615,Eva Martinez,Data Science,22,83,65,58
6616,Alice Martinez,Computer Science,24,98,74,76
6617,Tina Anderson,Computer Science,22,89,99,76
6618,Frank Smith,Data Science,19,50,100,85
6619,Michael Martinez,Information Technology,23,86,95,85
6620,Nina Smith,Electronics,20,61,89,95
6621,Helen Garcia,Data Science,18,55,99,100
6622,Tina Garcia,Computer Science,21,68,61,79
6623,Oscar Taylor,Civil,24,75,92,95
6624,Ivan Johnson,Data Science,21,97,71,94
6625,Eva Martinez,Electronics,20,57,72,52
6626,Nina Williams,Electronics,18,87,72,96
6627,David Davis,Electronics,23,58,86,94
6628,Steve Martinez,Mechanical,25,58,81,61
6629,Paula Anderson,Computer Science,21,73,82,79
6630,Michael Williams,Data Science,24,90,63,55
6631,Nina Taylor,Data Science,22,77,69,74
6632,Paula Davis,Data Science,18,60,75,98
6633,Rachel Taylor,Computer Science,21,62,83,53
6634,David Smith,Mechanical,25,77,64,58
6635,Michael Johnson,Computer Science,21,93,91,55
6636,Eva Davis,Information Technology,19,52,87,73
6637,Michael Taylor,Electronics,19,74,77,95
6638,Grace Johnson,Mechanical,23,80,100,52
6639,Paula Davis,Electronics,22,54,86,95
6640,Paula Garcia,Mechanical,21,75,88,77
6641,Oscar Brown,Electronics,18,96,82,63
6642,Charlie Garcia,Information Technology,22,58,92,90
6643,Eva Miller,Mechanical,25,96,86,57
6644,Bob Smith,Computer Science,20,70,96,71
6645,Bob Brown,Data Science,24,78,100,55
6646,Charlie Brown,Mechanical,19,74,80,91
6647,Helen Davis,Electronics,24,57,99,96
6648,Alice Anderson,Electronics,21,81,97,59
6649,Tina Brown,Information Technology,22,60,93,90
6650,Tina Anderson,Information Technology,23,63,65,68
6651,Eva Miller,Civil,20,74,97,87
6652,Paula Miller,Computer Science,22,81,94,79
6653,Oscar Johnson,Computer Science,22,69,60,72
6654,Rachel Anderson,Mechanical,20,70,93,53
6655,Nina Martinez,Mechanical,20,55,98,52
6656,Oscar Smith,Data Science,22,77,68,74
6657,Eva Johnson,Mechanical,19,91,64,56
6658,Oscar Martinez,Mechanical,21,69,78,61
6659,Ivan Taylor,Electronics,19,65,84,65
6660,Alice Garcia,Electronics,18,52,73,91
6661,Laura Miller,Electronics,25,59,60,72
6662,Laura Williams,Computer Science,18,84,77,52
6663,Kevin Miller,Mechanical,21,82,65,96
6664,Quentin Davis,Electronics,18,95,80,65
6665,Steve Martinez,Data Science,22,94,61,63
6666,Oscar Davis,Information Technology,23,89,79,55
6667,Eva Martinez,Computer Science,25,94,97,86
6668,Eva Johnson,Data Science,18,62,97,92
6669,Kevin Williams,Data Science,22,63,87,90
6670,Grace Williams,Civil,19,61,70,96
6671,Ivan Miller,Data Science,19,52,83,54
6672,Laura Garcia,Electronics,20,83,79,54
6673,Frank Miller,Computer Science,25,99,91,91
6674,Quentin Brown,Electronics,21,94,99,68
6675,Bob Smith,Computer Science,25,75,62,68
6676,Kevin Williams,Mechanical,24,84,75,91
6677,Bob Davis,Data Science,21,99,74,74
6678,Oscar Miller,Electronics,24,74,78,62
6679,Grace Davis,Information Technology,25,84,90,83
6680,Bob Martinez,Computer Science,23,83,75,99
6681,Tina Taylor,Data Science,18,76,79,87
6682,Nina Anderson,Civil,18,80,62,91
6683,Helen Anderson,Information Technology,25,62,63,53
6684,Quentin Martinez,Civil,20,94,70,77
6685,Quentin Martinez,Computer Science,21,54,98,80
6686,Charlie Miller,Electronics,18,71,89,92
6687,Steve Anderson,Civil,19,53,65,74
6688,Charlie Miller,Mechanical,25,68,95,76
6689,Frank Brown,Mechanical,25,94,68,96
6690,Kevin Martinez,Mechanical,24,74,62,73
6691,Laura Smith,Data Science,23,88,88,92
6692,Kevin Brown,Electronics,22,97,95,92
6693,Steve Taylor,Civil,20,82,99,56
6694,Nina Miller,Information Technology,23,81,73,60
6695,Eva Taylor,Data Science,22,61,85,72
6696,Frank Davis,Electronics,18,62,63,89
6697,Kevin Miller,Computer Science,25,91,100,93
6698,Nina Johnson,Mechanical,23,74,67,87
6699,Bob Miller,Civil,25,68,78,90
6700,Grace Garcia,Computer Science,19,87,63,81
6701,Eva Brown,Data Science,20,51,82,86
6702,Ivan Johnson,Computer Science,23,60,77,78
6703,Steve Williams,Mechanical,24,61,77,66
6704,Laura Johnson,Civil,23,69,85,70
6705,Oscar Johnson,Mechanical,25,84,99,90
6706,Nina Taylor,Mechanical,18,79,91,100
6707,Tina Anderson,Electronics,18,90,92,60
6708,Michael Williams,Data Science,20,51,94,53
6709,Quentin Garcia,Computer Science,25,63,67,77
6710,Alice Williams,Information Technology,25,74,62,53
6711,Steve Miller,Computer Science,20,71,62,74
6712,Helen Martinez,Information Technology,22,78,93,84
6713,Grace Johnson,Data Science,22,76,97,60
6714,Quentin Smith,Computer Science,18,83,67,70
6715,Frank Anderson,Data Science,22,52,79,58
6716,Ivan Davis,Civil,19,86,91,82
6717,Oscar Williams,Information Technology,22,85,75,55
6718,Eva Johnson,Electronics,18,53,83,69
6719,Nina Garcia,Computer Science,19,85,73,74
6720,Rachel Martinez,Data Science,24,72,66,70
6721,Steve Garcia,Mechanical,19,66,82,65
6722,Ivan Smith,Electronics,23,67,64,94
6723,Alice Smith,Mechanical,21,51,71,98
6724,Frank Garcia,Computer Science,24,75,72,58
6725,Steve Miller,Civil,18,52,95,89
6726,Oscar Smith,Civil,19,58,74,89
6727,Frank Davis,Computer Science,23,88,72,78
6728,Frank Garcia,Electronics,24,58,60,59
6729,Julia Johnson,Data Science,25,93,63,75
6730,Alice Brown,Information Technology,25,68,69,72
6731,Quentin Brown,Computer Science,25,93,96,70
6732,Steve Davis,Data Science,25,83,64,100
6733,Michael Davis,Information Technology,19,55,89,66
6734,Grace Brown,Mechanical,23,68,87,81
6735,Laura Anderson,Civil,18,60,67,97
6736,Julia Martinez,Civil,21,96,68,74
6737,Alice Taylor,Mechanical,23,85,68,77
6738,Helen Smith,Data Science,25,63,97,96
6739,Michael Miller,Information Technology,20,62,92,73
6740,Michael Davis,Civil,20,60,100,80
6741,Alice Johnson,Mechanical,25,67,67,89
6742,Rachel Miller,Computer Science,18,62,94,88
6743,David Davis,Information Technology,24,77,76,76
6744,Laura Anderson,Electronics,20,88,95,90
6745,Bob Johnson,Data Science,24,51,84,92
6746,Quentin Davis,Computer Science,24,76,89,56
6747,Helen Johnson,Data Science,21,73,88,51
6748,Grace Miller,Mechanical,22,74,100,97
6749,Julia Anderson,Data Science,25,68,88,61
6750,Nina Taylor,Mechanical,24,75,60,92
6751,Michael Davis,Computer Science,21,75,67,57
6752,Paula Smith,Mechanical,24,54,72,50
6753,Grace Garcia,Data Science,20,84,90,68
6754,Quentin Martinez,Civil,22,64,100,69
6755,Julia Garcia,Mechanical,25,98,100,50
6756,Quentin Garcia,Data Science,19,79,73,62
6757,Charlie Garcia,Data Science,21,74,67,67
6758,Grace Taylor,Data Science,21,91,61,98
6759,Quentin Taylor,Electronics,19,68,73,76
6760,Laura Taylor,Electronics,18,77,93,86
6761,David Martinez,Electronics,22,86,82,66
6762,Julia Smith,Data Science,25,99,73,97
6763,Charlie Garcia,Data Science,23,96,63,63
6764,Julia Garcia,Civil,21,52,83,58
6765,Kevin Anderson,Computer Science,23,79,83,56
6766,Julia Davis,Electronics,22,56,70,58
6767,Michael Williams,Information Technology,19,72,75,79
6768,Frank Johnson,Electronics,21,94,83,61
6769,Quentin Martinez,Mechanical,21,60,75,94
6770,Paula Davis,Civil,23,50,95,75
6771,Laura Martinez,Mechanical,22,81,91,97
6772,Tina Johnson,Information Technology,20,71,72,84
6773,Frank Miller,Information Technology,23,86,63,60
6774,Kevin Smith,Electronics,24,89,96,86
6775,Tina Smith,Civil,20,89,95,58
6776,Michael Miller,Civil,24,74,92,85
6777,Frank Garcia,Mechanical,23,70,81,82
6778,Ivan Brown,Electronics,25,97,61,54
6779,Eva Smith,Data Science,22,54,93,79
6780,Kevin Taylor,Data Science,18,82,99,71
6781,Nina Martinez,Civil,18,82,71,71
6782,Grace Johnson,Information Technology,21,85,89,84
6783,Steve Martinez,Data Science,24,73,68,83
6784,Charlie Johnson,Information Technology,21,99,79,62
6785,Julia Johnson,Data Science,25,51,87,61
6786,Kevin Brown,Computer Science,19,96,68,88
6787,Rachel Brown,Civil,19,62,65,100
6788,Kevin Brown,Data Science,21,93,76,80
6789,Tina Davis,Electronics,23,60,72,87
6790,David Smith,Information Technology,23,85,80,86
6791,Nina Martinez,Computer Science,22,99,78,100
6792,Helen Davis,Electronics,21,55,90,63
6793,Rachel Johnson,Civil,19,80,88,61
6794,Laura Garcia,Data Science,18,73,60,54
6795,Julia Williams,Information Technology,23,87,62,63
6796,David Anderson,Computer Science,19,85,90,67
6797,Charlie Smith,Mechanical,24,99,94,67
6798,Nina Smith,Data Science,24,55,92,93
6799,David Brown,Information Technology,18,96,73,76
6800,Paula Anderson,Mechanical,19,86,88,84
6801,Paula Davis,Electronics,20,56,79,99
6802,Quentin Martinez,Electronics,19,86,66,73
6803,Nina Miller,Computer Science,24,91,66,72
6804,Julia Anderson,Computer Science,24,87,94,77
6805,Oscar Anderson,Electronics,25,53,78,54
6806,Bob Smith,Civil,21,50,74,81
6807,Quentin Taylor,Civil,23,84,68,78
6808,Paula Smith,Information Technology,22,55,90,77
6809,Quentin Williams,Computer Science,22,95,76,76
6810,Kevin Davis,Data Science,22,64,77,50
6811,Alice Smith,Electronics,18,72,70,53
6812,Alice Martinez,Mechanical,24,69,74,82
6813,Steve Smith,Computer Science,25,89,100,97
6814,Ivan Martinez,Data Science,18,81,68,86
6815,Rachel Miller,Information Technology,25,73,60,97
6816,Paula Anderson,Electronics,18,61,86,53
6817,Charlie Williams,Information Technology,23,98,93,83
6818,Bob Anderson,Computer Science,23,57,80,95
6819,Ivan Davis,Data Science,25,54,97,61
6820,Frank Davis,Electronics,23,99,65,94
6821,Eva Williams,Civil,21,91,70,88
6822,Nina Brown,Electronics,23,100,92,94
6823,Oscar Miller,Electronics,18,78,77,71
6824,Frank Anderson,Information Technology,24,78,66,82
6825,David Garcia,Civil,24,69,95,53
6826,Oscar Johnson,Civil,21,71,80,74
6827,David Miller,Data Science,20,90,79,87
6828,Michael Williams,Mechanical,20,80,95,71
6829,Julia Martinez,Civil,18,64,70,91
6830,Julia Williams,Computer Science,19,92,98,82
6831,Rachel Davis,Computer Science,21,51,67,54
6832,Tina Miller,Mechanical,18,91,78,59
6833,Eva Davis,Computer Science,20,90,68,96
6834,Quentin Miller,Civil,22,58,61,97
6835,Eva Garcia,Computer Science,22,64,73,55
6836,Paula Miller,Computer Science,22,82,60,75
6837,Quentin Brown,Information Technology,23,93,82,72
6838,Kevin Taylor,Information Technology,20,59,80,83
6839,Helen Martinez,Civil,23,90,89,76
6840,Ivan Davis,Information Technology,21,100,82,55
6841,Frank Davis,Mechanical,18,75,86,94
6842,Eva Martinez,Mechanical,21,75,84,72
6843,Kevin Smith,Mechanical,25,71,77,75
6844,Frank Davis,Data Science,24,76,97,66
6845,Quentin Miller,Mechanical,18,82,83,51
6846,Quentin Smith,Computer Science,20,50,65,50
6847,Ivan Davis,Data Science,20,87,75,89
6848,Tina Martinez,Data Science,19,63,63,59
6849,Paula Martinez,Data Science,18,59,85,57
6850,Nina Anderson,Data Science,24,99,66,74
6851,Eva Garcia,Civil,21,55,72,60
6852,Steve Anderson,Computer Science,23,74,95,64
6853,Ivan Taylor,Data Science,23,59,62,99
6854,David Anderson,Computer Science,18,98,81,85
6855,Julia Williams,Electronics,19,54,98,56
6856,Quentin Johnson,Electronics,23,61,72,58
6857,Kevin Taylor,Civil,23,57,71,60
6858,Laura Miller,Electronics,20,58,84,96
6859,Helen Garcia,Civil,25,51,64,56
6860,Kevin Garcia,Data Science,19,77,87,69
6861,Helen Martinez,Mechanical,24,80,63,61
6862,Helen Taylor,Data Science,19,81,85,67
6863,Paula Williams,Information Technology,22,87,71,98
6864,Quentin Martinez,Information Technology,23,100,94,92
6865,Laura Garcia,Computer Science,20,84,70,90
6866,Alice Garcia,Data Science,25,84,94,85
6867,Charlie Garcia,Data Science,23,97,94,83
6868,Frank Williams,Mechanical,18,65,71,55
6869,Grace Martinez,Data Science,22,51,68,85
6870,Rachel Miller,Computer Science,24,60,98,77
6871,Michael Garcia,Civil,23,53,78,59
6872,Tina Garcia,Civil,18,92,82,85
6873,Ivan Taylor,Information Technology,22,53,67,71
6874,David Davis,Computer Science,21,59,71,63
6875,Charlie Anderson,Data Science,19,84,100,92
6876,Laura Johnson,Mechanical,18,96,81,53
6877,Steve Johnson,Civil,25,74,81,96
6878,Alice Smith,Data Science,18,99,83,61
6879,Frank Williams,Electronics,24,80,84,96
6880,Grace Taylor,Mechanical,25,95,74,65
6881,Steve Williams,Civil,20,55,94,88
6882,Frank Anderson,Electronics,21,73,64,82
6883,Julia Taylor,Data Science,25,72,79,57
6884,Julia Johnson,Data Science,25,84,63,96
6885,Julia Martinez,Information Technology,21,88,96,63
6886,Kevin Johnson,Electronics,23,80,85,68
6887,Helen Smith,Electronics,23,68,87,98
6888,Eva Smith,Data Science,21,76,88,80
6889,Rachel Smith,Mechanical,18,64,91,69
6890,Helen Brown,Civil,22,85,80,65
6891,Tina Garcia,Computer Science,21,52,65,62
6892,Frank Williams,Data Science,20,92,84,76
6893,Tina Williams,Mechanical,23,54,85,55
6894,Grace Williams,Data Science,24,88,88,91
6895,Alice Martinez,Computer Science,19,60,69,90
6896,Quentin Brown,Information Technology,24,98,75,95
6897,Julia Martinez,Data Science,19,56,82,62
6898,Nina Brown,Electronics,21,74,88,83
6899,Alice Brown,Civil,23,71,100,83
6900,Eva Williams,Computer Science,22,92,68,79
6901,Julia Williams,Computer Science,25,60,71,78
6902,Kevin Smith,Electronics,18,50,89,60
6903,Steve Miller,Civil,23,71,69,88
6904,Oscar Williams,Information Technology,21,80,94,65
6905,Rachel Johnson,Mechanical,25,57,94,64
6906,Paula Davis,Civil,18,59,88,89
6907,Eva Davis,Computer Science,20,76,68,55
6908,Eva Taylor,Mechanical,25,92,86,62
6909,Oscar Martinez,Information Technology,22,52,82,73
6910,Tina Williams,Civil,24,97,68,98
6911,Oscar Smith,Computer Science,21,70,88,92
6912,Bob Smith,Data Science,18,62,82,93
6913,Paula Williams,Civil,22,70,82,55
6914,Tina Taylor,Computer Science,20,58,72,74
6915,Paula Garcia,Mechanical,22,50,65,100
6916,Ivan Anderson,Computer Science,24,83,67,66
6917,Kevin Taylor,Electronics,18,56,65,70
6918,Steve Smith,Computer Science,24,54,72,57
6919,Frank Martinez,Civil,24,86,79,93
6920,Tina Garcia,Mechanical,18,70,95,57
6921,Kevin Taylor,Mechanical,24,73,90,54
6922,David Garcia,Mechanical,22,71,83,91
6923,Oscar Miller,Data Science,18,91,100,73
6924,Julia Brown,Data Science,25,52,85,53
6925,Steve Anderson,Civil,23,53,76,52
6926,Charlie Martinez,Civil,19,65,69,80
6927,Nina Taylor,Data Science,24,55,85,68
6928,Bob Miller,Civil,20,86,80,78
6929,Alice Williams,Information Technology,21,65,62,75
6930,Tina Miller,Data Science,22,62,64,76
6931,Grace Davis,Mechanical,23,85,96,77
6932,Tina Anderson,Information Technology,25,97,77,74
6933,Frank Garcia,Mechanical,23,95,81,99
6934,Steve Brown,Mechanical,18,76,100,70
6935,Quentin Brown,Computer Science,18,72,66,58
6936,Ivan Taylor,Computer Science,23,70,98,85
6937,Frank Anderson,Mechanical,22,80,90,83
6938,Helen Davis,Data Science,20,77,62,92
6939,Tina Martinez,Electronics,20,58,82,75
6940,Nina Garcia,Data Science,19,66,74,51
6941,David Martinez,Information Technology,21,57,88,73
6942,Grace Miller,Computer Science,24,73,75,78
6943,Charlie Taylor,Civil,20,67,60,74
6944,Ivan Smith,Data Science,25,58,100,84
6945,Quentin Brown,Information Technology,22,58,80,83
6946,Bob Smith,Civil,20,71,94,54
6947,Helen Johnson,Data Science,18,59,69,93
6948,Tina Brown,Information Technology,22,78,83,52
6949,Rachel Johnson,Civil,24,52,75,76
6950,Alice Taylor,Electronics,19,56,77,67
6951,Helen Smith,Mechanical,22,51,60,73
6952,Grace Williams,Data Science,23,98,63,74
6953,Paula Anderson,Computer Science,24,55,88,100
6954,Eva Williams,Data Science,22,71,62,53
6955,Michael Martinez,Information Technology,20,56,96,83
6956,Helen Smith,Information Technology,25,78,96,53
6957,Julia Davis,Information Technology,18,67,95,54
6958,David Williams,Information Technology,24,55,93,98
6959,Julia Johnson,Information Technology,23,52,92,73
6960,Kevin Smith,Mechanical,25,88,69,93
6961,Rachel Williams,Computer Science,23,60,74,72
6962,Rachel Anderson,Data Science,21,94,78,98
6963,Kevin Taylor,Computer Science,21,92,68,51
6964,Helen Taylor,Civil,20,88,63,57
6965,Helen Anderson,Electronics,20,75,95,80
6966,Frank Taylor,Electronics,18,94,74,100
6967,Laura Martinez,Electronics,22,85,98,68
6968,Ivan Brown,Electronics,25,81,93,60
6969,Helen Miller,Data Science,24,55,70,50
6970,Steve Williams,Mechanical,25,74,93,73
6971,Nina Martinez,Data Science,23,60,60,72
6972,Grace Williams,Mechanical,20,84,95,50
6973,Julia Davis,Information Technology,22,65,93,52
6974,Rachel Garcia,Electronics,23,85,65,100
6975,Tina Williams,Civil,18,73,88,54
6976,Eva Williams,Electronics,18,70,75,60
6977,Ivan Williams,Data Science,23,84,91,67
6978,Quentin Taylor,Data Science,18,70,78,61
6979,Oscar Williams,Computer Science,24,59,98,69
6980,Grace Johnson,Mechanical,18,79,78,76
6981,Paula Taylor,Data Science,22,51,86,53
6982,Charlie Williams,Electronics,18,90,76,62
6983,Nina Taylor,Data Science,20,88,89,59
6984,Frank Taylor,Electronics,24,52,73,59
6985,Laura Miller,Data Science,24,52,79,57
6986,Quentin Martinez,Information Technology,24,52,93,84
6987,Oscar Martinez,Electronics,20,69,95,70
6988,Steve Martinez,Computer Science,20,53,66,70
6989,Paula Smith,Civil,22,94,68,57
6990,Charlie Davis,Information Technology,21,83,93,57
6991,Helen Smith,Electronics,24,69,64,84
6992,Frank Taylor,Mechanical,22,65,99,71
6993,Helen Miller,Computer Science,18,83,93,100
6994,Oscar Davis,Mechanical,25,86,86,50
6995,Paula Williams,Mechanical,19,96,65,60
6996,Quentin Brown,Computer Science,23,68,99,98
6997,Tina Brown,Civil,21,80,73,77
6998,Quentin Davis,Electronics,21,70,96,99
6999,David Smith,Information Technology,21,89,68,96
7000,Julia Miller,Mechanical,25,60,85,55
7001,Tina Brown,Computer Science,24,61,92,66
7002,Charlie Anderson,Mechanical,24,82,98,89
7003,Oscar Anderson,Civil,20,98,83,82
7004,David Smith,Computer Science,23,90,72,74
7005,Tina Smith,Electronics,18,100,69,52
7006,Eva Williams,Mechanical,22,92,78,74
7007,Laura Martinez,Civil,20,75,96,83
7008,Helen Williams,Information Technology,20,64,65,55
7009,Tina Anderson,Computer Science,24,61,77,68
7010,David Taylor,Information Technology,18,68,71,84
7011,Julia Smith,Data Science,23,55,90,58
7012,Alice Smith,Information Technology,19,65,88,61
7013,Michael Martinez,Information Technology,22,73,64,63
7014,Grace Davis,Information Technology,22,72,94,70
7015,Charlie Davis,Electronics,19,83,89,73
7016,Rachel Williams,Civil,18,62,63,100
7017,Tina Garcia,Information Technology,20,72,100,67
7018,Ivan Anderson,Civil,22,65,83,83
7019,Helen Brown,Electronics,19,64,63,51
7020,Tina Davis,Mechanical,21,91,83,62
7021,Tina Johnson,Data Science,23,59,92,65
7022,David Miller,Electronics,22,54,76,74
7023,Alice Smith,Civil,22,88,85,82
7024,Ivan Anderson,Mechanical,24,72,81,57
7025,Grace Taylor,Computer Science,18,59,63,90
7026,Oscar Williams,Electronics,25,79,70,77
7027,Bob Smith,Computer Science,24,82,80,75
7028,Laura Brown,Mechanical,21,100,62,76
7029,Quentin Davis,Data Science,23,53,89,65
7030,Nina Taylor,Computer Science,23,52,79,85
7031,Bob Miller,Information Technology,24,69,65,96
7032,Oscar Williams,Civil,21,96,75,91
7033,Bob Anderson,Civil,25,65,63,52
7034,Paula Anderson,Data Science,19,76,73,52
7035,Julia Davis,Information Technology,22,80,91,84
7036,Frank Miller,Mechanical,24,60,97,70
7037,Alice Davis,Information Technology,24,60,94,50
7038,Ivan Williams,Computer Science,21,89,80,99
7039,Charlie Davis,Computer Science,24,53,85,55
7040,Rachel Brown,Computer Science,25,88,69,63
7041,Nina Garcia,Mechanical,24,76,68,66
7042,Ivan Johnson,Electronics,24,88,96,82
7043,Tina Martinez,Electronics,23,53,84,96
7044,Rachel Johnson,Mechanical,22,60,61,74
7045,Tina Johnson,Civil,24,55,67,90
7046,Helen Brown,Civil,19,99,86,93
7047,Oscar Smith,Electronics,19,61,97,66
7048,Charlie Williams,Civil,21,78,80,93
7049,Michael Johnson,Computer Science,18,61,66,76
7050,Helen Anderson,Civil,22,96,73,54
7051,Tina Garcia,Mechanical,23,98,71,58
7052,Quentin Taylor,Mechanical,23,74,64,73
7053,Eva Anderson,Computer Science,18,63,96,72
7054,Rachel Miller,Information Technology,19,72,80,74
7055,Bob Brown,Mechanical,21,71,76,60
7056,Bob Davis,Data Science,19,72,71,87
7057,David Smith,Electronics,20,79,100,66
7058,Julia Brown,Computer Science,24,65,64,82
7059,Eva Anderson,Data Science,25,96,66,73
7060,Nina Taylor,Computer Science,25,52,85,91
7061,Eva Johnson,Data Science,24,69,88,84
7062,Kevin Williams,Mechanical,22,94,89,77
7063,Tina Williams,Mechanical,23,86,97,88
7064,Tina Smith,Data Science,20,96,95,75
7065,Oscar Williams,Mechanical,25,79,91,85
7066,Ivan Smith,Data Science,22,78,68,55
7067,Steve Johnson,Mechanical,22,83,70,66
7068,Quentin Johnson,Mechanical,18,62,69,100
7069,Charlie Anderson,Data Science,25,86,74,55
7070,Tina Williams,Civil,20,85,79,90
7071,Paula Davis,Data Science,19,84,67,64
7072,Grace Martinez,Data Science,22,87,96,88
7073,Paula Taylor,Data Science,21,55,74,94
7074,Laura Davis,Computer Science,24,82,66,63
7075,Charlie Anderson,Computer Science,25,100,88,67
7076,Nina Garcia,Civil,19,88,79,91
7077,Alice Garcia,Computer Science,23,85,94,62
7078,Charlie Martinez,Data Science,22,85,76,95
7079,Helen Martinez,Information Technology,18,63,73,61
7080,Michael Garcia,Information Technology,19,71,63,72
7081,Kevin Miller,Electronics,19,89,87,64
7082,Quentin Anderson,Electronics,23,86,71,71
7083,David Taylor,Data Science,25,94,96,95
7084,Laura Brown,Mechanical,23,75,78,69
7085,Laura Williams,Mechanical,22,92,86,72
7086,Nina Johnson,Information Technology,18,94,70,94
7087,Ivan Johnson,Civil,23,85,77,71
7088,David Brown,Electronics,25,91,98,91
7089,Paula Brown,Information Technology,20,65,63,59
7090,Helen Miller,Electronics,22,84,87,53
7091,Charlie Martinez,Information Technology,18,75,82,66
7092,Frank Brown,Mechanical,19,85,61,71
7093,Nina Anderson,Information Technology,20,66,62,81
7094,Helen Anderson,Computer Science,19,99,79,70
7095,Frank Garcia,Information Technology,18,76,79,79
7096,Alice Garcia,Mechanical,18,61,92,100
7097,Rachel Brown,Electronics,25,80,78,64
7098,Charlie Williams,Electronics,23,55,94,75
7099,Helen Brown,Mechanical,18,97,70,70
7100,Grace Johnson,Computer Science,19,95,69,59
7101,Eva Miller,Data Science,25,97,84,80
7102,Charlie Martinez,Civil,25,70,85,83
7103,Oscar Johnson,Data Science,24,73,72,54
7104,Quentin Smith,Computer Science,18,63,93,89
7105,Alice Martinez,Information Technology,18,94,84,65
7106,Charlie Anderson,Electronics,24,65,91,66
7107,Alice Taylor,Computer Science,19,51,69,96
7108,Michael Davis,Mechanical,24,98,60,81
7109,Paula Johnson,Information Technology,22,78,85,69
7110,Oscar Davis,Mechanical,21,62,85,72
7111,Nina Brown,Mechanical,20,56,79,82
7112,Tina Smith,Data Science,23,87,99,89
7113,Eva Anderson,Mechanical,20,95,75,93
7114,Quentin Anderson,Mechanical,22,68,63,74
7115,Oscar Taylor,Data Science,21,84,72,61
7116,David Johnson,Civil,23,94,93,85
7117,David Johnson,Information Technology,24,93,70,58
7118,Laura Miller,Computer Science,21,91,95,98
7119,Charlie Williams,Computer Science,20,95,79,57
7120,Julia Johnson,Mechanical,20,85,67,84
7121,Tina Davis,Mechanical,19,76,74,52
7122,Michael Williams,Civil,21,76,73,72
7123,Alice Taylor,Mechanical,22,59,88,63
7124,Helen Davis,Mechanical,20,70,94,52
7125,Paula Davis,Electronics,22,52,75,59
7126,Frank Miller,Computer Science,23,98,86,78
7127,Tina Anderson,Computer Science,20,87,76,82
7128,Frank Anderson,Mechanical,19,65,63,64
7129,Paula Miller,Mechanical,18,87,68,59
7130,Laura Johnson,Civil,25,86,80,82
7131,Bob Taylor,Civil,24,66,98,65
7132,Frank Brown,Civil,25,93,75,83
7133,Frank Davis,Computer Science,24,69,92,99
7134,Paula Johnson,Data Science,22,89,87,95
7135,Frank Taylor,Mechanical,23,51,87,97
7136,Helen Miller,Civil,25,53,86,93
7137,Charlie Anderson,Information Technology,23,59,92,51
7138,Eva Garcia,Civil,22,80,94,52
7139,Oscar Brown,Information Technology,19,53,73,59
7140,Kevin Miller,Civil,20,92,63,73
7141,Charlie Miller,Information Technology,21,88,75,66
7142,Kevin Smith,Mechanical,21,63,71,66
7143,Oscar Garcia,Information Technology,25,81,66,50
7144,Eva Taylor,Computer Science,20,59,72,67
7145,Tina Martinez,Civil,25,72,89,95
7146,Paula Davis,Information Technology,18,86,63,82
7147,Kevin Miller,Mechanical,25,70,98,66
7148,Ivan Miller,Civil,18,66,87,61
7149,Frank Martinez,Computer Science,22,59,100,90
7150,Rachel Brown,Information Technology,21,77,67,53
7151,David Williams,Electronics,23,77,61,70
7152,David Davis,Data Science,24,62,86,75
7153,Charlie Smith,Electronics,18,64,75,53
7154,Tina Smith,Civil,24,71,77,83
7155,Julia Brown,Mechanical,25,51,88,83
7156,Bob Garcia,Data Science,21,64,64,82
7157,Charlie Garcia,Data Science,20,93,89,66
7158,Eva Smith,Mechanical,19,66,82,79
7159,Grace Davis,Computer Science,18,52,98,80
7160,Helen Brown,Information Technology,19,50,90,83
7161,Steve Smith,Computer Science,24,74,84,53
7162,Kevin Johnson,Data Science,25,71,68,52
7163,Paula Brown,Electronics,20,80,85,58
7164,Quentin Johnson,Electronics,18,78,64,71
7165,Frank Martinez,Electronics,22,59,67,93
7166,Charlie Brown,Computer Science,22,92,99,54
7167,Tina Brown,Mechanical,21,72,89,66
7168,Paula Miller,Information Technology,23,85,86,68
7169,Steve Miller,Civil,21,81,99,51
7170,David Brown,Civil,24,57,91,75
7171,Kevin Taylor,Data Science,20,59,75,92
7172,Grace Martinez,Electronics,21,68,69,51
7173,Paula Johnson,Data Science,24,51,94,96
7174,Michael Taylor,Mechanical,24,63,69,87
7175,Michael Taylor,Information Technology,20,100,96,96
7176,David Williams,Civil,22,52,76,78
7177,Laura Martinez,Information Technology,25,52,80,88
7178,Michael Garcia,Mechanical,24,55,77,70
7179,Paula Brown,Data Science,20,63,83,96
7180,Kevin Johnson,Computer Science,19,80,82,78
7181,Charlie Davis,Mechanical,25,91,91,72
7182,Quentin Smith,Data Science,24,76,85,91
7183,David Davis,Computer Science,20,50,78,85
7184,Ivan Miller,Civil,21,93,90,74
7185,Kevin Garcia,Data Science,23,73,88,51
7186,Helen Miller,Electronics,25,57,80,65
7187,Frank Garcia,Civil,20,86,87,77
7188,Steve Anderson,Information Technology,22,56,89,76
7189,Kevin Miller,Data Science,19,92,98,96
7190,Michael Garcia,Data Science,18,56,77,56
7191,Oscar Anderson,Data Science,18,62,87,89
7192,Michael Brown,Civil,19,86,93,100
7193,Alice Garcia,Mechanical,23,87,94,51
7194,Laura Williams,Data Science,21,50,64,73
7195,Bob Smith,Data Science,21,83,72,89
7196,Frank Taylor,Mechanical,20,83,90,51
7197,Helen Johnson,Electronics,20,84,65,63
7198,Laura Miller,Information Technology,20,99,77,94
7199,Laura Davis,Mechanical,20,60,98,80
7200,Laura Taylor,Computer Science,18,87,74,62
7201,Michael Johnson,Information Technology,22,50,63,82
7202,Quentin Davis,Computer Science,25,67,89,88
7203,Oscar Smith,Information Technology,18,88,85,62
7204,Oscar Davis,Civil,20,62,89,95
7205,Michael Williams,Civil,23,74,63,92
7206,Eva Taylor,Mechanical,22,99,79,99
7207,Alice Brown,Electronics,18,68,69,91
7208,Laura Miller,Mechanical,23,94,91,88
7209,Nina Johnson,Electronics,19,90,96,53
7210,Nina Martinez,Data Science,18,71,99,81
7211,Grace Brown,Information Technology,20,77,63,54
7212,Michael Brown,Civil,24,94,91,96
7213,Julia Anderson,Computer Science,24,75,91,92
7214,Julia Martinez,Computer Science,24,57,69,56
7215,Julia Taylor,Civil,18,81,92,80
7216,David Garcia,Data Science,23,96,76,72
7217,Tina Taylor,Civil,24,99,79,91
7218,Helen Williams,Mechanical,20,78,86,97
7219,Michael Taylor,Electronics,25,81,63,79
7220,Kevin Garcia,Civil,21,94,71,75
7221,Oscar Martinez,Mechanical,22,70,87,71
7222,Helen Taylor,Data Science,22,78,75,50
7223,Rachel Williams,Civil,20,77,79,73
7224,Paula Anderson,Civil,20,73,83,67
7225,Charlie Brown,Civil,22,55,86,97
7226,Frank Martinez,Computer Science,23,58,65,79
7227,Nina Miller,Mechanical,21,98,89,59
7228,Steve Davis,Data Science,24,97,64,95
7229,Tina Brown,Electronics,21,98,61,51
7230,Ivan Garcia,Civil,21,97,61,91
7231,Helen Brown,Computer Science,23,54,82,82
7232,David Taylor,Electronics,25,72,90,89
7233,Steve Taylor,Civil,24,95,82,74
7234,David Brown,Computer Science,19,89,97,89
7235,Eva Davis,Information Technology,21,61,67,83
7236,Eva Johnson,Electronics,23,64,78,94
7237,Alice Williams,Information Technology,22,57,76,90
7238,Michael Davis,Information Technology,24,55,60,58
7239,Eva Taylor,Information Technology,23,62,78,96
7240,Alice Anderson,Civil,19,67,97,75
7241,Julia Garcia,Information Technology,19,62,73,75
7242,Tina Smith,Electronics,21,54,62,59
7243,Frank Garcia,Civil,18,89,83,74
7244,Nina Smith,Data Science,18,90,64,72
7245,Nina Davis,Data Science,22,60,94,81
7246,Charlie Miller,Civil,22,62,88,96
7247,David Davis,Data Science,24,82,74,88
7248,Ivan Brown,Computer Science,18,68,68,92
7249,Eva Brown,Civil,25,88,74,69
7250,Paula Smith,Information Technology,22,99,64,99
7251,Frank Brown,Electronics,25,50,98,95
7252,Oscar Anderson,Information Technology,23,53,73,88
7253,Helen Anderson,Information Technology,19,66,73,55
7254,Eva Martinez,Information Technology,23,82,91,99
7255,Julia Miller,Mechanical,19,68,79,61
7256,Bob Davis,Data Science,19,64,82,100
7257,Bob Brown,Electronics,22,93,76,69
7258,Ivan Miller,Data Science,23,66,68,77
7259,Grace Taylor,Civil,22,77,94,98
7260,Ivan Davis,Computer Science,23,60,61,90
7261,Grace Brown,Information Technology,20,96,75,57
7262,Grace Garcia,Civil,19,71,74,74
7263,Steve Anderson,Mechanical,22,82,86,62
7264,Helen Williams,Data Science,23,62,84,97
7265,Julia Williams,Civil,23,91,64,94
7266,Steve Johnson,Data Science,20,96,99,53
7267,David Williams,Data Science,24,55,64,85
7268,Helen Anderson,Mechanical,24,97,77,74
7269,Kevin Johnson,Information Technology,24,91,60,53
7270,Ivan Williams,Mechanical,23,84,63,64
7271,Ivan Smith,Civil,24,60,81,85
7272,Helen Williams,Civil,24,76,79,57
7273,Grace Taylor,Data Science,19,89,72,58
7274,Grace Brown,Electronics,22,79,72,85
7275,Charlie Johnson,Electronics,18,89,99,50
7276,Steve Miller,Data Science,25,73,70,93
7277,Alice Davis,Mechanical,25,53,71,79
7278,Oscar Garcia,Mechanical,20,92,62,59
7279,Julia Williams,Data Science,18,59,94,87
7280,David Davis,Civil,18,51,86,60
7281,Nina Williams,Computer Science,18,55,93,83
7282,Charlie Davis,Information Technology,22,96,81,63
7283,Frank Davis,Computer Science,20,87,60,96
7284,Rachel Taylor,Civil,19,53,98,59
7285,David Smith,Electronics,22,67,65,80
7286,Alice Smith,Computer Science,24,82,69,84
7287,Ivan Taylor,Computer Science,19,95,96,92
7288,Frank Taylor,Civil,20,98,84,56
7289,Oscar Williams,Information Technology,24,51,84,96
7290,Nina Brown,Computer Science,20,98,89,99
7291,Julia Garcia,Mechanical,25,67,63,81
7292,Julia Miller,Data Science,20,81,71,56
7293,Grace Williams,Mechanical,23,82,80,100
7294,Bob Johnson,Electronics,18,93,98,86
7295,Grace Anderson,Computer Science,18,63,96,84
7296,Paula Miller,Electronics,25,76,62,75
7297,Ivan Johnson,Data Science,25,56,90,90
7298,Charlie Miller,Computer Science,25,92,65,100
7299,Charlie Miller,Mechanical,25,91,100,88
7300,Frank Garcia,Information Technology,22,98,95,96
7301,Nina Martinez,Electronics,25,61,87,50
7302,Ivan Taylor,Civil,21,56,85,68
7303,Laura Brown,Electronics,18,55,74,56
7304,Michael Williams,Computer Science,25,79,63,69
7305,Charlie Taylor,Civil,20,50,88,56
7306,Laura Davis,Computer Science,24,65,78,75
7307,Alice Taylor,Civil,25,67,86,87
7308,Kevin Miller,Electronics,24,54,77,70
7309,Quentin Anderson,Computer Science,22,51,87,83
7310,Ivan Anderson,Electronics,18,78,94,85
7311,Julia Williams,Electronics,21,72,97,80
7312,Frank Smith,Electronics,19,64,63,78
7313,Charlie Taylor,Information Technology,20,70,66,55
7314,Paula Garcia,Civil,24,74,90,60
7315,Frank Smith,Information Technology,23,79,65,99
7316,Alice Martinez,Information Technology,19,76,77,59
7317,Ivan Anderson,Computer Science,22,99,72,81
7318,Frank Brown,Information Technology,24,87,91,71
7319,Helen Smith,Electronics,23,91,85,90
7320,David Garcia,Information Technology,23,86,60,96
7321,Rachel Miller,Civil,20,67,82,67
7322,Paula Williams,Computer Science,23,65,85,82
7323,Julia Miller,Electronics,22,84,78,100
7324,Bob Johnson,Civil,24,90,91,67
7325,Julia Davis,Electronics,20,69,65,66
7326,Grace Garcia,Mechanical,24,88,81,96
7327,Frank Garcia,Computer Science,21,54,62,93
7328,Frank Garcia,Computer Science,21,71,74,91
7329,David Anderson,Computer Science,20,94,88,79
7330,Tina Brown,Electronics,19,74,95,77
7331,Quentin Anderson,Mechanical,21,95,91,93
7332,Rachel Smith,Data Science,23,100,78,61
7333,David Anderson,Mechanical,21,82,71,70
7334,Steve Brown,Civil,23,65,73,55
7335,Oscar Johnson,Electronics,22,79,85,69
7336,Julia Williams,Data Science,18,60,99,95
7337,Oscar Miller,Civil,24,99,64,60
7338,Quentin Martinez,Mechanical,23,85,89,56
7339,Alice Davis,Mechanical,21,80,66,50
7340,Paula Anderson,Computer Science,21,97,77,87
7341,Eva Johnson,Electronics,21,99,84,61
7342,Tina Taylor,Electronics,23,93,73,51
7343,Rachel Martinez,Electronics,24,50,80,84
7344,Helen Miller,Data Science,20,92,80,51
7345,Alice Brown,Electronics,23,67,68,93
7346,Tina Davis,Computer Science,20,51,60,97
7347,Paula Williams,Civil,18,94,63,96
7348,Michael Smith,Information Technology,21,85,71,98
7349,Alice Davis,Civil,18,79,76,98
7350,Tina Williams,Information Technology,21,82,64,55
7351,Oscar Martinez,Information Technology,21,86,61,52
7352,Laura Brown,Information Technology,22,64,100,71
7353,Laura Brown,Electronics,23,79,79,86
7354,Laura Martinez,Information Technology,21,77,93,74
7355,Tina Miller,Electronics,22,66,91,51
7356,Helen Miller,Computer Science,21,89,73,72
7357,Grace Williams,Mechanical,18,56,96,89
7358,Charlie Johnson,Computer Science,24,55,64,96
7359,Bob Davis,Mechanical,23,86,69,96
7360,Bob Taylor,Mechanical,20,82,73,85
7361,Eva Williams,Data Science,23,57,67,85
7362,Laura Anderson,Data Science,21,74,76,90
7363,Nina Taylor,Civil,21,62,89,65
7364,Grace Davis,Electronics,18,60,60,94
7365,David Miller,Civil,19,80,93,100
7366,Paula Williams,Information Technology,25,52,85,63
7367,Frank Miller,Data Science,25,83,100,68
7368,Nina Garcia,Electronics,19,91,85,91
7369,Quentin Garcia,Civil,25,59,72,65
7370,Michael Smith,Information Technology,23,81,66,61
7371,Tina Miller,Electronics,22,85,71,83
7372,Michael Brown,Electronics,25,95,87,97
7373,Rachel Anderson,Mechanical,23,84,75,88
7374,Laura Williams,Information Technology,22,55,78,72
7375,Julia Taylor,Mechanical,21,58,69,67
7376,David Garcia,Civil,25,54,86,68
7377,Frank Taylor,Civil,21,61,63,82
7378,Kevin Taylor,Information Technology,19,60,73,90
7379,Nina Taylor,Civil,20,77,65,78
7380,Laura Anderson,Computer Science,23,53,81,98
7381,Rachel Miller,Electronics,19,71,93,80
7382,Quentin Anderson,Civil,18,68,77,68
7383,Quentin Garcia,Data Science,19,84,88,99
7384,Nina Williams,Information Technology,23,79,74,52
7385,Quentin Williams,Computer Science,25,77,87,61
7386,David Martinez,Data Science,19,75,66,68
7387,Charlie Smith,Computer Science,21,99,93,78
7388,Grace Garcia,Electronics,23,56,61,52
7389,Quentin Smith,Computer Science,20,96,78,55
7390,Bob Garcia,Electronics,18,99,70,89
7391,Bob Martinez,Information Technology,20,74,67,74
7392,Laura Garcia,Mechanical,22,54,100,99
7393,Michael Miller,Mechanical,18,71,69,53
7394,Quentin Brown,Computer Science,22,69,70,100
7395,Charlie Anderson,Computer Science,24,95,81,69
7396,Grace Martinez,Information Technology,22,78,60,93
7397,Steve Martinez,Computer Science,23,63,77,71
7398,Quentin Brown,Data Science,20,61,96,62
7399,Ivan Williams,Computer Science,23,95,65,93
7400,Michael Miller,Data Science,18,59,71,99
7401,Helen Davis,Mechanical,23,89,69,52
7402,Grace Martinez,Electronics,24,57,69,85
7403,Bob Davis,Civil,25,83,75,60
7404,Helen Miller,Computer Science,22,88,81,70
7405,Bob Anderson,Computer Science,18,96,94,70
7406,Julia Garcia,Mechanical,21,90,63,91
7407,Rachel Taylor,Information Technology,21,79,92,71
7408,Tina Johnson,Information Technology,25,64,73,51
7409,Tina Brown,Electronics,23,91,95,56
7410,Oscar Martinez,Mechanical,21,57,91,70
7411,Laura Martinez,Data Science,20,82,81,84
7412,Charlie Martinez,Data Science,18,98,92,53
7413,Eva Martinez,Computer Science,20,82,71,86
7414,Helen Miller,Mechanical,22,73,66,93
7415,Charlie Martinez,Computer Science,19,54,74,69
7416,Laura Anderson,Information Technology,18,94,72,77
7417,Kevin Davis,Information Technology,24,73,90,73
7418,Frank Taylor,Civil,22,99,78,66
7419,Steve Johnson,Computer Science,23,64,71,83
7420,Kevin Brown,Civil,21,85,83,53
7421,Alice Williams,Information Technology,22,97,90,68
7422,Eva Johnson,Computer Science,22,92,87,82
7423,Quentin Smith,Electronics,24,57,63,94
7424,Bob Smith,Civil,20,89,66,51
7425,Ivan Johnson,Civil,22,60,99,58
7426,Helen Taylor,Civil,21,63,95,100
7427,David Brown,Civil,18,96,76,100
7428,Helen Martinez,Electronics,20,57,62,91
7429,Paula Williams,Information Technology,22,100,62,91
7430,Oscar Garcia,Information Technology,19,65,61,80
7431,Ivan Brown,Electronics,23,88,78,72
7432,Michael Johnson,Data Science,23,61,98,100
7433,Tina Davis,Computer Science,24,54,80,54
7434,Rachel Smith,Information Technology,22,58,72,50
7435,Quentin Smith,Civil,25,57,79,54
7436,Laura Williams,Computer Science,19,66,81,81
7437,Kevin Smith,Mechanical,22,82,89,87
7438,Kevin Miller,Electronics,24,96,91,80
7439,Michael Davis,Data Science,20,56,88,95
7440,Quentin Garcia,Mechanical,20,69,90,92
7441,Oscar Garcia,Computer Science,20,84,82,93
7442,Frank Anderson,Civil,24,63,88,72
7443,Ivan Taylor,Electronics,19,90,98,58
7444,Bob Miller,Information Technology,19,57,91,75
7445,Tina Garcia,Mechanical,23,94,67,59
7446,Frank Anderson,Civil,22,56,80,65
7447,Grace Davis,Civil,23,74,88,63
7448,Charlie Brown,Data Science,24,56,73,62
7449,Paula Garcia,Data Science,19,78,72,74
7450,Ivan Miller,Information Technology,19,85,97,57
7451,Rachel Miller,Civil,22,70,69,81
7452,David Anderson,Civil,24,93,69,70
7453,Bob Johnson,Mechanical,19,60,93,76
7454,Oscar Taylor,Computer Science,24,81,99,100
7455,Eva Anderson,Data Science,25,90,97,74
7456,Frank Davis,Information Technology,24,67,87,68
7457,Ivan Miller,Data Science,24,50,95,53
7458,Ivan Martinez,Information Technology,20,83,73,55
7459,Helen Johnson,Information Technology,25,76,71,63
7460,Julia Miller,Data Science,18,71,93,96
7461,Bob Martinez,Data Science,20,62,94,72
7462,Kevin Martinez,Civil,24,54,96,64
7463,Grace Martinez,Mechanical,18,76,83,69
7464,Rachel Miller,Data Science,19,77,94,95
7465,Alice Miller,Mechanical,21,72,89,69
7466,Ivan Johnson,Electronics,22,80,84,92
7467,Grace Anderson,Mechanical,19,89,65,77
7468,Laura Taylor,Civil,23,81,67,88
7469,Helen Williams,Information Technology,21,53,63,70
7470,Julia Miller,Computer Science,20,51,67,71
7471,Laura Garcia,Information Technology,20,51,66,61
7472,Quentin Brown,Information Technology,23,74,73,80
7473,Grace Williams,Mechanical,23,78,77,88
7474,Laura Johnson,Electronics,25,80,78,72
7475,Paula Martinez,Mechanical,18,99,65,51
7476,Nina Johnson,Computer Science,19,99,61,90
7477,Tina Taylor,Data Science,19,71,81,75
7478,Bob Johnson,Civil,19,58,69,84
7479,Eva Brown,Computer Science,22,83,74,55
7480,Charlie Garcia,Electronics,23,68,68,74
7481,Oscar Davis,Civil,19,85,94,51
7482,Charlie Smith,Data Science,20,82,71,74
7483,Rachel Anderson,Data Science,25,68,98,95
7484,Helen Garcia,Computer Science,19,55,62,77
7485,Laura Martinez,Information Technology,25,57,87,77
7486,Bob Williams,Computer Science,25,58,85,68
7487,Alice Davis,Information Technology,24,72,77,81
7488,Charlie Smith,Data Science,20,75,70,98
7489,Helen Johnson,Information Technology,19,97,90,100
7490,Alice Anderson,Computer Science,21,53,86,94
7491,Oscar Miller,Electronics,20,88,67,69
7492,Oscar Smith,Computer Science,23,70,85,58
7493,Tina Garcia,Information Technology,22,65,68,53
7494,Steve Garcia,Information Technology,19,55,89,83
7495,Michael Garcia,Mechanical,25,89,80,84
7496,Ivan Anderson,Electronics,22,55,64,73
7497,Frank Davis,Information Technology,22,94,85,94
7498,Charlie Miller,Civil,25,97,87,85
7499,Julia Johnson,Information Technology,23,68,86,77
7500,Ivan Williams,Computer Science,21,78,87,73
7501,Alice Miller,Mechanical,22,55,88,54
7502,Charlie Brown,Civil,25,76,83,74
7503,David Miller,Civil,24,98,67,86
7504,David Davis,Civil,19,85,64,59
7505,Oscar Miller,Information Technology,24,96,80,92
7506,Michael Miller,Electronics,21,77,89,54
7507,Oscar Anderson,Mechanical,22,51,75,68
7508,Kevin Brown,Data Science,21,56,81,61
7509,Julia Johnson,Civil,21,64,68,90
7510,Bob Smith,Data Science,20,63,89,91
7511,Quentin Garcia,Data Science,25,87,86,94
7512,Julia Taylor,Mechanical,19,82,85,96
7513,Tina Miller,Data Science,25,76,67,85
7514,Helen Johnson,Civil,19,88,71,73
7515,Nina Johnson,Data Science,19,53,68,61
7516,Quentin Anderson,Information Technology,18,60,86,96
7517,Laura Martinez,Electronics,18,89,71,62
7518,Michael Taylor,Electronics,20,92,100,99
7519,David Anderson,Civil,20,60,86,63
7520,Kevin Taylor,Computer Science,21,53,62,76
7521,Laura Garcia,Computer Science,20,97,69,93
7522,Michael Brown,Information Technology,23,99,97,58
7523,Michael Johnson,Civil,25,59,91,67
7524,Alice Martinez,Civil,22,51,69,92
7525,Helen Johnson,Civil,21,79,72,79
7526,Rachel Davis,Data Science,23,71,93,80
7527,Bob Taylor,Mechanical,19,75,93,83
7528,Quentin Williams,Electronics,18,95,89,85
7529,Frank Johnson,Computer Science,24,78,95,81
7530,Julia Brown,Electronics,18,74,96,70
7531,Helen Miller,Information Technology,18,73,100,56
7532,Rachel Miller,Computer Science,18,85,62,56
7533,Eva Smith,Information Technology,19,81,85,96
7534,Michael Brown,Civil,23,92,66,53
7535,Rachel Garcia,Computer Science,19,71,61,87
7536,Charlie Williams,Civil,25,75,67,96
7537,Charlie Williams,Computer Science,18,58,60,57
7538,David Martinez,Information Technology,19,98,71,55
7539,Laura Brown,Information Technology,20,78,70,53
7540,Rachel Brown,Computer Science,24,61,76,88
7541,Laura Davis,Computer Science,25,75,99,94
7542,Nina Brown,Data Science,19,56,65,57
7543,Eva Davis,Electronics,23,89,93,99
7544,Grace Taylor,Mechanical,20,87,80,77
7545,Michael Davis,Computer Science,18,54,95,84
7546,Julia Garcia,Mechanical,24,67,63,87
7547,Paula Anderson,Computer Science,25,85,99,77
7548,Quentin Taylor,Civil,25,77,62,56
7549,Ivan Anderson,Information Technology,19,58,67,60
7550,Eva Davis,Data Science,24,81,65,51
7551,Steve Anderson,Information Technology,24,82,100,76
7552,Rachel Smith,Information Technology,21,56,87,81
7553,Oscar Smith,Information Technology,21,85,84,93
7554,Frank Miller,Civil,23,56,80,69
7555,Quentin Smith,Information Technology,24,79,99,87
7556,Oscar Garcia,Information Technology,22,99,82,54
7557,Frank Brown,Civil,23,73,92,72
7558,Rachel Miller,Mechanical,25,53,82,50
7559,Rachel Taylor,Computer Science,20,88,86,98
7560,Oscar Taylor,Computer Science,22,82,71,72
7561,Julia Garcia,Mechanical,23,61,86,72
7562,Steve Johnson,Mechanical,20,91,70,63
7563,David Miller,Electronics,22,77,89,64
7564,Oscar Garcia,Electronics,18,54,80,52
7565,Kevin Taylor,Mechanical,21,86,78,96
7566,Eva Davis,Civil,18,93,95,66
7567,Rachel Davis,Data Science,24,74,83,65
7568,Alice Miller,Information Technology,21,55,77,64
7569,Oscar Williams,Data Science,23,52,61,86
7570,Ivan Miller,Information Technology,19,75,65,79
7571,Eva Garcia,Mechanical,19,87,71,75
7572,Michael Taylor,Electronics,23,65,79,78
7573,Frank Brown,Computer Science,21,70,76,61
7574,Kevin Brown,Data Science,18,61,87,76
7575,Michael Anderson,Civil,18,96,62,80
7576,Steve Anderson,Data Science,20,88,64,70
7577,Helen Smith,Mechanical,22,95,92,88
7578,Alice Taylor,Civil,19,60,88,94
7579,Charlie Miller,Mechanical,22,91,66,83
7580,Rachel Taylor,Information Technology,23,71,81,51
7581,Tina Brown,Computer Science,25,67,67,53
7582,Eva Anderson,Electronics,20,95,92,60
7583,Helen Garcia,Computer Science,23,93,80,71
7584,Alice Taylor,Data Science,23,94,62,61
7585,Nina Brown,Data Science,25,86,68,90
7586,David Williams,Data Science,21,87,82,57
7587,Rachel Martinez,Mechanical,24,64,75,69
7588,Eva Garcia,Data Science,23,74,66,70
7589,Alice Martinez,Computer Science,20,99,96,52
7590,Rachel Johnson,Data Science,19,53,74,81
7591,Nina Davis,Computer Science,22,51,84,67
7592,Helen Anderson,Civil,18,54,99,75
7593,Steve Brown,Information Technology,23,68,77,75
7594,Ivan Taylor,Electronics,19,73,87,98
7595,Ivan Taylor,Civil,19,54,75,98
7596,Quentin Martinez,Data Science,25,76,64,98
7597,Helen Brown,Information Technology,24,80,84,100
7598,Quentin Brown,Computer Science,24,60,61,66
7599,Julia Smith,Information Technology,25,93,72,77
7600,Steve Davis,Electronics,24,92,73,54
7601,Grace Garcia,Electronics,25,72,67,56
7602,Bob Smith,Mechanical,25,56,94,89
7603,Grace Johnson,Data Science,22,69,70,70
7604,Helen Taylor,Electronics,19,50,92,99
7605,Paula Williams,Electronics,18,87,68,59
7606,Quentin Johnson,Civil,20,68,66,83
7607,Charlie Brown,Civil,23,59,98,55
7608,Michael Davis,Civil,18,52,77,56
7609,David Martinez,Electronics,19,82,67,63
7610,Eva Davis,Civil,20,62,86,52
7611,Quentin Miller,Mechanical,23,60,71,58
7612,Kevin Anderson,Data Science,19,63,67,79
7613,Helen Taylor,Computer Science,20,69,70,100
7614,Nina Garcia,Electronics,19,71,70,56
7615,Bob Taylor,Electronics,21,65,77,78
7616,Quentin Miller,Data Science,20,91,69,54
7617,Charlie Johnson,Civil,19,89,85,74
7618,Oscar Garcia,Data Science,19,95,84,86
7619,Nina Williams,Civil,21,64,78,80
7620,Oscar Davis,Mechanical,22,58,80,77
7621,Tina Martinez,Electronics,19,99,73,62
7622,Rachel Williams,Data Science,22,62,96,77
7623,Rachel Taylor,Data Science,25,95,83,84
7624,Quentin Johnson,Data Science,22,59,62,61
7625,Grace Anderson,Electronics,22,68,97,56
7626,Ivan Davis,Civil,21,80,98,92
7627,Oscar Anderson,Mechanical,20,60,99,99
7628,Ivan Johnson,Civil,22,76,99,63
7629,Charlie Anderson,Electronics,20,72,82,93
7630,Michael Taylor,Data Science,19,78,64,65
7631,Oscar Johnson,Data Science,18,82,88,73
7632,Paula Williams,Computer Science,24,81,78,81
7633,Grace Anderson,Electronics,25,74,67,73
7634,Alice Brown,Mechanical,21,84,62,67
7635,Michael Johnson,Civil,19,74,69,97
7636,Rachel Taylor,Information Technology,20,78,64,87
7637,Grace Brown,Electronics,18,71,86,98
7638,Tina Johnson,Computer Science,23,89,84,77
7639,Steve Taylor,Electronics,22,94,92,52
7640,Nina Davis,Civil,21,70,92,71
7641,Tina Miller,Electronics,20,85,69,90
7642,Michael Smith,Data Science,19,65,68,88
7643,Oscar Martinez,Computer Science,25,61,94,54
7644,Ivan Martinez,Mechanical,24,82,65,60
7645,Alice Davis,Computer Science,18,92,91,86
7646,David Brown,Information Technology,20,90,86,67
7647,Nina Taylor,Electronics,22,65,89,91
7648,Bob Smith,Civil,22,92,82,96
7649,Nina Miller,Data Science,21,96,82,57
7650,Tina Smith,Electronics,21,70,73,91
7651,Steve Miller,Civil,24,86,87,97
7652,Ivan Smith,Computer Science,25,69,92,78
7653,Helen Miller,Electronics,25,53,84,100
7654,Oscar Garcia,Data Science,21,80,100,52
7655,Steve Martinez,Information Technology,20,51,72,87
7656,Quentin Smith,Electronics,24,86,99,94
7657,Helen Anderson,Computer Science,24,89,100,75
7658,Ivan Taylor,Computer Science,25,53,86,62
7659,David Johnson,Data Science,25,84,86,88
7660,Michael Anderson,Information Technology,23,73,70,69
7661,Frank Williams,Civil,19,62,65,73
7662,Rachel Johnson,Mechanical,22,71,99,84
7663,Bob Garcia,Civil,22,79,74,77
7664,Charlie Williams,Electronics,25,96,88,54
7665,Charlie Smith,Computer Science,24,94,65,100
7666,Rachel Davis,Data Science,23,56,83,52
7667,Frank Martinez,Information Technology,21,87,94,69
7668,Laura Anderson,Data Science,20,68,98,76
7669,Laura Garcia,Mechanical,19,78,93,86
7670,Helen Garcia,Computer Science,21,66,66,94
7671,Rachel Taylor,Civil,25,75,96,52
7672,Bob Davis,Electronics,23,98,99,78
7673,Kevin Smith,Civil,24,59,93,86
7674,David Williams,Computer Science,19,62,94,60
7675,Kevin Johnson,Information Technology,25,53,63,61
7676,Nina Johnson,Information Technology,19,54,96,55
7677,Alice Johnson,Information Technology,19,63,86,84
7678,Bob Davis,Electronics,22,73,79,69
7679,Quentin Williams,Information Technology,21,99,65,69
7680,Kevin Martinez,Computer Science,24,92,67,95
7681,Steve Miller,Electronics,19,93,92,92
7682,Paula Smith,Civil,23,55,64,94
7683,Quentin Davis,Information Technology,21,54,65,82
7684,David Brown,Electronics,20,90,64,66
7685,Steve Martinez,Data Science,22,69,80,60
7686,Charlie Martinez,Civil,23,74,87,67
7687,Grace Williams,Mechanical,19,79,64,81
7688,Helen Johnson,Civil,23,73,85,82
7689,Oscar Brown,Civil,19,51,96,80
7690,Helen Davis,Civil,20,60,100,66
7691,Frank Brown,Mechanical,21,63,85,58
7692,Laura Garcia,Civil,23,94,89,91
7693,Grace Brown,Electronics,20,70,66,53
7694,Oscar Anderson,Mechanical,24,94,68,94
7695,Ivan Smith,Data Science,20,85,80,94
7696,Quentin Martinez,Data Science,18,55,90,77
7697,Nina Miller,Data Science,18,61,90,88
7698,Laura Garcia,Civil,24,82,73,52
7699,Kevin Miller,Computer Science,22,85,86,61
7700,Tina Johnson,Computer Science,19,78,93,54
7701,David Martinez,Data Science,19,50,85,78
7702,Julia Martinez,Civil,18,91,67,91
7703,Oscar Smith,Data Science,22,92,67,92
7704,Rachel Smith,Computer Science,22,58,76,53
7705,Rachel Martinez,Civil,24,72,97,57
7706,Quentin Miller,Computer Science,20,73,65,56
7707,Michael Garcia,Electronics,23,63,94,82
7708,David Williams,Data Science,23,64,93,65
7709,Alice Taylor,Computer Science,18,94,84,77
7710,Laura Smith,Civil,25,61,73,98
7711,Alice Smith,Computer Science,23,50,62,83
7712,Eva Garcia,Civil,25,70,89,81
7713,Eva Martinez,Civil,21,50,77,86
7714,Bob Johnson,Computer Science,18,98,69,55
7715,Laura Martinez,Electronics,19,56,87,83
7716,Nina Williams,Information Technology,21,58,97,69
7717,Helen Davis,Information Technology,18,72,91,96
7718,Eva Davis,Mechanical,18,61,76,61
7719,Alice Garcia,Mechanical,22,80,61,66
7720,Laura Miller,Computer Science,22,83,60,58
7721,Kevin Williams,Mechanical,24,63,80,60
7722,Frank Brown,Civil,25,64,63,69
7723,Ivan Brown,Computer Science,23,76,60,93
7724,Paula Brown,Civil,18,75,65,80
7725,Charlie Brown,Civil,21,85,71,65
7726,Grace Anderson,Electronics,18,98,79,66
7727,Charlie Davis,Computer Science,20,91,63,64
7728,David Williams,Mechanical,21,76,67,63
7729,Paula Taylor,Information Technology,18,79,87,79
7730,Nina Johnson,Data Science,18,62,79,72
7731,Tina Taylor,Computer Science,25,65,95,72
7732,Steve Taylor,Computer Science,22,94,72,83
7733,Michael Davis,Electronics,20,71,93,58
7734,Kevin Martinez,Electronics,19,77,90,93
7735,Nina Taylor,Information Technology,19,58,66,58
7736,Steve Garcia,Computer Science,19,55,92,81
7737,Nina Miller,Information Technology,25,87,74,73
7738,Alice Anderson,Data Science,18,74,64,94
7739,Nina Smith,Data Science,23,69,71,59
7740,Tina Martinez,Mechanical,23,80,72,68
7741,Tina Garcia,Information Technology,23,71,85,57
7742,Alice Davis,Electronics,25,52,60,58
7743,Charlie Martinez,Computer Science,19,75,68,85
7744,Ivan Davis,Mechanical,18,79,76,72
7745,Paula Miller,Electronics,18,100,65,79
7746,Rachel Martinez,Civil,22,89,96,62
7747,Alice Anderson,Mechanical,25,88,67,67
7748,Tina Taylor,Data Science,25,81,85,54
7749,Alice Anderson,Electronics,25,78,93,52
7750,Bob Williams,Mechanical,24,75,60,92
7751,Tina Johnson,Computer Science,20,96,86,80
7752,Kevin Garcia,Civil,23,77,76,55
7753,Rachel Garcia,Electronics,20,63,92,50
7754,Tina Martinez,Data Science,22,71,75,91
7755,Steve Davis,Civil,18,63,85,64
7756,Charlie Williams,Electronics,23,61,79,83
7757,Quentin Taylor,Mechanical,25,68,72,55
7758,Laura Williams,Electronics,21,69,64,83
7759,David Martinez,Information Technology,24,85,92,67
7760,Quentin Davis,Civil,21,79,68,74
7761,Oscar Williams,Data Science,22,60,96,76
7762,Bob Anderson,Electronics,23,89,97,67
7763,Rachel Taylor,Civil,21,95,60,75
7764,Helen Anderson,Mechanical,21,98,60,89
7765,Oscar Brown,Electronics,24,85,99,72
7766,Steve Miller,Mechanical,20,96,94,54
7767,Quentin Taylor,Information Technology,22,67,92,97
7768,Nina Anderson,Electronics,19,52,70,92
7769,Laura Martinez,Data Science,19,89,69,64
7770,Michael Williams,Electronics,20,90,80,93
7771,Grace Brown,Electronics,18,86,81,54
7772,Nina Brown,Information Technology,19,71,90,50
7773,Grace Taylor,Electronics,25,75,60,74
7774,David Brown,Mechanical,23,65,61,78
7775,Nina Brown,Mechanical,20,69,94,92
7776,Julia Davis,Computer Science,23,90,78,71
7777,Helen Williams,Computer Science,25,63,81,80
7778,Michael Johnson,Mechanical,24,73,73,70
7779,Steve Davis,Mechanical,21,64,82,68
7780,Grace Garcia,Mechanical,20,85,97,56
7781,Julia Brown,Mechanical,24,96,67,55
7782,Steve Williams,Electronics,19,64,61,58
7783,Tina Garcia,Civil,25,53,94,60
7784,Charlie Johnson,Computer Science,25,64,97,88
7785,Charlie Garcia,Electronics,23,96,65,76
7786,David Johnson,Information Technology,18,50,68,77
7787,Laura Smith,Civil,19,75,87,88
7788,Tina Anderson,Civil,24,67,63,63
7789,Michael Taylor,Electronics,21,62,87,100
7790,Julia Johnson,Computer Science,24,74,64,77
7791,Alice Garcia,Mechanical,18,57,75,53
7792,Rachel Smith,Electronics,25,85,74,87
7793,David Anderson,Civil,24,63,73,65
7794,Oscar Williams,Electronics,22,78,73,58
7795,Rachel Johnson,Civil,22,72,70,97
7796,David Anderson,Information Technology,22,99,63,81
7797,Michael Taylor,Computer Science,20,51,80,100
7798,Laura Johnson,Electronics,20,94,95,88
7799,Nina Johnson,Information Technology,25,58,79,57
7800,Paula Miller,Information Technology,19,82,68,87
7801,Charlie Taylor,Electronics,24,59,69,55
7802,Oscar Miller,Data Science,24,79,82,97
7803,Frank Garcia,Civil,22,82,95,99
7804,Steve Davis,Civil,22,66,67,68
7805,Kevin Johnson,Computer Science,21,75,90,74
7806,Ivan Johnson,Information Technology,21,56,81,57
7807,Ivan Miller,Data Science,22,69,71,93
7808,Quentin Garcia,Electronics,25,67,87,92
7809,Julia Anderson,Computer Science,25,63,76,72
7810,Tina Smith,Data Science,21,50,96,63
7811,Alice Brown,Civil,21,73,100,82
7812,Helen Davis,Computer Science,19,96,82,67
7813,Frank Smith,Mechanical,21,51,87,93
7814,Rachel Taylor,Mechanical,23,71,96,93
7815,Grace Johnson,Computer Science,25,82,73,81
7816,Laura Taylor,Electronics,25,69,61,51
7817,David Johnson,Information Technology,23,91,91,78
7818,Nina Davis,Civil,23,50,82,59
7819,Eva Williams,Mechanical,18,97,93,88
7820,Julia Garcia,Information Technology,21,94,80,97
7821,Laura Brown,Information Technology,18,85,65,92
7822,Oscar Miller,Mechanical,18,62,76,64
7823,Ivan Martinez,Information Technology,20,95,83,74
7824,Tina Garcia,Data Science,21,59,86,93
7825,Michael Davis,Mechanical,21,81,84,72
7826,Ivan Williams,Civil,22,51,71,86
7827,Eva Miller,Information Technology,23,59,100,61
7828,Bob Anderson,Data Science,22,89,84,71
7829,Ivan Johnson,Civil,25,56,62,89
7830,Alice Anderson,Mechanical,22,70,70,51
7831,Alice Smith,Information Technology,25,54,73,70
7832,Alice Miller,Mechanical,22,96,60,68
7833,Helen Williams,Computer Science,20,94,72,100
7834,Charlie Brown,Data Science,19,62,99,85
7835,Tina Davis,Civil,22,72,99,70
7836,Nina Miller,Civil,18,78,69,73
7837,Eva Taylor,Data Science,24,89,79,95
7838,Grace Williams,Civil,23,89,68,93
7839,Frank Martinez,Civil,20,52,74,98
7840,Michael Brown,Electronics,25,69,98,59
7841,David Miller,Data Science,18,91,90,97
7842,Michael Miller,Mechanical,18,96,63,73
7843,Michael Johnson,Information Technology,20,51,61,63
7844,Quentin Anderson,Civil,22,77,76,55
7845,Paula Brown,Data Science,23,65,93,70
7846,Steve Anderson,Mechanical,22,62,77,82
7847,Helen Garcia,Civil,22,62,88,79
7848,David Garcia,Information Technology,19,85,99,77
7849,Oscar Johnson,Information Technology,24,76,89,66
7850,Laura Davis,Computer Science,22,55,71,93
7851,Grace Anderson,Electronics,21,98,68,69
7852,Alice Anderson,Information Technology,23,71,80,73
7853,Michael Brown,Mechanical,22,88,61,55
7854,Helen Smith,Civil,18,52,90,59
7855,Charlie Martinez,Civil,20,91,69,62
7856,Rachel Garcia,Electronics,25,73,72,88
7857,Steve Miller,Computer Science,21,79,63,62
7858,Julia Smith,Mechanical,20,78,86,72
7859,Laura Johnson,Computer Science,20,84,86,56
7860,Alice Brown,Information Technology,25,89,63,89
7861,Eva Davis,Computer Science,20,54,99,61
7862,Laura Brown,Computer Science,22,87,98,75
7863,Alice Taylor,Civil,20,94,90,92
7864,Ivan Brown,Data Science,18,73,62,50
7865,Quentin Martinez,Data Science,19,96,68,85
7866,Tina Taylor,Data Science,25,92,91,66
7867,Frank Miller,Information Technology,22,67,82,71
7868,Paula Anderson,Mechanical,22,92,75,96
7869,Julia Williams,Data Science,23,71,95,86
7870,Kevin Smith,Mechanical,25,88,79,66
7871,David Anderson,Civil,22,66,84,99
7872,Rachel Anderson,Data Science,23,58,65,63
7873,Steve Smith,Electronics,23,65,76,59
7874,Alice Williams,Computer Science,25,95,87,78
7875,Paula Williams,Electronics,22,95,94,61
7876,Tina Smith,Computer Science,22,95,74,66
7877,Rachel Brown,Computer Science,21,67,62,58
7878,Paula Anderson,Computer Science,24,85,61,75
7879,Rachel Davis,Computer Science,23,79,88,71
7880,Grace Garcia,Data Science,20,64,82,84
7881,Tina Smith,Computer Science,25,97,71,61
7882,Paula Johnson,Mechanical,21,90,93,57
7883,Rachel Garcia,Data Science,24,50,66,62
7884,Nina Garcia,Data Science,19,59,84,86
7885,Kevin Garcia,Civil,24,92,77,61
7886,Laura Garcia,Mechanical,25,75,91,61
7887,Bob Smith,Information Technology,18,79,94,62
7888,Nina Taylor,Electronics,25,77,75,64
7889,Steve Martinez,Civil,24,88,79,63
7890,Helen Brown,Data Science,19,79,70,52
7891,Paula Williams,Mechanical,20,65,74,56
7892,Alice Williams,Data Science,18,84,66,75
7893,Steve Smith,Computer Science,23,76,63,73
7894,Tina Williams,Electronics,23,85,63,90
7895,Helen Davis,Civil,21,91,83,53
7896,Grace Martinez,Computer Science,22,81,86,95
7897,Frank Smith,Electronics,19,75,83,73
7898,Alice Williams,Data Science,18,78,61,97
7899,Kevin Martinez,Mechanical,25,82,99,83
7900,Paula Martinez,Civil,24,53,63,88
7901,Paula Taylor,Civil,23,50,88,75
7902,Steve Johnson,Computer Science,19,54,71,95
7903,Grace Garcia,Data Science,18,98,62,82
7904,Steve Taylor,Mechanical,25,76,64,60
7905,Oscar Davis,Data Science,18,77,85,89
7906,Grace Davis,Electronics,21,92,70,64
7907,Eva Williams,Electronics,21,92,74,90
7908,Laura Martinez,Mechanical,23,67,81,90
7909,Tina Anderson,Data Science,21,71,94,94
7910,Michael Miller,Computer Science,20,74,62,50
7911,Alice Martinez,Mechanical,20,59,97,99
7912,Oscar Williams,Computer Science,24,97,77,59
7913,Eva Brown,Data Science,24,68,63,68
7914,Charlie Martinez,Mechanical,21,82,95,68
7915,Paula Williams,Electronics,20,51,67,57
7916,Bob Martinez,Electronics,20,91,60,91
7917,Oscar Garcia,Civil,22,79,65,62
7918,Helen Martinez,Information Technology,23,73,88,64
7919,Grace Anderson,Mechanical,19,57,91,77
7920,Michael Davis,Electronics,24,52,99,62
7921,Frank Miller,Mechanical,18,53,96,81
7922,Ivan Davis,Mechanical,21,97,94,53
7923,Julia Martinez,Electronics,22,56,97,92
7924,Steve Martinez,Data Science,21,82,98,65
7925,Steve Williams,Information Technology,25,100,93,73
7926,Frank Garcia,Computer Science,23,93,66,99
7927,Oscar Smith,Electronics,24,98,72,82
7928,Tina Garcia,Civil,24,71,96,77
7929,Frank Smith,Data Science,25,63,97,78
7930,Alice Williams,Information Technology,18,65,89,73
7931,Frank Smith,Electronics,24,62,76,83
7932,Julia Davis,Information Technology,19,68,66,97
7933,Nina Taylor,Information Technology,23,95,79,64
7934,Quentin Anderson,Data Science,21,51,81,57
7935,Quentin Taylor,Civil,20,100,88,72
7936,Helen Martinez,Mechanical,24,75,82,75
7937,Nina Anderson,Electronics,21,86,78,74
7938,Eva Smith,Data Science,24,80,74,70
7939,Quentin Williams,Electronics,18,92,70,61
7940,Quentin Davis,Civil,21,68,90,80
7941,Ivan Davis,Civil,25,51,80,59
7942,Eva Anderson,Information Technology,24,77,69,54
7943,Julia Garcia,Information Technology,19,79,79,92
7944,Helen Martinez,Data Science,20,73,100,55
7945,David Anderson,Computer Science,23,76,92,64
7946,Rachel Williams,Data Science,23,54,86,65
7947,Nina Brown,Information Technology,20,88,88,87
7948,Rachel Brown,Information Technology,19,52,61,98
7949,Laura Miller,Computer Science,24,78,62,58
7950,Paula Taylor,Data Science,22,71,75,74
7951,Alice Davis,Electronics,23,54,61,68
7952,Julia Williams,Data Science,20,99,94,73
7953,Grace Taylor,Mechanical,23,55,75,89
7954,Ivan Davis,Computer Science,23,72,98,68
7955,Charlie Anderson,Civil,24,96,75,74
7956,Nina Williams,Information Technology,24,56,93,90
7957,Frank Johnson,Information Technology,21,96,84,58
7958,Tina Smith,Information Technology,18,89,67,55
7959,Alice Taylor,Mechanical,21,100,68,96
7960,Helen Smith,Civil,21,89,63,75
7961,Charlie Williams,Computer Science,23,91,76,65
7962,Alice Brown,Electronics,23,67,83,93
7963,Rachel Smith,Information Technology,25,63,69,83
7964,Paula Smith,Mechanical,24,79,91,97
7965,Charlie Miller,Computer Science,19,67,60,77
7966,Laura Brown,Data Science,25,51,70,96
7967,Julia Williams,Mechanical,23,80,81,51
7968,Steve Brown,Information Technology,21,64,63,50
7969,Oscar Johnson,Data Science,25,80,93,87
7970,Frank Johnson,Electronics,22,56,85,82
7971,Ivan Davis,Mechanical,18,73,96,62
7972,Paula Martinez,Information Technology,22,57,85,65
7973,Quentin Smith,Mechanical,22,52,72,68
7974,Oscar Smith,Mechanical,24,85,69,84
7975,Frank Martinez,Electronics,20,62,75,78
7976,Laura Williams,Data Science,25,93,95,56
7977,Grace Smith,Civil,21,76,83,79
7978,Laura Miller,Data Science,25,71,86,82
7979,Laura Brown,Civil,23,70,98,59
7980,Ivan Williams,Mechanical,25,69,70,74
7981,Nina Anderson,Data Science,21,82,76,75
7982,Julia Garcia,Computer Science,18,81,70,67
7983,Ivan Brown,Civil,21,60,79,57
7984,Helen Johnson,Computer Science,20,60,79,67
7985,Alice Anderson,Computer Science,19,58,97,53
7986,Eva Anderson,Data Science,24,88,69,86
7987,Charlie Williams,Civil,24,88,61,91
7988,Paula Johnson,Mechanical,24,78,61,56
7989,David Johnson,Civil,19,61,69,52
7990,Eva Smith,Civil,19,92,99,65
7991,Kevin Martinez,Data Science,18,65,97,71
7992,Grace Miller,Mechanical,21,84,99,95
7993,Alice Garcia,Civil,23,94,65,80
7994,Eva Johnson,Mechanical,23,78,88,72
7995,Laura Miller,Mechanical,22,64,92,90
7996,Oscar Johnson,Electronics,23,60,96,96
7997,Grace Anderson,Computer Science,19,55,83,52
7998,Quentin Williams,Computer Science,23,69,88,84
7999,Nina Miller,Computer Science,22,89,67,82
8000,Nina Anderson,Information Technology,19,74,79,70
8001,Rachel Garcia,Data Science,23,99,96,55
8002,Oscar Garcia,Electronics,21,67,86,77
8003,Steve Johnson,Data Science,18,63,99,84
8004,Helen Taylor,Computer Science,19,88,70,100
8005,David Williams,Data Science,18,77,79,79
8006,Quentin Johnson,Electronics,22,66,99,56
8007,Eva Williams,Computer Science,20,92,77,68
8008,Oscar Davis,Computer Science,20,71,77,53
8009,Frank Garcia,Information Technology,20,65,67,86
8010,David Miller,Civil,21,100,68,69
8011,Oscar Davis,Information Technology,22,65,92,62
8012,Quentin Taylor,Computer Science,23,82,71,66
8013,Eva Taylor,Data Science,18,76,60,84
8014,Kevin Martinez,Mechanical,19,52,92,97
8015,Bob Williams,Mechanical,23,73,92,83
8016,Grace Anderson,Computer Science,24,72,84,66
8017,Paula Davis,Electronics,23,84,81,68
8018,Paula Garcia,Computer Science,22,63,78,89
8019,Alice Smith,Civil,21,79,73,92
8020,Bob Smith,Computer Science,25,68,66,68
8021,Tina Miller,Mechanical,25,67,99,87
8022,Helen Garcia,Computer Science,23,86,96,78
8023,Bob Anderson,Civil,25,91,79,56
8024,Helen Brown,Information Technology,23,88,67,89
8025,Rachel Miller,Computer Science,24,90,84,96
8026,Helen Williams,Mechanical,24,64,84,81
8027,Bob Anderson,Civil,19,55,94,90
8028,Alice Anderson,Electronics,24,79,93,83
8029,Paula Williams,Mechanical,23,69,91,93
8030,Kevin Johnson,Mechanical,22,78,82,99
8031,Helen Miller,Mechanical,21,64,70,81
8032,Frank Davis,Computer Science,18,78,71,94
8033,Grace Miller,Computer Science,25,56,99,55
8034,Alice Davis,Civil,20,85,77,59
8035,Michael Johnson,Mechanical,25,50,71,56
8036,Nina Martinez,Information Technology,20,67,86,61
8037,Michael Anderson,Data Science,19,79,66,56
8038,Charlie Brown,Data Science,23,69,65,58
8039,Tina Johnson,Electronics,19,95,81,73
8040,Paula Taylor,Information Technology,20,80,85,86
8041,Kevin Taylor,Information Technology,18,95,65,55
8042,Eva Taylor,Mechanical,18,60,66,87
8043,Alice Taylor,Computer Science,22,79,67,55
8044,Michael Garcia,Computer Science,21,52,81,71
8045,Julia Martinez,Information Technology,21,68,87,78
8046,Eva Johnson,Information Technology,22,81,81,59
8047,Laura Smith,Mechanical,20,53,61,100
8048,Michael Miller,Electronics,24,77,93,77
8049,Alice Taylor,Mechanical,23,96,74,74
8050,Frank Brown,Computer Science,18,82,91,75
8051,Charlie Davis,Information Technology,19,50,88,64
8052,Tina Anderson,Mechanical,18,94,74,68
8053,Eva Martinez,Data Science,21,79,71,62
8054,Alice Davis,Mechanical,19,78,74,99
8055,Nina Garcia,Civil,18,58,62,74
8056,Nina Davis,Data Science,22,89,90,86
8057,David Williams,Computer Science,21,56,66,55
8058,Julia Martinez,Computer Science,25,56,65,57
8059,David Taylor,Civil,23,97,64,91
8060,Kevin Martinez,Electronics,25,87,67,94
8061,Steve Johnson,Computer Science,23,98,62,54
8062,Quentin Miller,Information Technology,24,78,81,65
8063,Oscar Miller,Electronics,24,99,84,78
8064,Tina Brown,Mechanical,22,89,65,55
8065,Michael Davis,Information Technology,22,87,67,59
8066,Tina Brown,Information Technology,18,98,94,86
8067,Helen Anderson,Mechanical,19,62,74,62
8068,Michael Martinez,Information Technology,25,64,64,81
8069,Ivan Johnson,Electronics,24,88,89,83
8070,Laura Martinez,Data Science,24,97,84,69
8071,Charlie Williams,Data Science,19,98,83,87
8072,Charlie Martinez,Mechanical,24,58,80,57
8073,Michael Brown,Mechanical,18,64,79,60
8074,Tina Brown,Mechanical,21,78,96,53
8075,Alice Taylor,Information Technology,18,66,69,92
8076,Julia Davis,Civil,20,98,97,65
8077,Bob Smith,Electronics,20,64,96,50
8078,Julia Anderson,Mechanical,19,70,66,57
8079,Charlie Williams,Mechanical,23,62,85,77
8080,Tina Anderson,Computer Science,19,75,98,53
8081,Helen Miller,Electronics,25,70,65,90
8082,David Brown,Electronics,18,99,86,75
8083,Helen Garcia,Computer Science,23,74,89,58
8084,Grace Williams,Mechanical,24,53,92,69
8085,Eva Brown,Mechanical,19,66,98,65
8086,Paula Smith,Civil,25,70,90,78
8087,Grace Garcia,Information Technology,25,50,64,68
8088,Nina Davis,Electronics,20,64,60,73
8089,Alice Smith,Mechanical,24,71,63,85
8090,Rachel Brown,Data Science,21,99,94,68
8091,Frank Garcia,Computer Science,24,75,68,60
8092,Nina Davis,Computer Science,23,64,80,51
8093,David Anderson,Civil,19,87,66,82
8094,Nina Martinez,Information Technology,18,90,90,99
8095,Nina Williams,Computer Science,22,88,90,92
8096,Charlie Miller,Civil,24,85,68,90
8097,Steve Johnson,Mechanical,19,93,67,100
8098,Frank Martinez,Civil,23,86,89,65
8099,Helen Garcia,Information Technology,19,73,80,98
8100,Paula Garcia,Civil,24,59,91,73
8101,Eva Smith,Information Technology,18,58,64,66
8102,Quentin Anderson,Mechanical,20,86,65,75
8103,Grace Williams,Mechanical,25,60,88,77
8104,Laura Martinez,Electronics,19,67,67,72
8105,David Davis,Information Technology,20,86,98,94
8106,David Martinez,Civil,23,59,60,100
8107,Quentin Davis,Computer Science,19,71,60,84
8108,Ivan Smith,Mechanical,21,72,75,80
8109,Helen Garcia,Civil,20,92,87,98
8110,Bob Martinez,Computer Science,18,66,65,53
8111,Charlie Martinez,Civil,24,61,90,65
8112,Nina Williams,Electronics,18,93,88,59
8113,Steve Martinez,Electronics,22,54,81,92
8114,Michael Davis,Computer Science,21,50,95,90
8115,Rachel Smith,Civil,18,52,83,75
8116,Kevin Johnson,Electronics,19,93,61,77
8117,Frank Smith,Information Technology,24,63,69,92
8118,Kevin Garcia,Information Technology,23,73,60,56
8119,Quentin Martinez,Data Science,25,92,98,96
8120,Michael Williams,Information Technology,24,100,94,94
8121,Eva Smith,Information Technology,23,97,83,72
8122,Oscar Garcia,Civil,20,70,60,85
8123,Julia Williams,Data Science,23,96,87,87
8124,Laura Taylor,Electronics,22,87,85,94
8125,Frank Taylor,Civil,22,73,68,73
8126,Steve Williams,Data Science,21,77,74,96
8127,Nina Davis,Data Science,25,51,85,90
8128,Tina Brown,Computer Science,19,77,93,89
8129,Alice Anderson,Data Science,21,52,67,72
8130,Ivan Miller,Information Technology,18,100,68,64
8131,Paula Anderson,Mechanical,20,58,68,81
8132,Alice Garcia,Civil,25,58,63,98
8133,Kevin Taylor,Electronics,22,74,76,87
8134,Nina Garcia,Information Technology,19,74,86,55
8135,Frank Johnson,Electronics,19,89,88,86
8136,Paula Smith,Electronics,19,75,77,82
8137,Steve Williams,Electronics,20,66,91,91
8138,Bob Brown,Civil,21,58,82,51
8139,Quentin Davis,Mechanical,23,68,65,95
8140,Kevin Brown,Civil,19,83,87,91
8141,Laura Martinez,Mechanical,21,56,63,93
8142,Bob Anderson,Computer Science,20,56,77,94
8143,Bob Taylor,Civil,22,69,64,76
8144,Rachel Garcia,Electronics,21,50,98,88
8145,Paula Miller,Mechanical,22,86,81,53
8146,Helen Garcia,Electronics,20,52,86,50
8147,Quentin Williams,Computer Science,22,87,79,67
8148,Frank Martinez,Computer Science,21,56,70,52
8149,Helen Brown,Civil,22,91,76,85
8150,Ivan Smith,Data Science,25,65,80,60
8151,Julia Brown,Mechanical,21,75,87,84
8152,Alice Williams,Information Technology,21,70,99,59
8153,Paula Martinez,Electronics,21,69,92,55
8154,Alice Williams,Computer Science,18,79,100,54
8155,Helen Brown,Mechanical,24,90,65,96
8156,Grace Davis,Data Science,23,79,69,98
8157,Ivan Johnson,Civil,23,78,64,92
8158,Helen Martinez,Electronics,25,95,83,59
8159,Julia Miller,Computer Science,23,53,61,77
8160,Bob Johnson,Mechanical,22,76,69,58
8161,Helen Johnson,Mechanical,20,66,93,97
8162,Frank Johnson,Electronics,18,99,85,60
8163,Steve Davis,Mechanical,21,79,62,85
8164,Paula Smith,Information Technology,24,70,80,73
8165,Rachel Williams,Civil,24,87,94,59
8166,Eva Garcia,Electronics,20,67,90,67
8167,Ivan Anderson,Information Technology,18,51,66,86
8168,Ivan Anderson,Computer Science,25,98,74,71
8169,Frank Taylor,Electronics,21,63,92,66
8170,Bob Anderson,Electronics,24,52,93,58
8171,Nina Taylor,Civil,20,90,99,67
8172,Quentin Taylor,Data Science,18,81,76,92
8173,Bob Miller,Information Technology,22,96,93,82
8174,Helen Anderson,Electronics,24,61,71,87
8175,Paula Williams,Information Technology,22,90,89,86
8176,Julia Miller,Data Science,20,83,85,87
8177,Grace Brown,Civil,20,84,92,86
8178,Michael Williams,Civil,24,67,64,72
8179,Ivan Garcia,Computer Science,22,56,100,94
8180,Quentin Taylor,Civil,19,82,98,63
8181,Ivan Smith,Information Technology,21,73,99,94
8182,Nina Martinez,Mechanical,25,72,88,80
8183,Ivan Martinez,Information Technology,23,54,75,59
8184,Nina Taylor,Information Technology,24,67,93,64
8185,David Taylor,Mechanical,24,79,62,89
8186,Helen Garcia,Civil,20,55,80,69
8187,Rachel Smith,Mechanical,23,94,84,55
8188,Julia Davis,Mechanical,19,90,96,88
8189,Kevin Williams,Computer Science,18,75,64,69
8190,Frank Anderson,Civil,23,62,90,83
8191,Laura Davis,Information Technology,19,97,63,94
8192,Julia Miller,Computer Science,25,56,85,67
8193,Eva Johnson,Computer Science,18,77,85,57
8194,Bob Davis,Civil,22,59,86,83
8195,Bob Taylor,Data Science,24,90,66,87
8196,Julia Davis,Computer Science,21,66,73,84
8197,Frank Anderson,Civil,20,86,99,60
8198,Ivan Brown,Civil,18,83,76,84
8199,Grace Martinez,Information Technology,25,93,96,68
8200,Julia Anderson,Computer Science,24,57,63,56
8201,Tina Anderson,Data Science,22,91,93,73
8202,Charlie Garcia,Electronics,23,86,69,71
8203,Oscar Johnson,Information Technology,20,76,76,77
8204,Kevin Anderson,Computer Science,22,86,67,76
8205,Alice Taylor,Civil,20,59,84,53
8206,Julia Johnson,Electronics,20,75,97,70
8207,Charlie Brown,Data Science,24,94,93,54
8208,Eva Martinez,Electronics,21,80,76,82
8209,Eva Johnson,Electronics,20,96,68,51
8210,Tina Martinez,Data Science,24,81,91,54
8211,Grace Garcia,Data Science,19,93,69,76
8212,Nina Garcia,Data Science,18,70,76,88
8213,Eva Miller,Computer Science,25,54,62,89
8214,David Miller,Information Technology,21,93,94,56
8215,Helen Taylor,Data Science,23,96,86,70
8216,Rachel Brown,Civil,22,50,62,96
8217,Paula Miller,Information Technology,21,76,74,92
8218,Oscar Smith,Mechanical,20,64,74,99
8219,Eva Brown,Computer Science,22,54,96,53
8220,Alice Williams,Electronics,25,50,89,90
8221,Frank Martinez,Civil,25,53,83,94
8222,Paula Miller,Computer Science,19,96,69,88
8223,Grace Smith,Electronics,22,71,94,73
8224,Frank Brown,Data Science,21,55,98,78
8225,Rachel Taylor,Data Science,23,99,76,86
8226,Julia Williams,Civil,19,61,70,52
8227,Grace Miller,Information Technology,23,85,91,81
8228,Julia Garcia,Mechanical,18,61,90,51
8229,Charlie Taylor,Mechanical,25,88,99,85
8230,Ivan Smith,Data Science,21,52,68,88
8231,Eva Miller,Computer Science,19,86,68,100
8232,Tina Brown,Data Science,21,77,100,90
8233,Tina Brown,Information Technology,23,63,98,94
8234,Julia Anderson,Information Technology,21,76,61,55
8235,Rachel Miller,Electronics,19,98,94,62
8236,Tina Smith,Civil,19,85,99,53
8237,Bob Johnson,Computer Science,21,67,98,60
8238,David Taylor,Data Science,23,93,94,79
8239,Rachel Brown,Civil,24,50,87,72
8240,Paula Williams,Data Science,18,87,94,72
8241,Rachel Williams,Electronics,21,56,74,100
8242,Alice Martinez,Electronics,23,98,99,75
8243,Helen Miller,Data Science,19,81,86,89
8244,Eva Johnson,Mechanical,20,88,83,73
8245,Oscar Johnson,Data Science,18,99,62,78
8246,Tina Davis,Information Technology,21,60,83,51
8247,Alice Anderson,Computer Science,21,92,83,56
8248,Michael Williams,Information Technology,18,76,87,82
8249,Tina Davis,Computer Science,23,90,93,87
8250,Oscar Williams,Civil,23,52,92,88
8251,Ivan Garcia,Computer Science,24,69,93,71
8252,Rachel Taylor,Mechanical,23,63,90,56
8253,Kevin Williams,Data Science,19,91,71,93
8254,Ivan Martinez,Data Science,22,69,78,80
8255,Helen Martinez,Data Science,24,71,69,84
8256,Charlie Garcia,Civil,19,56,83,80
8257,Nina Garcia,Civil,24,74,72,98
8258,Michael Taylor,Computer Science,24,56,87,68
8259,David Johnson,Data Science,20,60,94,51
8260,Steve Smith,Electronics,24,53,89,65
8261,Alice Garcia,Civil,24,98,75,57
8262,Grace Davis,Information Technology,18,56,90,86
8263,Rachel Williams,Electronics,22,50,89,98
8264,Paula Williams,Data Science,23,52,85,54
8265,Charlie Johnson,Civil,18,58,78,90
8266,David Davis,Data Science,24,67,100,98
8267,Helen Johnson,Civil,22,82,61,50
8268,Kevin Brown,Civil,23,72,96,100
8269,Charlie Smith,Mechanical,24,95,99,62
8270,Julia Johnson,Civil,24,94,72,96
8271,Grace Miller,Information Technology,19,50,95,69
8272,Charlie Taylor,Data Science,24,57,84,92
8273,Charlie Brown,Electronics,19,52,68,81
8274,Quentin Anderson,Data Science,20,86,96,64
8275,Nina Davis,Mechanical,23,80,98,67
8276,Kevin Martinez,Civil,18,63,72,50
8277,Paula Smith,Electronics,20,50,99,67
8278,Charlie Miller,Civil,23,53,66,78
8279,Nina Anderson,Electronics,22,93,70,62
8280,Eva Williams,Civil,23,96,98,62
8281,David Williams,Mechanical,18,54,77,50
8282,Tina Davis,Data Science,25,73,89,93
8283,Oscar Davis,Mechanical,23,73,89,75
8284,Quentin Anderson,Information Technology,21,67,67,54
8285,Steve Davis,Mechanical,20,50,75,71
8286,Ivan Miller,Mechanical,20,86,67,92
8287,Eva Williams,Data Science,21,94,85,55
8288,Helen Johnson,Information Technology,25,79,60,59
8289,Quentin Williams,Information Technology,19,60,89,77
8290,Michael Miller,Information Technology,25,54,86,71
8291,Julia Martinez,Data Science,21,60,82,77
8292,Frank Garcia,Mechanical,25,76,60,59
8293,Frank Brown,Electronics,19,77,72,99
8294,Grace Taylor,Data Science,23,88,63,66
8295,Frank Martinez,Electronics,19,100,62,80
8296,Bob Johnson,Electronics,18,60,83,63
8297,Eva Garcia,Computer Science,23,53,81,81
8298,Rachel Taylor,Data Science,21,67,92,65
8299,Bob Williams,Computer Science,25,67,76,98
8300,Quentin Davis,Electronics,24,72,77,69
8301,Helen Garcia,Information Technology,24,96,63,82
8302,Frank Garcia,Computer Science,25,85,96,51
8303,Michael Smith,Computer Science,20,64,78,74
8304,David Smith,Computer Science,20,73,98,63
8305,Bob Brown,Computer Science,24,52,99,93
8306,Julia Brown,Computer Science,22,88,75,66
8307,Charlie Martinez,Civil,25,76,67,64
8308,Michael Smith,Computer Science,22,86,92,79
8309,Paula Garcia,Civil,18,53,64,60
8310,Julia Garcia,Data Science,18,89,95,58
8311,Quentin Taylor,Mechanical,18,68,77,92
8312,Ivan Williams,Mechanical,23,55,78,87
8313,Eva Anderson,Computer Science,22,94,65,98
8314,Helen Taylor,Data Science,19,81,81,70
8315,Nina Davis,Information Technology,21,83,94,73
8316,Quentin Anderson,Electronics,23,80,72,76
8317,Alice Miller,Information Technology,18,73,76,68
8318,Bob Taylor,Data Science,23,82,75,61
8319,Oscar Smith,Data Science,24,68,99,89
8320,Bob Brown,Civil,23,60,75,66
8321,Frank Johnson,Electronics,25,94,82,63
8322,Charlie Garcia,Electronics,23,57,74,53
8323,Alice Miller,Data Science,23,88,79,76
8324,Rachel Johnson,Civil,21,70,97,62
8325,Charlie Smith,Data Science,18,69,89,64
8326,Nina Johnson,Electronics,22,78,62,74
8327,Kevin Garcia,Electronics,20,78,99,74
8328,Tina Martinez,Computer Science,20,63,70,100
8329,David Davis,Electronics,21,64,62,73
8330,Tina Smith,Computer Science,19,91,90,52
8331,Paula Smith,Electronics,20,97,67,57
8332,David Anderson,Electronics,24,56,100,90
8333,Tina Williams,Mechanical,22,62,83,72
8334,Quentin Williams,Information Technology,22,81,82,96
8335,Rachel Anderson,Information Technology,24,82,90,93
8336,Nina Johnson,Electronics,25,78,84,89
8337,Eva Anderson,Mechanical,19,73,84,98
8338,Frank Garcia,Computer Science,19,57,74,71
8339,David Miller,Information Technology,22,54,86,73
8340,Laura Martinez,Mechanical,25,70,61,69
8341,Oscar Brown,Data Science,22,95,80,52
8342,Nina Davis,Computer Science,19,92,96,92
8343,Tina Taylor,Civil,25,93,81,67
8344,Michael Davis,Data Science,23,51,66,69
8345,Quentin Miller,Mechanical,25,52,71,92
8346,Ivan Smith,Data Science,21,96,81,63
8347,Ivan Williams,Electronics,18,76,85,60
8348,Quentin Garcia,Data Science,18,69,83,73
8349,Quentin Taylor,Electronics,24,71,90,100
8350,Frank Johnson,Information Technology,24,96,98,56
8351,Michael Johnson,Electronics,22,97,90,68
8352,David Anderson,Data Science,23,61,100,78
8353,Quentin Anderson,Civil,18,72,67,87
8354,Alice Brown,Mechanical,19,79,72,80
8355,Nina Anderson,Mechanical,18,74,91,79
8356,Alice Johnson,Information Technology,20,67,85,63
8357,David Brown,Civil,22,53,91,60
8358,Frank Taylor,Electronics,19,70,77,74
8359,Paula Davis,Mechanical,23,51,97,88
8360,Rachel Martinez,Data Science,23,92,84,57
8361,Tina Smith,Computer Science,25,88,80,67
8362,Oscar Williams,Data Science,23,50,68,96
8363,Paula Taylor,Civil,18,97,72,78
8364,Laura Taylor,Computer Science,20,80,85,93
8365,Helen Davis,Civil,24,67,87,92
8366,Frank Davis,Computer Science,18,76,97,83
8367,Eva Brown,Mechanical,25,72,70,90
8368,Laura Martinez,Mechanical,24,95,71,85
8369,Helen Smith,Electronics,21,68,68,57
8370,Steve Brown,Civil,24,87,88,92
8371,Charlie Anderson,Information Technology,24,88,86,77
8372,Kevin Miller,Civil,22,57,94,68
8373,David Anderson,Mechanical,24,76,63,79
8374,Kevin Taylor,Civil,25,79,85,60
8375,Grace Taylor,Data Science,20,86,72,75
8376,Frank Anderson,Civil,19,85,67,98
8377,Tina Garcia,Civil,23,54,68,55
8378,Alice Brown,Civil,23,81,62,59
8379,Laura Davis,Information Technology,23,84,92,85
8380,Alice Williams,Electronics,21,55,75,71
8381,Frank Smith,Computer Science,25,57,89,90
8382,David Taylor,Information Technology,18,66,100,75
8383,Charlie Anderson,Civil,22,73,100,71
8384,Ivan Brown,Mechanical,23,66,85,59
8385,Charlie Davis,Civil,21,59,93,66
8386,Alice Brown,Civil,18,51,92,56
8387,Laura Garcia,Civil,23,94,99,57
8388,Paula Johnson,Data Science,20,74,60,64
8389,Bob Johnson,Civil,20,94,69,60
8390,Julia Miller,Information Technology,21,90,78,89
8391,Eva Taylor,Civil,21,68,76,75
8392,Paula Martinez,Computer Science,20,87,83,70
8393,Julia Miller,Mechanical,24,66,69,71
8394,Laura Anderson,Data Science,18,64,100,67
8395,Frank Williams,Civil,25,83,65,73
8396,Julia Taylor,Mechanical,20,69,94,70
8397,Quentin Taylor,Data Science,20,98,60,58
8398,Eva Martinez,Mechanical,21,52,96,65
8399,Oscar Smith,Electronics,18,100,87,67
8400,Paula Williams,Civil,24,51,95,78
8401,Michael Smith,Civil,22,97,95,69
8402,Alice Smith,Data Science,21,93,95,72
8403,Eva Smith,Electronics,20,79,63,85
8404,Nina Garcia,Data Science,19,80,77,56
8405,Julia Smith,Civil,21,92,72,53
8406,Julia Anderson,Civil,20,62,64,74
8407,Steve Davis,Data Science,21,95,96,56
8408,Tina Miller,Civil,23,81,90,68
8409,Charlie Taylor,Electronics,25,53,95,82
8410,Helen Davis,Mechanical,18,85,82,53
8411,Nina Johnson,Civil,23,66,94,80
8412,Kevin Taylor,Civil,18,53,60,90
8413,Steve Smith,Data Science,20,65,81,58
8414,Tina Taylor,Computer Science,24,89,79,66
8415,Michael Miller,Information Technology,25,99,67,95
8416,Helen Williams,Computer Science,23,65,79,96
8417,Laura Brown,Electronics,21,55,99,66
8418,Helen Johnson,Electronics,20,61,94,67
8419,Paula Johnson,Electronics,22,100,100,78
8420,Quentin Smith,Electronics,25,59,82,92
8421,Julia Johnson,Data Science,24,79,72,99
8422,Michael Davis,Data Science,23,74,94,94
8423,Helen Miller,Computer Science,20,58,83,65
8424,Quentin Garcia,Electronics,23,78,81,83
8425,Paula Smith,Electronics,21,58,67,97
8426,Kevin Anderson,Mechanical,23,72,62,58
8427,Laura Davis,Electronics,24,63,87,68
8428,Grace Williams,Electronics,25,73,75,87
8429,Paula Davis,Electronics,23,53,88,55
8430,Nina Brown,Mechanical,22,79,80,66
8431,Steve Davis,Civil,22,87,98,76
8432,Laura Williams,Mechanical,25,98,91,98
8433,Ivan Brown,Data Science,25,73,71,72
8434,David Taylor,Data Science,22,77,79,96
8435,Ivan Taylor,Data Science,25,85,61,93
8436,Michael Taylor,Civil,22,90,94,91
8437,Alice Taylor,Information Technology,19,91,75,82
8438,Frank Johnson,Computer Science,19,70,99,76
8439,Laura Anderson,Mechanical,23,77,79,62
8440,Oscar Taylor,Electronics,23,88,92,88
8441,Julia Brown,Mechanical,20,94,87,50
8442,Oscar Smith,Information Technology,21,50,71,74
8443,Michael Anderson,Computer Science,20,68,71,82
8444,Tina Davis,Mechanical,22,94,76,63
8445,Oscar Johnson,Data Science,23,61,69,57
8446,Ivan Taylor,Information Technology,20,52,66,54
8447,Bob Anderson,Data Science,20,72,69,69
8448,Frank Brown,Civil,19,86,68,72
8449,Laura Johnson,Data Science,24,74,86,93
8450,Laura Smith,Computer Science,19,80,68,58
8451,David Smith,Data Science,19,50,82,98
8452,Kevin Anderson,Civil,22,60,83,64
8453,Michael Anderson,Civil,19,68,93,90
8454,Kevin Davis,Computer Science,24,85,62,98
8455,Tina Miller,Computer Science,25,73,65,72
8456,Laura Miller,Mechanical,23,95,96,59
8457,Kevin Smith,Civil,23,72,91,93
8458,Tina Davis,Mechanical,21,56,67,62
8459,Ivan Taylor,Civil,22,88,91,75
8460,Charlie Taylor,Computer Science,25,76,69,55
8461,Oscar Williams,Civil,21,66,89,97
8462,Quentin Smith,Mechanical,18,64,86,81
8463,Kevin Miller,Mechanical,21,66,96,54
8464,Alice Smith,Civil,23,90,75,89
8465,Alice Garcia,Information Technology,22,55,98,69
8466,Tina Johnson,Data Science,25,82,62,98
8467,Alice Davis,Information Technology,19,61,80,84
8468,Michael Smith,Information Technology,23,65,83,79
8469,David Johnson,Information Technology,23,74,62,57
8470,Alice Taylor,Civil,23,97,75,72
8471,Quentin Davis,Mechanical,25,99,93,65
8472,Tina Williams,Computer Science,22,60,99,56
8473,Ivan Johnson,Information Technology,21,84,75,92
8474,Quentin Garcia,Information Technology,20,53,78,64
8475,Charlie Davis,Mechanical,20,99,60,78
8476,Rachel Brown,Civil,20,91,73,59
8477,Quentin Garcia,Data Science,23,88,89,96
8478,Eva Anderson,Computer Science,20,82,95,86
8479,Kevin Garcia,Information Technology,20,85,82,90
8480,Alice Anderson,Civil,25,96,67,69
8481,Frank Johnson,Civil,22,66,83,79
8482,Eva Anderson,Electronics,19,83,66,50
8483,Bob Anderson,Computer Science,19,88,66,63
8484,Helen Martinez,Data Science,24,55,100,97
8485,Quentin Smith,Civil,22,58,100,93
8486,Helen Miller,Electronics,25,52,100,96
8487,Quentin Taylor,Information Technology,21,74,67,80
8488,Steve Garcia,Electronics,21,71,79,84
8489,Bob Williams,Computer Science,20,75,65,88
8490,Nina Martinez,Computer Science,25,73,100,65
8491,Alice Martinez,Civil,22,65,79,76
8492,Tina Davis,Information Technology,20,96,93,92
8493,Quentin Brown,Mechanical,20,98,83,58
8494,Michael Williams,Electronics,23,70,95,67
8495,Kevin Smith,Data Science,19,99,75,93
8496,David Taylor,Mechanical,20,66,82,63
8497,Alice Brown,Data Science,19,76,77,51
8498,Quentin Davis,Information Technology,25,58,78,88
8499,Grace Martinez,Civil,22,80,61,74
8500,Helen Johnson,Mechanical,21,53,71,71
8501,Oscar Miller,Information Technology,24,62,72,60
8502,Tina Williams,Data Science,22,65,85,78
8503,David Miller,Electronics,23,68,100,99
8504,Rachel Davis,Computer Science,20,62,83,76
8505,Paula Martinez,Electronics,19,63,62,56
8506,Grace Miller,Mechanical,22,65,92,65
8507,Charlie Garcia,Data Science,18,78,96,94
8508,Paula Anderson,Electronics,20,73,91,79
8509,Nina Anderson,Computer Science,23,97,82,62
8510,Laura Taylor,Mechanical,24,95,85,84
8511,Bob Martinez,Information Technology,19,72,100,53
8512,Oscar Garcia,Electronics,22,97,89,73
8513,Rachel Taylor,Electronics,19,84,82,81
8514,Michael Smith,Mechanical,23,64,63,94
8515,Rachel Davis,Mechanical,20,55,77,92
8516,Nina Anderson,Information Technology,21,65,75,88
8517,Rachel Garcia,Mechanical,19,84,86,55
8518,Paula Miller,Mechanical,20,82,61,91
8519,Oscar Davis,Computer Science,20,63,96,66
8520,Tina Miller,Mechanical,18,51,78,51
8521,Alice Williams,Information Technology,20,60,83,72
8522,Grace Martinez,Civil,24,57,80,65
8523,Steve Garcia,Mechanical,20,97,92,70
8524,Paula Anderson,Information Technology,22,64,80,79
8525,Charlie Brown,Computer Science,18,78,92,85
8526,Oscar Johnson,Computer Science,23,85,87,62
8527,Paula Williams,Data Science,22,76,68,76
8528,Quentin Brown,Civil,20,73,65,100
8529,David Miller,Mechanical,23,88,71,98
8530,Eva Anderson,Computer Science,19,50,89,100
8531,Paula Miller,Information Technology,24,88,87,54
8532,Rachel Anderson,Data Science,22,88,73,68
8533,Laura Davis,Computer Science,23,62,60,84
8534,Alice Martinez,Mechanical,25,56,93,63
8535,Grace Smith,Data Science,23,71,84,61
8536,David Anderson,Mechanical,24,83,67,58
8537,Rachel Anderson,Computer Science,24,81,97,70
8538,Grace Brown,Data Science,18,75,82,87
8539,Quentin Williams,Electronics,25,53,96,66
8540,Oscar Taylor,Computer Science,25,64,96,72
8541,Tina Williams,Civil,22,96,98,53
8542,Julia Taylor,Data Science,24,77,60,59
8543,Laura Taylor,Data Science,20,51,62,68
8544,Laura Martinez,Electronics,18,51,92,78
8545,Steve Brown,Data Science,24,70,76,62
8546,Ivan Davis,Information Technology,23,52,67,64
8547,Paula Davis,Computer Science,25,62,95,82
8548,Rachel Williams,Information Technology,25,87,66,50
8549,David Garcia,Electronics,20,97,66,62
8550,Charlie Garcia,Mechanical,19,72,91,99
8551,Julia Martinez,Civil,24,56,60,53
8552,Paula Williams,Mechanical,23,58,78,99
8553,Eva Johnson,Electronics,19,98,74,54
8554,Oscar Garcia,Data Science,21,75,76,56
8555,Quentin Anderson,Mechanical,23,51,70,77
8556,Kevin Martinez,Electronics,18,71,69,87
8557,Frank Miller,Civil,23,64,64,100
8558,Quentin Garcia,Computer Science,23,68,90,80
8559,Helen Johnson,Civil,20,78,97,83
8560,Rachel Anderson,Information Technology,18,81,90,94
8561,Charlie Davis,Data Science,22,50,60,62
8562,Bob Davis,Computer Science,18,84,97,92
8563,Nina Taylor,Mechanical,24,81,78,80
8564,Julia Davis,Information Technology,21,88,95,51
8565,Nina Williams,Computer Science,23,80,90,70
8566,Charlie Williams,Mechanical,18,84,99,82
8567,Grace Williams,Information Technology,24,63,76,56
8568,Charlie Taylor,Computer Science,23,76,72,57
8569,Bob Johnson,Computer Science,21,66,60,87
8570,Paula Garcia,Electronics,19,90,89,76
8571,Steve Smith,Computer Science,22,75,83,60
8572,Oscar Smith,Civil,22,84,86,55
8573,Nina Martinez,Electronics,22,58,61,61
8574,Michael Brown,Mechanical,23,95,64,89
8575,Eva Martinez,Electronics,21,62,93,89
8576,Rachel Smith,Information Technology,20,86,91,66
8577,David Martinez,Data Science,24,58,99,75
8578,Alice Davis,Electronics,25,87,61,70
8579,David Taylor,Mechanical,25,62,82,91
8580,Julia Anderson,Civil,23,67,98,53
8581,Bob Smith,Information Technology,24,84,82,81
8582,Tina Taylor,Computer Science,25,57,88,60
8583,David Taylor,Electronics,19,64,88,72
8584,Eva Miller,Mechanical,25,72,73,71
8585,Rachel Garcia,Information Technology,23,95,67,77
8586,Oscar Martinez,Mechanical,21,60,73,95
8587,Frank Smith,Electronics,20,52,60,56
8588,Nina Brown,Mechanical,22,82,96,65
8589,Eva Anderson,Mechanical,23,80,70,52
8590,Grace Taylor,Mechanical,19,75,80,95
8591,Charlie Johnson,Civil,21,77,84,75
8592,Frank Brown,Information Technology,18,88,90,97
8593,Bob Anderson,Civil,19,70,69,80
8594,Grace Taylor,Mechanical,23,76,71,99
8595,Eva Taylor,Information Technology,21,50,85,82
8596,Nina Davis,Computer Science,22,78,77,63
8597,Eva Taylor,Electronics,25,70,76,90
8598,Steve Davis,Data Science,18,51,68,74
8599,Kevin Johnson,Mechanical,24,90,69,80
8600,Laura Johnson,Information Technology,20,64,91,92
8601,Frank Anderson,Data Science,20,63,61,90
8602,Oscar Johnson,Civil,18,59,70,74
8603,David Miller,Computer Science,20,74,62,68
8604,Quentin Johnson,Data Science,23,89,79,79
8605,Frank Taylor,Electronics,22,88,87,53
8606,Nina Anderson,Computer Science,19,93,63,90
8607,Kevin Williams,Information Technology,24,56,96,75
8608,Julia Johnson,Civil,18,57,76,75
8609,Bob Brown,Data Science,19,89,82,67
8610,Quentin Garcia,Computer Science,21,74,69,98
8611,David Johnson,Mechanical,18,74,78,61
8612,Bob Martinez,Mechanical,21,72,93,75
8613,Laura Garcia,Electronics,19,63,62,54
8614,Michael Miller,Mechanical,22,72,99,82
8615,Eva Williams,Mechanical,21,90,86,58
8616,Ivan Anderson,Computer Science,25,64,67,65
8617,Ivan Smith,Data Science,18,68,93,77
8618,Laura Martinez,Computer Science,23,63,68,78
8619,Julia Johnson,Data Science,20,87,88,97
8620,Julia Johnson,Data Science,22,52,100,77
8621,Frank Davis,Data Science,20,87,86,87
8622,Charlie Anderson,Data Science,25,96,83,100
8623,Alice Miller,Civil,23,65,91,87
8624,Laura Brown,Mechanical,20,52,94,55
8625,Alice Brown,Mechanical,19,54,61,100
8626,Rachel Johnson,Computer Science,25,58,99,56
8627,Tina Taylor,Data Science,24,52,79,59
8628,Steve Smith,Information Technology,18,69,92,51
8629,Laura Martinez,Data Science,22,67,75,79
8630,Laura Taylor,Computer Science,19,62,78,61
8631,Steve Taylor,Computer Science,21,74,93,79
8632,Eva Miller,Information Technology,20,82,100,79
8633,Steve Johnson,Information Technology,23,93,73,79
8634,Paula Smith,Information Technology,25,75,91,67
8635,Quentin Davis,Electronics,19,62,71,88
8636,David Johnson,Electronics,19,64,69,73
8637,Laura Williams,Information Technology,21,52,72,86
8638,Frank Johnson,Information Technology,21,63,82,71
8639,Tina Martinez,Mechanical,25,62,95,94
8640,Kevin Anderson,Data Science,19,57,98,69
8641,Charlie Brown,Information Technology,25,72,100,70
8642,Helen Williams,Mechanical,18,60,87,82
8643,Tina Garcia,Mechanical,24,89,86,94
8644,David Martinez,Data Science,25,85,89,67
8645,Tina Smith,Information Technology,20,94,83,68
8646,Kevin Garcia,Mechanical,18,60,70,90
8647,Kevin Taylor,Computer Science,21,57,65,62
8648,Paula Garcia,Civil,24,95,93,64
8649,Nina Anderson,Civil,19,96,66,52
8650,Frank Johnson,Computer Science,19,68,69,87
8651,Steve Taylor,Data Science,22,74,77,99
8652,Paula Miller,Electronics,18,75,94,66
8653,David Smith,Information Technology,18,62,86,51
8654,Eva Garcia,Computer Science,25,87,88,59
8655,Ivan Taylor,Civil,21,53,69,81
8656,Julia Anderson,Mechanical,18,89,94,75
8657,Quentin Miller,Computer Science,24,68,83,88
8658,Tina Garcia,Electronics,23,50,96,90
8659,Steve Williams,Data Science,22,52,92,85
8660,Kevin Martinez,Data Science,18,65,82,56
8661,Quentin Johnson,Information Technology,19,93,98,95
8662,Ivan Martinez,Mechanical,18,85,92,73
8663,Charlie Williams,Computer Science,24,62,79,68
8664,Rachel Taylor,Information Technology,21,86,68,58
8665,Nina Johnson,Civil,20,65,95,74
8666,Charlie Brown,Electronics,20,72,65,71
8667,Julia Davis,Computer Science,25,90,61,100
8668,Nina Johnson,Mechanical,25,55,81,54
8669,Nina Smith,Computer Science,19,53,83,80
8670,Helen Davis,Data Science,24,61,65,84
8671,Ivan Taylor,Data Science,23,56,78,85
8672,Rachel Miller,Electronics,21,62,72,99
8673,Julia Miller,Mechanical,23,79,75,99
8674,Charlie Smith,Data Science,18,100,79,74
8675,Frank Brown,Electronics,22,65,77,61
8676,Julia Anderson,Information Technology,19,74,61,92
8677,Helen Anderson,Electronics,22,87,76,57
8678,Charlie Anderson,Data Science,22,95,74,72
8679,Frank Taylor,Mechanical,21,97,74,86
8680,Oscar Williams,Electronics,19,52,73,64
8681,Michael Davis,Electronics,22,65,81,58
8682,Julia Brown,Information Technology,19,68,64,94
8683,Nina Williams,Computer Science,23,78,76,68
8684,Frank Anderson,Electronics,23,74,92,95
8685,Helen Taylor,Civil,24,66,84,80
8686,Eva Garcia,Electronics,18,75,63,58
8687,Bob Davis,Mechanical,24,76,63,74
8688,Rachel Anderson,Electronics,21,79,71,68
8689,David Johnson,Electronics,21,62,82,89
8690,Julia Garcia,Mechanical,20,83,73,78
8691,Grace Johnson,Mechanical,23,71,90,59
8692,Paula Williams,Civil,23,83,90,61
8693,Tina Taylor,Mechanical,22,100,93,89
8694,Bob Miller,Civil,23,56,83,89
8695,Michael Anderson,Information Technology,25,87,67,69
8696,Julia Garcia,Computer Science,23,57,84,63
8697,Grace Miller,Electronics,20,66,93,85
8698,Grace Martinez,Computer Science,21,90,96,86
8699,Alice Garcia,Data Science,23,60,84,61
8700,Bob Williams,Mechanical,20,100,94,60
8701,Bob Miller,Information Technology,23,78,83,82
8702,Paula Miller,Civil,24,85,94,57
8703,Tina Martinez,Electronics,21,96,84,84
8704,Eva Davis,Information Technology,18,75,71,67
8705,Charlie Brown,Mechanical,19,88,97,71
8706,Ivan Anderson,Information Technology,25,93,93,59
8707,Tina Smith,Civil,24,70,79,56
8708,Michael Martinez,Information Technology,24,58,83,95
8709,Charlie Smith,Computer Science,20,97,90,89
8710,Quentin Garcia,Electronics,25,74,61,56
8711,Paula Anderson,Data Science,24,81,77,58
8712,Nina Anderson,Information Technology,19,89,90,90
8713,Laura Garcia,Electronics,20,71,91,64
8714,Rachel Davis,Civil,18,87,66,87
8715,Oscar Miller,Data Science,18,88,70,82
8716,Bob Taylor,Information Technology,18,60,70,66
8717,Nina Garcia,Data Science,20,83,66,61
8718,Steve Davis,Electronics,23,85,91,55
8719,Nina Martinez,Civil,25,81,71,73
8720,Laura Anderson,Civil,23,68,89,52
8721,Michael Williams,Mechanical,19,98,65,78
8722,Charlie Davis,Computer Science,18,77,88,61
8723,Kevin Smith,Civil,18,81,74,73
8724,Alice Johnson,Mechanical,22,89,62,92
8725,Helen Johnson,Data Science,24,62,99,95
8726,Julia Martinez,Data Science,23,70,84,82
8727,Frank Miller,Mechanical,19,68,79,53
8728,Oscar Brown,Data Science,23,77,89,77
8729,Grace Miller,Mechanical,22,61,75,68
8730,Frank Taylor,Computer Science,25,74,78,85
8731,Quentin Martinez,Mechanical,25,57,71,75
8732,Ivan Williams,Data Science,18,65,65,96
8733,David Taylor,Computer Science,21,81,86,58
8734,Alice Davis,Information Technology,24,75,90,90
8735,Michael Johnson,Mechanical,24,84,67,98
8736,Paula Brown,Information Technology,20,51,71,80
8737,Michael Smith,Civil,20,97,60,61
8738,Kevin Smith,Mechanical,23,93,68,91
8739,Helen Garcia,Civil,21,63,88,89
8740,Helen Brown,Mechanical,23,74,62,97
8741,David Davis,Computer Science,22,63,61,66
8742,Julia Johnson,Information Technology,25,77,88,90
8743,Oscar Miller,Information Technology,23,62,83,75
8744,Alice Anderson,Civil,22,69,78,73
8745,Laura Smith,Civil,21,65,65,89
8746,David Johnson,Mechanical,22,51,71,59
8747,Nina Martinez,Electronics,20,66,99,57
8748,Quentin Brown,Mechanical,19,88,82,80
8749,Oscar Brown,Computer Science,19,92,81,55
8750,Grace Smith,Mechanical,21,55,83,73
8751,Kevin Brown,Data Science,18,65,85,50
8752,Oscar Johnson,Electronics,23,61,95,79
8753,Frank Martinez,Information Technology,20,50,94,89
8754,Alice Garcia,Data Science,20,72,93,83
8755,Helen Davis,Information Technology,18,69,95,57
8756,Nina Johnson,Data Science,21,76,81,70
8757,Paula Johnson,Electronics,18,96,79,50
8758,Rachel Davis,Electronics,25,54,91,69
8759,Frank Brown,Mechanical,25,89,61,99
8760,Ivan Johnson,Data Science,20,71,90,62
8761,Kevin Brown,Electronics,23,50,65,67
8762,David Williams,Information Technology,19,77,82,67
8763,Alice Johnson,Data Science,24,100,95,80
8764,Steve Williams,Computer Science,23,53,69,53
8765,Quentin Martinez,Mechanical,21,94,61,100
8766,Nina Anderson,Civil,24,67,77,76
8767,Tina Miller,Mechanical,24,98,93,80
8768,Charlie Johnson,Civil,22,72,77,82
8769,Nina Johnson,Civil,19,78,89,66
8770,Steve Williams,Computer Science,18,87,74,81
8771,Charlie Anderson,Civil,21,98,85,86
8772,David Williams,Data Science,20,87,87,58
8773,Eva Anderson,Data Science,18,54,77,100
8774,Eva Johnson,Data Science,25,52,65,72
8775,Quentin Taylor,Civil,25,84,61,75
8776,Paula Williams,Data Science,19,52,100,50
8777,Helen Johnson,Electronics,25,77,71,76
8778,Ivan Miller,Computer Science,19,53,60,88
8779,Kevin Garcia,Electronics,18,97,69,66
8780,Ivan Davis,Information Technology,20,76,78,83
8781,Paula Martinez,Mechanical,21,52,76,85
8782,Julia Taylor,Information Technology,21,74,70,67
8783,Tina Taylor,Mechanical,21,100,61,82
8784,Bob Miller,Information Technology,23,99,92,79
8785,Frank Garcia,Electronics,23,86,85,70
8786,Julia Johnson,Mechanical,23,77,96,61
8787,Michael Johnson,Civil,20,80,76,81
8788,Ivan Smith,Information Technology,19,71,76,84
8789,Oscar Anderson,Information Technology,22,60,72,54
8790,Bob Brown,Electronics,22,54,78,79
8791,Helen Miller,Mechanical,18,85,96,59
8792,Paula Garcia,Civil,22,74,79,63
8793,Rachel Garcia,Information Technology,23,64,63,76
8794,Paula Garcia,Data Science,18,51,61,51
8795,Helen Garcia,Electronics,21,57,93,52
8796,Kevin Taylor,Information Technology,21,70,80,71
8797,Michael Brown,Information Technology,21,66,83,96
8798,Rachel Miller,Information Technology,23,51,82,100
8799,Michael Miller,Civil,21,54,61,60
8800,Steve Taylor,Information Technology,21,71,95,82
8801,Nina Martinez,Electronics,18,61,67,98
8802,Laura Miller,Computer Science,21,62,82,72
8803,Oscar Williams,Civil,22,91,78,67
8804,Paula Johnson,Mechanical,19,71,72,74
8805,Eva Miller,Data Science,22,97,93,97
8806,Kevin Brown,Civil,25,77,84,93
8807,Laura Brown,Civil,18,81,91,82
8808,Kevin Miller,Electronics,19,69,76,62
8809,Tina Davis,Electronics,24,97,86,91
8810,Ivan Garcia,Computer Science,25,57,74,74
8811,Michael Martinez,Information Technology,21,77,60,51
8812,David Taylor,Computer Science,21,55,61,95
8813,Ivan Johnson,Data Science,21,91,88,91
8814,Nina Miller,Mechanical,21,73,69,88
8815,Laura Anderson,Computer Science,19,78,68,63
8816,Ivan Miller,Mechanical,19,53,77,79
8817,Ivan Smith,Information Technology,25,72,73,62
8818,Ivan Martinez,Electronics,19,86,98,55
8819,Julia Martinez,Computer Science,19,54,81,60
8820,Quentin Taylor,Mechanical,23,53,74,56
8821,Quentin Miller,Computer Science,22,94,79,87
8822,Paula Miller,Data Science,24,67,79,55
8823,Frank Johnson,Computer Science,24,97,99,84
8824,Helen Davis,Computer Science,20,51,76,64
8825,Ivan Williams,Civil,23,50,87,94
8826,Julia Smith,Information Technology,25,62,81,87
8827,Julia Smith,Computer Science,20,54,75,58
8828,David Williams,Mechanical,21,72,96,54
8829,Nina Martinez,Information Technology,23,81,89,55
8830,Quentin Johnson,Civil,25,83,88,82
8831,Alice Davis,Computer Science,25,76,70,98
8832,Steve Anderson,Civil,24,63,61,80
8833,Kevin Garcia,Data Science,22,100,71,66
8834,Quentin Anderson,Computer Science,21,51,81,60
8835,Michael Davis,Data Science,20,60,74,84
8836,Bob Martinez,Data Science,25,56,95,94
8837,Tina Garcia,Civil,21,79,100,93
8838,Ivan Taylor,Data Science,19,56,74,85
8839,Grace Miller,Civil,20,53,62,55
8840,Charlie Davis,Civil,25,77,79,92
8841,Quentin Davis,Data Science,21,52,72,50
8842,Frank Davis,Mechanical,25,73,87,89
8843,Grace Williams,Civil,25,86,81,74
8844,Bob Miller,Information Technology,22,52,71,90
8845,Grace Smith,Mechanical,21,59,78,95
8846,Tina Martinez,Information Technology,24,53,73,53
8847,Rachel Smith,Information Technology,20,55,95,92
8848,Ivan Brown,Civil,24,87,66,50
8849,Oscar Smith,Mechanical,25,69,65,93
8850,Alice Davis,Data Science,18,88,64,77
8851,Helen Miller,Mechanical,23,53,83,93
8852,Quentin Anderson,Data Science,25,52,69,95
8853,Tina Johnson,Information Technology,21,91,82,75
8854,Grace Williams,Civil,23,100,97,84
8855,Frank Johnson,Data Science,22,66,84,83
8856,Paula Anderson,Civil,20,73,91,92
8857,Bob Martinez,Electronics,18,88,85,76
8858,Eva Smith,Data Science,25,77,93,68
8859,Kevin Davis,Mechanical,22,99,90,64
8860,Bob Anderson,Civil,21,50,61,92
8861,Quentin Garcia,Electronics,23,78,81,80
8862,Eva Miller,Electronics,24,90,60,50
8863,Laura Smith,Data Science,19,94,61,81
8864,Julia Garcia,Computer Science,21,78,94,68
8865,Quentin Johnson,Information Technology,22,99,89,64
8866,Alice Smith,Information Technology,23,74,92,70
8867,Julia Martinez,Data Science,24,86,68,74
8868,Julia Johnson,Electronics,22,61,63,90
8869,Alice Brown,Civil,21,59,64,69
8870,Rachel Williams,Electronics,25,96,66,99
8871,Ivan Anderson,Civil,21,68,94,99
8872,Grace Williams,Data Science,19,99,89,54
8873,Bob Taylor,Computer Science,18,66,63,77
8874,Paula Johnson,Data Science,23,60,77,75
8875,Kevin Miller,Data Science,23,92,88,86
8876,David Davis,Electronics,22,55,96,54
8877,Rachel Williams,Electronics,24,75,89,72
8878,Laura Smith,Information Technology,23,82,84,78
8879,Nina Martinez,Computer Science,24,92,64,81
8880,Eva Garcia,Civil,18,88,65,62
8881,Nina Miller,Electronics,21,92,63,89
8882,Tina Davis,Data Science,21,53,62,66
8883,Laura Johnson,Civil,22,54,94,67
8884,Rachel Brown,Civil,23,71,72,85
8885,Grace Miller,Computer Science,23,76,89,59
8886,Paula Williams,Data Science,18,94,81,83
8887,Charlie Johnson,Data Science,22,52,76,95
8888,Paula Williams,Data Science,18,63,71,93
8889,Michael Smith,Computer Science,25,73,69,50
8890,Eva Johnson,Mechanical,21,98,74,76
8891,Laura Martinez,Civil,18,95,77,100
8892,Helen Martinez,Civil,24,56,97,93
8893,Kevin Johnson,Electronics,19,100,69,81
8894,Ivan Johnson,Civil,20,64,76,88
8895,Kevin Smith,Data Science,18,75,66,74
8896,Bob Smith,Information Technology,21,83,84,50
8897,Grace Garcia,Information Technology,23,87,100,91
8898,Julia Taylor,Data Science,23,69,63,75
8899,Oscar Martinez,Information Technology,22,82,92,99
8900,Oscar Anderson,Civil,25,90,64,57
8901,Michael Johnson,Information Technology,25,57,75,96
8902,Charlie Martinez,Computer Science,23,100,69,74
8903,Ivan Brown,Civil,18,89,85,81
8904,Ivan Johnson,Mechanical,21,70,82,63
8905,Bob Davis,Information Technology,23,85,62,90
8906,Kevin Williams,Mechanical,23,75,97,92
8907,Helen Brown,Data Science,20,84,79,67
8908,Oscar Miller,Computer Science,18,50,99,54
8909,Bob Brown,Electronics,21,51,85,88
8910,Steve Taylor,Mechanical,19,60,77,94
8911,Frank Taylor,Information Technology,25,53,91,76
8912,Kevin Brown,Data Science,21,86,67,96
8913,Alice Smith,Data Science,23,82,67,74
8914,Kevin Williams,Mechanical,24,96,89,57
8915,Steve Taylor,Civil,22,81,79,94
8916,David Garcia,Data Science,20,59,77,60
8917,Eva Martinez,Information Technology,23,57,98,99
8918,Tina Martinez,Electronics,19,52,92,63
8919,Grace Taylor,Civil,20,77,92,75
8920,Kevin Anderson,Civil,19,79,88,92
8921,Steve Johnson,Computer Science,20,91,78,95
8922,Nina Williams,Information Technology,20,83,68,71
8923,Helen Garcia,Data Science,25,90,69,53
8924,Oscar Taylor,Data Science,23,80,82,65
8925,Paula Williams,Electronics,19,56,82,65
8926,Quentin Brown,Computer Science,20,62,73,91
8927,Grace Garcia,Electronics,25,57,85,89
8928,Quentin Brown,Data Science,23,84,95,52
8929,Julia Brown,Electronics,19,68,81,82
8930,Helen Miller,Mechanical,21,71,81,63
8931,Grace Brown,Electronics,21,95,93,50
8932,Paula Miller,Mechanical,19,75,75,53
8933,Eva Miller,Civil,20,62,100,50
8934,Frank Williams,Civil,25,89,73,65
8935,Steve Garcia,Data Science,19,95,88,94
8936,Alice Smith,Information Technology,19,90,93,83
8937,Alice Smith,Mechanical,23,68,64,100
8938,Paula Martinez,Civil,19,57,66,88
8939,Steve Taylor,Data Science,25,77,100,96
8940,Nina Davis,Electronics,19,60,74,88
8941,Julia Davis,Information Technology,24,56,90,88
8942,Rachel Taylor,Electronics,19,96,83,95
8943,Paula Brown,Computer Science,23,50,92,95
8944,Oscar Miller,Computer Science,23,82,70,57
8945,Kevin Johnson,Computer Science,18,99,65,65
8946,Charlie Garcia,Data Science,24,97,93,90
8947,Kevin Taylor,Computer Science,22,55,70,67
8948,Quentin Miller,Electronics,21,80,87,71
8949,Eva Davis,Electronics,18,79,85,97
8950,Kevin Garcia,Electronics,22,87,60,83
8951,Michael Taylor,Data Science,23,87,99,63
8952,Eva Martinez,Electronics,21,90,94,75
8953,Alice Smith,Mechanical,19,70,100,72
8954,Laura Anderson,Mechanical,22,90,66,67
8955,Rachel Brown,Computer Science,21,88,87,79
8956,Oscar Johnson,Information Technology,25,65,78,52
8957,Nina Miller,Electronics,20,74,63,58
8958,Tina Johnson,Mechanical,24,99,89,93
8959,Paula Davis,Mechanical,24,60,61,59
8960,Julia Garcia,Electronics,21,86,62,66
8961,Helen Brown,Civil,19,69,62,91
8962,Julia Garcia,Information Technology,19,76,70,74
8963,Ivan Miller,Electronics,19,86,99,68
8964,Eva Davis,Computer Science,18,65,92,93
8965,Julia Johnson,Computer Science,25,65,79,71
8966,Rachel Miller,Computer Science,21,60,82,62
8967,Kevin Smith,Civil,21,74,89,98
8968,Kevin Brown,Computer Science,24,95,92,81
8969,Paula Martinez,Data Science,21,57,92,93
8970,Helen Anderson,Information Technology,25,80,85,100
8971,Eva Garcia,Computer Science,20,70,85,98
8972,Oscar Garcia,Civil,24,87,80,91
8973,Charlie Smith,Electronics,20,87,64,99
8974,Nina Johnson,Computer Science,24,69,95,56
8975,Tina Martinez,Information Technology,20,89,70,54
8976,Oscar Miller,Mechanical,18,65,95,63
8977,Bob Smith,Data Science,24,72,92,60
8978,Kevin Martinez,Information Technology,24,86,62,96
8979,Julia Taylor,Information Technology,25,51,80,62
8980,Quentin Garcia,Civil,18,61,93,68
8981,Oscar Smith,Data Science,21,50,74,50
8982,Frank Smith,Computer Science,18,50,95,80
8983,Bob Smith,Electronics,22,60,96,76
8984,Helen Brown,Civil,18,55,73,61
8985,Frank Miller,Computer Science,24,70,67,76
8986,Ivan Miller,Civil,22,85,87,51
8987,Steve Anderson,Information Technology,22,59,77,62
8988,Charlie Smith,Electronics,22,82,77,86
8989,Helen Johnson,Computer Science,25,88,86,72
8990,Laura Davis,Electronics,18,63,75,97
8991,Nina Miller,Computer Science,20,93,66,76
8992,Bob Smith,Information Technology,21,69,89,61
8993,Bob Brown,Electronics,25,90,67,55
8994,Bob Garcia,Computer Science,24,60,93,50
8995,Laura Martinez,Mechanical,21,75,97,58
8996,Kevin Williams,Data Science,19,53,75,63
8997,Frank Garcia,Civil,21,57,87,89
8998,Tina Anderson,Information Technology,20,98,78,79
8999,Nina Davis,Computer Science,18,68,82,69
9000,Paula Smith,Information Technology,21,85,76,51
9001,Paula Taylor,Electronics,22,84,70,62
9002,Rachel Garcia,Civil,19,63,96,78
9003,Charlie Williams,Data Science,19,80,61,63
9004,David Brown,Computer Science,22,75,68,70
9005,Eva Smith,Data Science,21,66,81,87
9006,Helen Smith,Data Science,25,69,80,71
9007,Laura Miller,Civil,21,93,66,66
9008,Alice Smith,Electronics,19,72,100,59
9009,David Anderson,Data Science,19,50,96,98
9010,Oscar Williams,Civil,19,75,95,61
9011,Julia Johnson,Mechanical,23,83,94,83
9012,Eva Garcia,Information Technology,20,54,70,75
9013,Helen Anderson,Civil,18,77,61,60
9014,Grace Garcia,Information Technology,20,100,86,66
9015,Laura Johnson,Computer Science,23,81,74,85
9016,Kevin Smith,Mechanical,23,50,71,63
9017,Ivan Williams,Data Science,25,90,71,56
9018,Frank Brown,Computer Science,23,82,66,97
9019,Grace Smith,Mechanical,24,99,86,93
9020,Alice Williams,Mechanical,20,63,65,71
9021,Tina Taylor,Mechanical,23,78,91,91
9022,Charlie Garcia,Civil,18,54,91,99
9023,Kevin Johnson,Electronics,24,54,100,72
9024,Kevin Williams,Civil,24,98,86,74
9025,Oscar Miller,Data Science,21,72,86,77
9026,Rachel Garcia,Civil,25,97,82,77
9027,Helen Taylor,Data Science,19,90,83,54
9028,Quentin Miller,Electronics,22,66,85,55
9029,Quentin Garcia,Mechanical,20,61,94,79
9030,Bob Miller,Computer Science,18,88,61,79
9031,Grace Johnson,Data Science,18,75,74,87
9032,Alice Williams,Mechanical,24,54,85,51
9033,Julia Smith,Information Technology,19,65,82,84
9034,Paula Taylor,Civil,20,84,92,98
9035,Alice Davis,Civil,18,59,80,72
9036,Charlie Garcia,Computer Science,25,85,63,79
9037,Frank Smith,Data Science,20,53,64,93
9038,Rachel Williams,Information Technology,22,71,71,99
9039,David Garcia,Mechanical,20,64,77,86
9040,Nina Smith,Civil,18,98,83,76
9041,Kevin Johnson,Data Science,25,63,87,55
9042,Nina Brown,Information Technology,22,61,77,84
9043,Alice Williams,Data Science,18,95,88,94
9044,Kevin Taylor,Information Technology,24,98,79,63
9045,Oscar Smith,Data Science,24,69,83,72
9046,Eva Taylor,Civil,25,82,85,60
9047,Frank Williams,Mechanical,20,66,64,72
9048,Grace Smith,Information Technology,19,65,93,73
9049,Frank Davis,Mechanical,24,100,93,64
9050,Frank Williams,Information Technology,22,73,70,100
9051,Paula Brown,Computer Science,23,65,62,63
9052,Nina Smith,Electronics,25,98,100,91
9053,Ivan Davis,Information Technology,19,81,99,68
9054,Nina Williams,Computer Science,18,53,84,67
9055,Grace Brown,Information Technology,23,78,64,62
9056,Tina Martinez,Mechanical,25,98,70,96
9057,Oscar Anderson,Data Science,23,88,83,64
9058,Laura Anderson,Computer Science,18,56,85,66
9059,Laura Davis,Civil,24,70,92,71
9060,Rachel Taylor,Electronics,22,95,84,83
9061,Laura Garcia,Computer Science,23,62,94,57
9062,Michael Miller,Electronics,21,55,74,52
9063,David Smith,Computer Science,23,98,80,79
9064,Nina Martinez,Computer Science,22,55,97,95
9065,Steve Garcia,Electronics,21,94,61,61
9066,Helen Brown,Data Science,19,91,62,66
9067,Michael Miller,Mechanical,20,69,73,75
9068,Ivan Anderson,Civil,22,79,64,80
9069,David Williams,Mechanical,18,82,68,66
9070,Paula Miller,Electronics,20,95,97,53
9071,Oscar Taylor,Civil,24,89,85,70
9072,Julia Anderson,Computer Science,24,75,68,67
9073,Rachel Davis,Data Science,22,84,93,99
9074,Oscar Anderson,Civil,25,71,82,74
9075,Tina Smith,Computer Science,21,58,78,94
9076,David Brown,Information Technology,20,96,89,86
9077,David Martinez,Information Technology,25,51,64,85
9078,Eva Miller,Information Technology,22,88,73,73
9079,Frank Johnson,Computer Science,22,59,62,86
9080,Julia Davis,Civil,20,82,64,83
9081,David Davis,Mechanical,20,75,83,97
9082,Paula Anderson,Civil,22,65,76,87
9083,Bob Garcia,Data Science,18,56,67,100
9084,Helen Brown,Information Technology,21,93,94,94
9085,Ivan Anderson,Electronics,20,86,74,92
9086,Tina Garcia,Information Technology,23,75,85,98
9087,Rachel Anderson,Mechanical,22,86,74,70
9088,Kevin Johnson,Mechanical,21,82,65,74
9089,Tina Garcia,Computer Science,23,69,85,97
9090,Eva Brown,Mechanical,19,100,89,63
9091,Quentin Garcia,Electronics,18,87,73,79
9092,Nina Anderson,Mechanical,25,93,72,86
9093,Helen Taylor,Data Science,19,69,73,69
9094,Julia Davis,Information Technology,24,94,76,58
9095,Kevin Brown,Electronics,22,73,92,68
9096,Michael Johnson,Computer Science,20,66,82,76
9097,Julia Brown,Data Science,22,59,94,56
9098,Nina Williams,Computer Science,23,73,89,50
9099,Eva Smith,Mechanical,18,56,69,58
9100,Laura Williams,Mechanical,19,95,71,95
9101,Steve Johnson,Electronics,25,52,89,56
9102,Rachel Martinez,Data Science,20,89,63,76
9103,Grace Miller,Electronics,19,96,89,57
9104,David Johnson,Computer Science,20,56,79,84
9105,Ivan Williams,Mechanical,24,75,86,88
9106,Ivan Taylor,Data Science,22,73,63,74
9107,Julia Taylor,Civil,24,83,85,60
9108,Rachel Johnson,Computer Science,24,74,97,84
9109,Tina Brown,Electronics,25,99,79,84
9110,Michael Johnson,Computer Science,20,67,80,60
9111,Michael Anderson,Computer Science,23,87,63,70
9112,Grace Davis,Computer Science,20,92,80,64
9113,Laura Anderson,Data Science,22,79,78,98
9114,Ivan Williams,Civil,18,58,92,95
9115,Nina Taylor,Civil,21,54,63,96
9116,Paula Johnson,Electronics,18,92,89,59
9117,Laura Johnson,Data Science,20,73,68,60
9118,Julia Brown,Data Science,23,95,92,79
9119,Charlie Miller,Data Science,22,92,80,68
9120,Frank Williams,Computer Science,25,99,97,51
9121,Steve Davis,Information Technology,25,91,75,61
9122,Paula Martinez,Civil,20,50,85,67
9123,Eva Smith,Computer Science,21,74,96,58
9124,Charlie Taylor,Electronics,24,71,60,68
9125,Steve Miller,Civil,21,53,76,78
9126,Eva Taylor,Computer Science,21,62,85,57
9127,Kevin Miller,Data Science,24,58,89,64
9128,Alice Garcia,Data Science,18,50,82,86
9129,Tina Garcia,Mechanical,22,69,80,95
9130,Ivan Anderson,Electronics,24,80,67,56
9131,Rachel Smith,Computer Science,25,50,90,69
9132,Ivan Johnson,Civil,22,86,84,90
9133,Ivan Williams,Information Technology,21,68,66,64
9134,Frank Miller,Electronics,21,74,66,85
9135,Frank Smith,Data Science,21,92,75,89
9136,Julia Miller,Computer Science,19,60,77,52
9137,Tina Martinez,Computer Science,21,85,79,73
9138,Steve Garcia,Civil,18,88,100,92
9139,Ivan Williams,Data Science,18,59,94,82
9140,Kevin Anderson,Electronics,21,89,64,64
9141,Laura Taylor,Civil,24,85,60,53
9142,Oscar Smith,Civil,24,95,89,88
9143,Grace Miller,Computer Science,25,68,95,87
9144,Rachel Smith,Data Science,22,100,98,60
9145,Paula Garcia,Civil,18,74,83,100
9146,Oscar Garcia,Mechanical,18,91,73,85
9147,Paula Taylor,Mechanical,18,95,86,78
9148,Ivan Brown,Information Technology,21,59,64,84
9149,David Johnson,Information Technology,22,93,73,90
9150,Oscar Williams,Data Science,25,95,92,96
9151,Michael Martinez,Mechanical,22,73,94,71
9152,Michael Davis,Computer Science,24,66,60,55
9153,Steve Martinez,Electronics,24,79,71,66
9154,Eva Smith,Data Science,25,63,97,82
9155,Rachel Johnson,Computer Science,18,87,78,82
9156,Frank Smith,Data Science,20,83,79,66
9157,Bob Martinez,Data Science,18,82,78,94
9158,Alice Brown,Electronics,22,83,71,100
9159,Paula Garcia,Mechanical,25,93,92,86
9160,Nina Miller,Civil,24,74,89,96
9161,Bob Williams,Civil,20,77,87,59
9162,Alice Brown,Mechanical,21,83,61,61
9163,Helen Martinez,Computer Science,22,86,95,59
9164,Charlie Davis,Mechanical,23,73,67,73
9165,Ivan Smith,Information Technology,25,54,99,73
9166,Alice Johnson,Information Technology,20,96,61,52
9167,David Johnson,Data Science,20,81,71,56
9168,Helen Garcia,Information Technology,22,65,60,53
9169,Grace Brown,Information Technology,18,67,72,98
9170,Charlie Brown,Civil,23,54,73,87
9171,Bob Williams,Computer Science,23,80,75,87
9172,Oscar Smith,Electronics,23,74,68,58
9173,Laura Taylor,Computer Science,19,99,60,79
9174,Alice Taylor,Mechanical,22,64,88,81
9175,Bob Miller,Data Science,23,63,91,77
9176,Oscar Garcia,Information Technology,21,91,91,90
9177,Alice Martinez,Civil,20,57,73,89
9178,Eva Johnson,Data Science,18,73,72,77
9179,David Miller,Mechanical,18,89,81,66
9180,Steve Brown,Data Science,22,75,84,100
9181,Julia Martinez,Mechanical,19,71,78,60
9182,Eva Davis,Mechanical,25,70,66,85
9183,Quentin Anderson,Information Technology,19,89,89,94
9184,Kevin Miller,Computer Science,21,50,62,64
9185,Tina Taylor,Civil,23,61,71,50
9186,Julia Miller,Data Science,19,60,96,94
9187,Rachel Williams,Computer Science,18,64,62,50
9188,Eva Taylor,Civil,25,80,76,80
9189,Ivan Brown,Data Science,21,69,96,50
9190,Oscar Johnson,Mechanical,24,94,71,79
9191,Michael Johnson,Electronics,20,99,71,65
9192,Oscar Martinez,Computer Science,22,96,68,79
9193,Rachel Miller,Computer Science,18,92,71,91
9194,Eva Martinez,Civil,24,72,84,86
9195,Alice Anderson,Electronics,22,59,79,92
9196,Rachel Williams,Mechanical,24,91,61,63
9197,Ivan Miller,Electronics,23,83,94,69
9198,Steve Smith,Data Science,22,85,94,70
9199,Rachel Taylor,Computer Science,19,51,76,81
9200,Paula Garcia,Information Technology,18,76,62,75
9201,Oscar Martinez,Mechanical,23,78,70,69
9202,Steve Brown,Computer Science,25,50,87,86
9203,David Garcia,Computer Science,24,74,77,56
9204,Alice Martinez,Information Technology,25,73,77,86
9205,Steve Anderson,Information Technology,22,68,68,51
9206,Laura Anderson,Electronics,21,56,93,88
9207,David Martinez,Mechanical,25,89,62,95
9208,Grace Martinez,Mechanical,21,62,80,61
9209,Quentin Martinez,Computer Science,20,78,93,99
9210,Charlie Johnson,Data Science,25,64,93,71
9211,Quentin Taylor,Computer Science,22,87,68,51
9212,Michael Taylor,Information Technology,21,92,81,67
9213,Nina Williams,Civil,21,55,92,88
9214,Rachel Martinez,Information Technology,25,66,72,99
9215,Quentin Anderson,Data Science,23,50,100,72
9216,Nina Taylor,Civil,23,65,63,60
9217,Julia Taylor,Computer Science,18,95,87,86
9218,Charlie Martinez,Computer Science,23,67,89,79
9219,Nina Davis,Electronics,20,62,92,62
9220,Quentin Johnson,Mechanical,24,81,70,83
9221,Steve Garcia,Computer Science,24,55,77,58
9222,Helen Anderson,Electronics,22,62,74,99
9223,Helen Garcia,Data Science,19,61,81,82
9224,David Anderson,Data Science,23,75,96,78
9225,Nina Miller,Data Science,21,52,84,81
9226,Eva Smith,Information Technology,18,57,75,84
9227,Laura Taylor,Mechanical,24,78,70,56
9228,Nina Williams,Mechanical,23,100,71,86
9229,Oscar Martinez,Data Science,19,94,83,50
9230,Paula Taylor,Information Technology,19,97,91,73
9231,Alice Johnson,Electronics,25,52,91,99
9232,Michael Davis,Data Science,18,56,84,98
9233,Grace Miller,Data Science,22,50,68,77
9234,Bob Smith,Information Technology,18,72,85,88
9235,Bob Davis,Computer Science,24,51,63,73
9236,Alice Anderson,Computer Science,19,82,92,90
9237,Laura Miller,Information Technology,24,50,61,60
9238,Michael Davis,Information Technology,23,67,69,63
9239,Kevin Williams,Mechanical,20,93,80,100
9240,Laura Davis,Computer Science,20,87,83,78
9241,Paula Taylor,Data Science,25,93,99,92
9242,Charlie Miller,Mechanical,22,85,67,71
9243,Bob Smith,Data Science,24,61,75,79
9244,Nina Johnson,Information Technology,19,76,99,69
9245,Oscar Anderson,Mechanical,23,73,68,71
9246,Charlie Brown,Electronics,19,70,96,87
9247,Paula Brown,Civil,24,71,68,74
9248,Michael Williams,Computer Science,23,94,74,73
9249,Eva Williams,Information Technology,19,62,64,62
9250,Helen Garcia,Data Science,20,69,78,54
9251,Helen Smith,Information Technology,24,59,85,69
9252,Paula Taylor,Data Science,19,65,93,95
9253,Julia Brown,Mechanical,24,84,87,73
9254,Oscar Smith,Electronics,23,72,66,55
9255,Julia Smith,Mechanical,18,92,86,50
9256,David Johnson,Data Science,24,100,62,76
9257,Tina Smith,Civil,25,66,66,62
9258,Rachel Garcia,Electronics,18,69,67,72
9259,Kevin Miller,Data Science,23,67,84,78
9260,Frank Johnson,Data Science,23,88,82,82
9261,Julia Williams,Electronics,19,59,91,78
9262,Grace Johnson,Data Science,20,85,92,78
9263,Julia Johnson,Data Science,25,83,95,76
9264,David Anderson,Information Technology,24,86,83,61
9265,Rachel Taylor,Civil,20,80,63,95
9266,Helen Taylor,Mechanical,18,64,86,94
9267,Frank Brown,Information Technology,18,66,81,56
9268,Eva Brown,Civil,21,77,70,57
9269,Quentin Brown,Electronics,19,90,92,64
9270,Tina Brown,Data Science,24,59,61,51
9271,Laura Davis,Mechanical,21,97,67,50
9272,Paula Miller,Data Science,22,55,93,51
9273,Quentin Brown,Mechanical,20,89,82,71
9274,David Martinez,Information Technology,24,87,73,63
9275,Steve Johnson,Information Technology,19,55,80,57
9276,Charlie Martinez,Computer Science,24,72,69,51
9277,Oscar Davis,Civil,19,54,89,63
9278,Quentin Anderson,Data Science,18,75,71,65
9279,Michael Brown,Mechanical,20,86,95,53
9280,Bob Garcia,Information Technology,19,59,88,58
9281,Michael Brown,Data Science,25,53,99,62
9282,Grace Martinez,Mechanical,23,51,77,79
9283,Nina Miller,Civil,24,95,71,99
9284,Julia Smith,Data Science,24,66,67,98
9285,Kevin Garcia,Computer Science,19,57,90,97
9286,Tina Anderson,Civil,23,92,75,72
9287,Helen Anderson,Data Science,21,72,93,61
9288,Quentin Garcia,Data Science,23,80,90,72
9289,Grace Anderson,Data Science,21,91,61,86
9290,Bob Garcia,Mechanical,23,57,77,77
9291,Laura Garcia,Computer Science,23,77,86,90
9292,Charlie Anderson,Information Technology,23,97,97,87
9293,Michael Brown,Computer Science,25,78,84,66
9294,Laura Anderson,Data Science,20,80,71,82
9295,Bob Garcia,Electronics,24,62,91,79
9296,Michael Taylor,Computer Science,22,81,93,80
9297,Rachel Anderson,Mechanical,20,92,67,75
9298,Frank Davis,Data Science,25,99,65,68
9299,Steve Davis,Mechanical,24,71,73,67
9300,Alice Miller,Civil,21,89,96,61
9301,Rachel Miller,Civil,22,83,93,79
9302,Laura Taylor,Computer Science,23,69,86,50
9303,Eva Miller,Data Science,22,96,99,93
9304,Tina Taylor,Information Technology,20,61,93,53
9305,Steve Johnson,Computer Science,21,68,96,98
9306,Bob Brown,Data Science,20,52,68,89
9307,Laura Davis,Data Science,24,73,74,74
9308,Rachel Johnson,Mechanical,20,82,100,58
9309,Helen Davis,Mechanical,21,79,72,56
9310,Charlie Williams,Mechanical,23,97,63,88
9311,Steve Davis,Civil,18,75,76,67
9312,Helen Taylor,Mechanical,18,97,71,71
9313,Laura Brown,Civil,20,65,100,78
9314,Steve Brown,Computer Science,25,69,61,70
9315,Steve Brown,Computer Science,19,81,66,96
9316,Frank Martinez,Mechanical,20,74,91,52
9317,Oscar Taylor,Electronics,21,80,69,77
9318,Steve Davis,Electronics,21,96,69,61
9319,Oscar Taylor,Civil,21,100,84,99
9320,Michael Garcia,Electronics,24,62,96,97
9321,Bob Davis,Information Technology,21,57,89,80
9322,Ivan Taylor,Data Science,18,61,89,64
9323,Kevin Miller,Electronics,23,84,99,98
9324,Frank Williams,Civil,19,78,79,88
9325,Nina Taylor,Electronics,18,91,99,50
9326,Kevin Williams,Civil,23,62,75,80
9327,Oscar Anderson,Information Technology,25,67,99,74
9328,Nina Williams,Data Science,25,54,83,95
9329,Charlie Brown,Computer Science,23,61,81,76
9330,Quentin Miller,Mechanical,22,86,89,75
9331,Ivan Taylor,Mechanical,22,59,100,68
9332,Michael Martinez,Computer Science,25,76,93,99
9333,David Taylor,Data Science,18,56,70,70
9334,Laura Williams,Civil,18,90,77,90
9335,Alice Martinez,Mechanical,20,83,89,82
9336,Laura Miller,Electronics,18,57,97,74
9337,Julia Miller,Electronics,23,99,61,93
9338,Eva Smith,Mechanical,18,95,97,59
9339,Rachel Garcia,Information Technology,18,59,62,89
9340,Alice Taylor,Data Science,21,98,76,82
9341,Helen Davis,Civil,24,54,81,98
9342,Kevin Johnson,Information Technology,21,94,88,61
9343,Steve Smith,Electronics,20,64,93,51
9344,Quentin Taylor,Electronics,23,83,68,93
9345,Grace Johnson,Data Science,23,74,85,62
9346,Eva Miller,Civil,21,62,80,96
9347,Julia Miller,Electronics,21,52,76,96
9348,Steve Miller,Civil,21,59,73,60
9349,Tina Martinez,Computer Science,20,87,87,73
9350,Michael Miller,Information Technology,24,60,95,74
9351,Kevin Taylor,Electronics,22,75,99,84
9352,Julia Anderson,Mechanical,23,99,67,70
9353,Kevin Brown,Electronics,19,70,76,100
9354,Grace Martinez,Data Science,20,71,66,98
9355,Kevin Williams,Electronics,23,90,99,80
9356,David Anderson,Computer Science,18,80,71,55
9357,Frank Smith,Mechanical,19,97,82,72
9358,Laura Williams,Civil,21,65,85,57
9359,Grace Taylor,Information Technology,18,50,87,82
9360,Charlie Anderson,Civil,23,57,74,100
9361,Eva Brown,Civil,25,94,82,93
9362,Kevin Williams,Mechanical,21,74,79,62
9363,Helen Garcia,Mechanical,18,86,87,59
9364,Julia Johnson,Computer Science,24,79,82,98
9365,Ivan Johnson,Data Science,18,71,95,59
9366,Frank Smith,Mechanical,24,90,82,82
9367,Michael Smith,Computer Science,19,91,96,74
9368,Bob Anderson,Civil,23,77,88,83
9369,David Martinez,Computer Science,18,90,98,74
9370,Charlie Miller,Civil,25,60,68,92
9371,Bob Miller,Civil,22,53,70,83
9372,Frank Miller,Information Technology,22,51,90,63
9373,Tina Johnson,Civil,20,94,65,78
9374,Kevin Johnson,Information Technology,19,73,72,68
9375,Tina Taylor,Information Technology,20,57,73,84
9376,Bob Davis,Electronics,19,100,96,51
9377,Charlie Martinez,Mechanical,22,87,88,51
9378,Frank Anderson,Civil,20,81,81,89
9379,Grace Garcia,Information Technology,21,88,85,65
9380,Grace Williams,Civil,18,78,79,62
9381,Helen Brown,Civil,24,62,65,82
9382,Tina Brown,Data Science,24,66,62,91
9383,Laura Brown,Computer Science,18,67,74,57
9384,Helen Johnson,Electronics,22,63,74,73
9385,Bob Martinez,Civil,24,64,86,54
9386,Grace Davis,Computer Science,18,80,84,97
9387,Helen Martinez,Data Science,21,50,98,85
9388,Oscar Miller,Civil,19,91,70,91
9389,Oscar Garcia,Information Technology,18,77,70,53
9390,Laura Johnson,Mechanical,23,59,64,91
9391,Tina Williams,Mechanical,20,91,89,50
9392,Nina Williams,Information Technology,23,82,71,94
9393,Steve Anderson,Electronics,22,88,67,88
9394,Grace Smith,Information Technology,22,50,99,80
9395,Alice Martinez,Electronics,22,57,74,89
9396,Helen Garcia,Electronics,20,67,61,96
9397,Tina Taylor,Mechanical,22,54,64,59
9398,Oscar Williams,Computer Science,23,59,71,71
9399,Julia Johnson,Electronics,19,84,69,54
9400,Julia Davis,Electronics,21,57,74,77
9401,Laura Smith,Electronics,25,70,90,69
9402,Steve Davis,Electronics,25,88,74,96
9403,Ivan Miller,Civil,20,87,91,81
9404,David Johnson,Mechanical,18,70,65,83
9405,David Davis,Data Science,21,59,98,79
9406,Nina Anderson,Electronics,21,72,98,97
9407,Paula Martinez,Electronics,24,64,78,97
9408,Eva Garcia,Information Technology,20,61,64,92
9409,Bob Martinez,Information Technology,19,59,73,69
9410,Bob Williams,Information Technology,24,71,68,67
9411,Julia Williams,Civil,19,78,62,53
9412,Alice Garcia,Computer Science,25,62,60,86
9413,Michael Garcia,Data Science,21,74,80,65
9414,David Brown,Data Science,18,72,93,97
9415,Oscar Taylor,Information Technology,20,92,66,56
9416,Eva Miller,Mechanical,21,97,100,61
9417,Laura Miller,Computer Science,19,66,79,66
9418,Ivan Brown,Data Science,23,53,64,76
9419,David Davis,Electronics,18,75,97,72
9420,Steve Johnson,Electronics,22,69,65,94
9421,Alice Davis,Information Technology,23,91,62,62
9422,Quentin Smith,Mechanical,23,60,87,66
9423,Helen Garcia,Civil,24,83,90,84
9424,Alice Martinez,Electronics,23,69,65,67
9425,Tina Miller,Information Technology,21,89,89,87
9426,Oscar Martinez,Civil,18,64,74,84
9427,Rachel Smith,Electronics,20,89,74,82
9428,Alice Williams,Mechanical,25,97,67,73
9429,Oscar Johnson,Electronics,24,74,75,54
9430,Michael Miller,Mechanical,21,86,88,91
9431,Rachel Brown,Computer Science,24,63,83,53
9432,Alice Johnson,Computer Science,25,68,77,87
9433,Grace Johnson,Electronics,24,84,71,72
9434,Quentin Martinez,Civil,20,85,62,78
9435,Bob Johnson,Data Science,24,93,90,94
9436,Frank Garcia,Electronics,24,65,77,95
9437,Nina Johnson,Computer Science,20,83,67,65
9438,Michael Brown,Information Technology,22,52,86,57
9439,Charlie Taylor,Electronics,22,53,99,99
9440,Steve Taylor,Information Technology,21,98,77,69
9441,Steve Martinez,Data Science,19,78,95,76
9442,Kevin Davis,Data Science,22,67,83,90
9443,Charlie Smith,Information Technology,19,87,76,96
9444,Nina Taylor,Information Technology,19,66,74,75
9445,Alice Anderson,Data Science,19,62,77,84
9446,Quentin Anderson,Computer Science,18,99,60,64
9447,Oscar Brown,Data Science,19,75,90,89
9448,Quentin Anderson,Data Science,25,54,99,78
9449,Grace Garcia,Mechanical,21,92,90,62
9450,Steve Johnson,Information Technology,24,68,63,90
9451,David Brown,Electronics,21,50,88,71
9452,Alice Anderson,Information Technology,23,94,99,50
9453,Julia Brown,Civil,20,89,84,79
9454,Bob Davis,Computer Science,21,57,78,75
9455,Steve Davis,Data Science,21,70,78,62
9456,David Smith,Mechanical,22,99,84,62
9457,Ivan Smith,Electronics,23,84,87,65
9458,Ivan Miller,Civil,23,54,63,62
9459,Bob Taylor,Civil,23,88,98,83
9460,David Anderson,Mechanical,23,66,87,73
9461,Nina Smith,Data Science,23,60,71,98
9462,Bob Davis,Civil,24,97,72,86
9463,Quentin Taylor,Data Science,22,70,99,76
9464,Eva Brown,Information Technology,24,92,78,52
9465,Ivan Garcia,Mechanical,20,83,98,100
9466,Helen Williams,Civil,19,75,95,90
9467,Paula Smith,Civil,22,84,64,68
9468,Kevin Miller,Civil,22,72,99,68
9469,Laura Taylor,Mechanical,25,58,61,60
9470,Frank Anderson,Computer Science,23,58,63,95
9471,Eva Garcia,Mechanical,21,55,81,97
9472,David Williams,Data Science,20,100,60,96
9473,Grace Brown,Electronics,21,83,76,71
9474,Quentin Garcia,Civil,24,51,93,83
9475,Michael Williams,Civil,18,76,77,66
9476,Charlie Garcia,Civil,21,97,88,90
9477,Helen Brown,Mechanical,18,67,79,89
9478,Kevin Martinez,Civil,20,72,74,96
9479,Frank Johnson,Computer Science,21,63,76,79
9480,Eva Brown,Data Science,19,99,76,85
9481,David Garcia,Data Science,23,50,92,69
9482,Eva Brown,Computer Science,18,98,75,98
9483,Paula Smith,Data Science,18,100,67,71
9484,David Miller,Civil,22,85,66,57
9485,Tina Smith,Information Technology,25,74,81,64
9486,Bob Davis,Mechanical,19,94,87,82
9487,Helen Smith,Civil,21,80,68,56
9488,Eva Williams,Information Technology,21,86,85,91
9489,Tina Williams,Data Science,19,99,69,68
9490,Alice Brown,Data Science,18,55,83,95
9491,Alice Johnson,Electronics,24,61,68,76
9492,Frank Smith,Mechanical,24,97,90,98
9493,David Taylor,Civil,24,60,64,93
9494,Laura Williams,Civil,20,63,100,71
9495,Helen Williams,Mechanical,22,55,85,74
9496,Bob Taylor,Computer Science,23,90,92,69
9497,David Johnson,Information Technology,21,66,88,86
9498,Paula Johnson,Electronics,22,67,90,84
9499,Laura Martinez,Electronics,18,51,72,89
9500,Alice Taylor,Mechanical,20,100,97,81
9501,Kevin Brown,Civil,24,90,86,81
9502,Michael Williams,Computer Science,23,90,67,80
9503,Bob Williams,Mechanical,18,76,85,74
9504,Quentin Johnson,Civil,25,52,99,81
9505,Oscar Garcia,Data Science,21,95,92,91
9506,Rachel Martinez,Data Science,18,55,98,77
9507,Nina Garcia,Civil,19,52,66,74
9508,Frank Taylor,Computer Science,25,83,100,94
9509,Alice Williams,Civil,22,98,71,81
9510,Alice Davis,Information Technology,20,50,80,59
9511,Laura Anderson,Computer Science,18,83,94,71
9512,Paula Smith,Civil,21,52,77,63
9513,Oscar Davis,Data Science,18,61,100,99
9514,Charlie Taylor,Mechanical,21,53,96,97
9515,Michael Anderson,Computer Science,22,63,72,94
9516,Charlie Taylor,Mechanical,25,51,74,80
9517,David Brown,Electronics,22,86,61,76
9518,David Martinez,Information Technology,23,91,98,68
9519,Paula Davis,Computer Science,20,79,77,69
9520,Paula Williams,Civil,19,68,97,54
9521,Eva Davis,Computer Science,19,82,90,71
9522,Helen Taylor,Civil,24,92,100,99
9523,Ivan Smith,Information Technology,21,66,81,65
9524,Ivan Williams,Mechanical,21,63,60,90
9525,Oscar Williams,Mechanical,20,98,63,52
9526,Nina Johnson,Electronics,22,72,61,87
9527,Helen Johnson,Information Technology,18,80,70,66
9528,Eva Garcia,Civil,18,86,95,84
9529,Rachel Taylor,Civil,18,57,79,61
9530,Steve Martinez,Civil,24,83,82,84
9531,Helen Garcia,Civil,20,79,61,68
9532,Helen Garcia,Civil,18,51,63,65
9533,Ivan Brown,Data Science,24,90,90,78
9534,David Williams,Mechanical,19,87,86,84
9535,Oscar Brown,Information Technology,20,89,70,97
9536,Alice Williams,Civil,23,56,99,83
9537,Kevin Garcia,Civil,21,68,89,53
9538,Kevin Martinez,Data Science,25,52,79,80
9539,Michael Garcia,Data Science,25,80,90,51
9540,Alice Williams,Electronics,22,76,89,88
9541,David Brown,Data Science,23,80,98,95
9542,Laura Johnson,Electronics,24,67,93,97
9543,Helen Smith,Information Technology,20,62,74,98
9544,Kevin Brown,Information Technology,24,67,84,63
9545,Laura Taylor,Data Science,22,66,84,100
9546,Tina Brown,Electronics,25,89,93,85
9547,Rachel Brown,Electronics,24,85,75,52
9548,Quentin Miller,Data Science,24,72,60,68
9549,Julia Williams,Electronics,24,100,98,65
9550,Bob Garcia,Information Technology,18,58,80,53
9551,David Smith,Data Science,18,58,63,94
9552,Grace Garcia,Information Technology,22,91,94,52
9553,Tina Miller,Computer Science,23,55,69,59
9554,Kevin Davis,Electronics,25,97,85,74
9555,Kevin Anderson,Civil,21,86,68,71
9556,Eva Brown,Information Technology,20,89,84,53
9557,Steve Davis,Computer Science,18,94,71,68
9558,Kevin Martinez,Data Science,20,74,65,57
9559,Oscar Brown,Mechanical,23,60,72,81
9560,Steve Williams,Mechanical,23,91,77,54
9561,Michael Brown,Electronics,25,50,75,64
9562,Oscar Brown,Mechanical,22,79,89,66
9563,Ivan Johnson,Computer Science,23,78,90,71
9564,Helen Smith,Computer Science,20,66,65,99
9565,Grace Williams,Computer Science,24,65,78,95
9566,Steve Miller,Information Technology,24,74,77,64
9567,Steve Williams,Information Technology,23,51,76,61
9568,Alice Davis,Information Technology,19,95,62,73
9569,Kevin Taylor,Civil,19,89,99,62
9570,Grace Brown,Information Technology,20,78,98,74
9571,Grace Garcia,Civil,18,73,98,99
9572,Ivan Martinez,Information Technology,18,90,83,88
9573,Frank Davis,Information Technology,21,90,78,52
9574,Paula Williams,Mechanical,19,74,77,90
9575,Tina Garcia,Computer Science,21,70,72,99
9576,Ivan Williams,Data Science,25,69,75,53
9577,Michael Johnson,Information Technology,22,55,67,86
9578,Tina Miller,Mechanical,21,83,72,97
9579,Eva Williams,Mechanical,23,82,98,61
9580,Paula Garcia,Electronics,18,84,94,68
9581,Michael Taylor,Electronics,23,61,74,93
9582,Charlie Martinez,Information Technology,24,81,93,76
9583,Steve Davis,Data Science,25,92,60,78
9584,Kevin Davis,Mechanical,24,68,90,97
9585,Michael Anderson,Computer Science,22,56,97,69
9586,Nina Williams,Civil,21,52,77,75
9587,Rachel Johnson,Data Science,19,91,75,69
9588,Grace Davis,Information Technology,23,90,60,99
9589,Bob Taylor,Electronics,20,100,88,80
9590,Nina Taylor,Electronics,21,78,93,74
9591,Ivan Williams,Electronics,22,97,73,88
9592,Steve Williams,Mechanical,20,72,79,95
9593,Eva Smith,Data Science,22,70,97,84
9594,Helen Davis,Data Science,19,54,78,98
9595,Quentin Davis,Civil,19,67,60,60
9596,Laura Williams,Mechanical,18,77,68,64
9597,Bob Miller,Electronics,21,54,86,65
9598,Charlie Smith,Computer Science,20,60,74,90
9599,Rachel Brown,Electronics,20,70,96,68
9600,Eva Davis,Electronics,22,62,63,88
9601,Paula Taylor,Data Science,24,86,99,93
9602,Julia Davis,Electronics,23,78,85,68
9603,Ivan Johnson,Mechanical,23,68,72,60
9604,Helen Garcia,Computer Science,25,75,71,82
9605,Laura Miller,Electronics,18,100,92,70
9606,Charlie Smith,Civil,24,72,70,98
9607,Nina Davis,Electronics,20,67,97,54
9608,Paula Brown,Electronics,19,96,79,56
9609,Alice Johnson,Civil,23,83,82,100
9610,Nina Taylor,Computer Science,23,54,68,84
9611,Steve Williams,Information Technology,25,74,63,78
9612,Paula Williams,Computer Science,18,60,65,72
9613,Eva Martinez,Information Technology,19,86,90,73
9614,Grace Williams,Computer Science,23,54,64,50
9615,Alice Taylor,Computer Science,24,91,74,60
9616,Quentin Anderson,Computer Science,24,69,66,75
9617,Tina Johnson,Mechanical,20,56,66,84
9618,Bob Brown,Electronics,23,95,88,71
9619,Rachel Johnson,Electronics,24,96,65,78
9620,Charlie Williams,Electronics,25,88,84,78
9621,Steve Anderson,Mechanical,24,64,77,61
9622,Michael Martinez,Data Science,24,95,88,55
9623,Bob Brown,Civil,19,67,67,72
9624,Grace Davis,Computer Science,23,51,100,88
9625,Grace Brown,Information Technology,23,91,71,72
9626,Paula Anderson,Computer Science,24,55,98,81
9627,David Smith,Electronics,21,82,72,94
9628,Charlie Brown,Civil,23,82,73,50
9629,Bob Garcia,Computer Science,24,81,83,65
9630,Frank Davis,Computer Science,25,93,65,64
9631,Kevin Martinez,Computer Science,18,51,87,100
9632,Nina Johnson,Computer Science,20,92,90,57
9633,Michael Smith,Computer Science,22,71,65,52
9634,Julia Taylor,Electronics,19,59,77,79
9635,Rachel Anderson,Data Science,21,74,92,73
9636,Grace Johnson,Computer Science,21,73,93,64
9637,Michael Johnson,Computer Science,18,97,66,59
9638,Helen Miller,Mechanical,20,99,88,71
9639,Charlie Brown,Computer Science,25,75,84,60
9640,Julia Anderson,Civil,21,94,79,96
9641,Oscar Johnson,Information Technology,24,92,86,93
9642,Charlie Martinez,Civil,20,57,97,70
9643,Steve Garcia,Information Technology,25,92,63,86
9644,Alice Williams,Electronics,19,90,82,54
9645,Nina Davis,Computer Science,21,58,89,67
9646,Oscar Davis,Electronics,22,69,83,97
9647,Julia Davis,Mechanical,18,75,95,87
9648,Tina Davis,Mechanical,18,93,96,53
9649,Rachel Martinez,Information Technology,20,51,81,86
9650,Paula Miller,Information Technology,25,94,93,87
9651,Nina Anderson,Civil,25,88,60,96
9652,Charlie Taylor,Data Science,20,63,78,50
9653,Helen Johnson,Electronics,24,82,95,77
9654,Kevin Davis,Information Technology,23,68,77,87
9655,Laura Davis,Mechanical,24,96,76,98
9656,Frank Smith,Computer Science,25,92,71,73
9657,David Martinez,Computer Science,22,56,76,57
9658,Laura Garcia,Electronics,24,72,83,57
9659,David Martinez,Information Technology,23,68,86,74
9660,Ivan Williams,Computer Science,19,69,89,99
9661,Tina Williams,Data Science,21,62,87,93
9662,Oscar Johnson,Civil,20,93,96,68
9663,Grace Garcia,Information Technology,21,59,69,53
9664,Charlie Smith,Mechanical,25,52,65,64
9665,David Williams,Civil,21,57,90,59
9666,Quentin Anderson,Information Technology,25,84,61,79
9667,Kevin Johnson,Mechanical,19,54,91,51
9668,Alice Davis,Civil,22,61,65,75
9669,Laura Miller,Mechanical,24,53,90,71
9670,Laura Garcia,Data Science,23,83,62,82
9671,Julia Taylor,Information Technology,21,53,66,83
9672,Rachel Johnson,Mechanical,21,81,60,95
9673,Kevin Williams,Information Technology,25,66,77,74
9674,Quentin Brown,Mechanical,18,77,81,77
9675,Laura Brown,Civil,23,76,91,69
9676,Oscar Davis,Civil,23,52,85,100
9677,Kevin Martinez,Electronics,20,62,95,88
9678,Oscar Williams,Civil,22,52,83,90
9679,Frank Miller,Computer Science,21,56,73,80
9680,Bob Miller,Civil,21,63,60,99
9681,Eva Taylor,Civil,22,90,77,64
9682,Paula Taylor,Mechanical,24,84,96,84
9683,Julia Anderson,Electronics,24,61,82,61
9684,Quentin Davis,Civil,25,85,91,55
9685,Kevin Miller,Information Technology,24,98,69,83
9686,Paula Davis,Information Technology,19,69,95,81
9687,Kevin Brown,Data Science,21,61,62,96
9688,David Johnson,Civil,25,74,78,51
9689,Bob Davis,Civil,24,82,95,87
9690,Charlie Anderson,Computer Science,20,70,62,57
9691,Charlie Martinez,Electronics,20,87,89,99
9692,Rachel Martinez,Electronics,25,77,91,87
9693,Nina Martinez,Electronics,21,87,62,72
9694,Nina Johnson,Electronics,19,83,82,54
9695,Julia Taylor,Electronics,21,98,80,73
9696,Eva Johnson,Mechanical,21,87,68,62
9697,Grace Anderson,Mechanical,18,85,61,55
9698,Rachel Taylor,Computer Science,23,72,65,55
9699,Paula Anderson,Data Science,21,50,72,74
9700,Rachel Garcia,Mechanical,19,78,94,59
9701,Grace Davis,Electronics,18,71,74,61
9702,Quentin Miller,Civil,19,94,90,53
9703,Laura Martinez,Electronics,24,71,85,54
9704,Oscar Williams,Data Science,22,64,78,59
9705,Oscar Brown,Information Technology,18,78,73,51
9706,Charlie Brown,Data Science,19,84,92,89
9707,Julia Taylor,Civil,18,100,69,57
9708,Laura Garcia,Data Science,19,97,79,91
9709,Paula Davis,Computer Science,25,82,90,56
9710,Steve Williams,Computer Science,22,67,62,74
9711,David Brown,Data Science,21,95,90,50
9712,Kevin Williams,Computer Science,24,78,77,52
9713,Kevin Anderson,Civil,20,51,82,73
9714,Bob Smith,Computer Science,24,94,94,75
9715,Nina Smith,Civil,25,84,60,66
9716,Rachel Williams,Computer Science,25,84,73,76
9717,Nina Miller,Computer Science,22,96,72,87
9718,Alice Taylor,Computer Science,21,70,63,86
9719,Nina Anderson,Information Technology,23,55,87,51
9720,Laura Martinez,Data Science,21,61,91,92
9721,Steve Martinez,Data Science,23,50,95,60
9722,Michael Johnson,Information Technology,20,60,86,99
9723,David Smith,Information Technology,24,70,76,53
9724,Grace Davis,Mechanical,22,91,78,96
9725,David Martinez,Information Technology,22,97,99,85
9726,Grace Martinez,Civil,24,68,82,71
9727,Ivan Davis,Civil,19,100,72,91
9728,Laura Brown,Data Science,21,95,77,73
9729,Steve Miller,Civil,20,65,71,88
9730,Paula Taylor,Mechanical,25,78,68,60
9731,Alice Taylor,Information Technology,18,64,62,65
9732,Bob Miller,Electronics,19,96,96,90
9733,Nina Garcia,Computer Science,24,91,61,69
9734,Alice Martinez,Civil,21,63,79,51
9735,Quentin Garcia,Information Technology,22,92,82,72
9736,Nina Davis,Mechanical,19,91,61,88
9737,Michael Taylor,Computer Science,18,88,89,72
9738,Steve Miller,Electronics,19,77,88,93
9739,Oscar Garcia,Computer Science,25,68,95,61
9740,Helen Martinez,Electronics,24,62,88,70
9741,Grace Anderson,Information Technology,24,87,85,67
9742,Helen Johnson,Electronics,20,65,61,66
9743,Quentin Anderson,Mechanical,23,94,89,69
9744,Nina Martinez,Mechanical,23,53,77,94
9745,Laura Davis,Civil,20,52,69,77
9746,Kevin Martinez,Information Technology,19,57,67,78
9747,Laura Miller,Information Technology,19,73,95,64
9748,Kevin Martinez,Data Science,25,77,79,93
9749,Nina Johnson,Computer Science,21,66,85,64
9750,Helen Garcia,Information Technology,22,59,86,56
9751,Charlie Smith,Computer Science,25,82,78,56
9752,Julia Taylor,Information Technology,24,97,68,84
9753,Laura Miller,Computer Science,25,67,98,59
9754,Laura Anderson,Computer Science,22,80,81,73
9755,Rachel Smith,Data Science,25,75,69,95
9756,Nina Davis,Data Science,18,86,78,65
9757,Helen Johnson,Information Technology,19,65,96,74
9758,Frank Smith,Mechanical,18,98,78,66
9759,Helen Taylor,Data Science,23,63,97,61
9760,Kevin Smith,Electronics,23,77,97,50
9761,Helen Martinez,Civil,25,67,85,55
9762,Kevin Miller,Electronics,24,90,87,83
9763,Tina Anderson,Mechanical,20,96,84,92
9764,Alice Miller,Civil,20,96,77,84
9765,Rachel Miller,Electronics,23,100,99,89
9766,Kevin Smith,Information Technology,21,54,78,66
9767,Charlie Johnson,Computer Science,22,60,90,56
9768,Tina Davis,Electronics,25,54,98,63
9769,Michael Williams,Electronics,21,55,75,57
9770,Julia Johnson,Electronics,20,95,89,91
9771,Laura Martinez,Electronics,25,53,67,70
9772,Julia Smith,Data Science,24,97,65,65
9773,Eva Martinez,Electronics,21,81,92,78
9774,Oscar Garcia,Electronics,24,86,91,64
9775,Kevin Martinez,Mechanical,21,91,89,62
9776,Grace Anderson,Information Technology,23,99,96,76
9777,Paula Johnson,Computer Science,18,82,73,83
9778,Nina Garcia,Civil,21,97,83,64
9779,Nina Johnson,Civil,18,80,100,57
9780,Julia Williams,Information Technology,25,66,76,58
9781,Kevin Miller,Information Technology,25,72,92,50
9782,Bob Davis,Civil,24,98,99,98
9783,Quentin Smith,Electronics,23,83,78,60
9784,Nina Miller,Electronics,19,50,63,75
9785,Rachel Smith,Mechanical,24,83,85,81
9786,Rachel Miller,Computer Science,21,52,73,81
9787,Alice Martinez,Data Science,22,58,77,63
9788,Michael Brown,Data Science,22,96,99,66
9789,Paula Johnson,Mechanical,19,80,92,99
9790,Charlie Brown,Information Technology,24,57,73,94
9791,David Davis,Civil,25,87,84,50
9792,Michael Brown,Mechanical,20,100,85,78
9793,Rachel Martinez,Mechanical,24,89,96,75
9794,Helen Smith,Electronics,18,87,62,90
9795,Steve Smith,Computer Science,24,55,75,57
9796,Ivan Smith,Information Technology,23,54,70,66
9797,David Garcia,Mechanical,21,61,74,54
9798,Rachel Taylor,Electronics,25,77,73,64
9799,Quentin Taylor,Civil,23,50,91,95
9800,Paula Williams,Data Science,24,95,70,69
9801,Quentin Williams,Data Science,20,60,95,58
9802,Oscar Brown,Electronics,23,99,98,96
9803,Frank Taylor,Mechanical,22,70,97,80
9804,Julia Smith,Electronics,20,60,65,96
9805,Alice Davis,Computer Science,24,84,95,63
9806,Grace Davis,Computer Science,18,89,100,76
9807,Michael Martinez,Electronics,25,85,82,69
9808,Eva Davis,Mechanical,18,79,67,69
9809,Laura Brown,Computer Science,24,86,67,100
9810,Helen Taylor,Information Technology,20,56,100,55
9811,Alice Taylor,Mechanical,22,77,91,79
9812,Oscar Williams,Civil,19,93,90,71
9813,Quentin Brown,Computer Science,18,74,89,85
9814,Eva Williams,Civil,19,81,86,76
9815,Steve Davis,Civil,24,71,63,77
9816,Alice Miller,Electronics,19,92,92,73
9817,Kevin Miller,Information Technology,24,71,100,50
9818,Charlie Miller,Civil,18,83,69,90
9819,Helen Smith,Civil,25,90,71,66
9820,Kevin Miller,Civil,25,80,97,98
9821,Charlie Taylor,Mechanical,19,52,86,79
9822,Kevin Taylor,Information Technology,22,98,60,51
9823,Julia Martinez,Information Technology,21,75,65,90
9824,Tina Smith,Information Technology,20,56,81,66
9825,Helen Johnson,Mechanical,23,97,62,66
9826,Steve Davis,Information Technology,24,50,69,77
9827,Ivan Johnson,Mechanical,20,72,93,71
9828,Ivan Taylor,Information Technology,20,95,63,51
9829,Laura Anderson,Electronics,23,90,92,78
9830,Julia Taylor,Information Technology,23,90,60,61
9831,Oscar Martinez,Mechanical,24,60,71,82
9832,Ivan Davis,Computer Science,18,60,83,85
9833,Quentin Taylor,Electronics,24,75,93,84
9834,Alice Brown,Civil,19,73,87,71
9835,Alice Miller,Civil,22,93,80,82
9836,David Anderson,Information Technology,25,66,94,90
9837,Julia Brown,Electronics,22,50,68,61
9838,Bob Johnson,Civil,22,61,61,96
9839,Laura Johnson,Electronics,20,50,81,78
9840,Bob Martinez,Computer Science,20,80,96,62
9841,Laura Williams,Data Science,23,53,79,59
9842,Oscar Martinez,Information Technology,20,99,69,99
9843,Steve Davis,Mechanical,21,78,70,72
9844,Kevin Davis,Data Science,19,81,89,85
9845,Frank Anderson,Data Science,19,55,82,81
9846,Kevin Williams,Computer Science,22,63,79,97
9847,Julia Johnson,Information Technology,22,71,97,86
9848,Grace Taylor,Mechanical,24,67,100,88
9849,Paula Williams,Data Science,20,84,90,97
9850,Grace Miller,Mechanical,20,78,89,88
9851,Julia Taylor,Information Technology,19,62,77,78
9852,Grace Smith,Electronics,24,52,61,75
9853,Bob Martinez,Computer Science,21,89,86,52
9854,Grace Garcia,Information Technology,18,61,93,82
9855,Helen Taylor,Data Science,23,73,69,74
9856,Julia Garcia,Civil,19,67,94,55
9857,Rachel Williams,Information Technology,21,72,64,96
9858,Paula Miller,Computer Science,24,87,84,62
9859,Eva Martinez,Information Technology,24,51,75,54
9860,Oscar Martinez,Mechanical,22,83,67,88
9861,Helen Garcia,Data Science,19,50,99,63
9862,Ivan Davis,Data Science,21,81,80,58
9863,Steve Smith,Electronics,20,96,91,87
9864,Steve Garcia,Civil,18,84,72,58
9865,Julia Williams,Mechanical,18,52,93,68
9866,Michael Johnson,Mechanical,24,87,62,55
9867,Helen Williams,Civil,20,95,93,54
9868,Eva Taylor,Computer Science,20,51,61,89
9869,Nina Anderson,Mechanical,19,50,67,75
9870,Charlie Johnson,Mechanical,21,81,61,53
9871,Eva Garcia,Data Science,24,91,67,67
9872,Laura Smith,Data Science,19,91,84,86
9873,Charlie Anderson,Information Technology,22,79,60,95
9874,David Williams,Computer Science,25,63,83,75
9875,Tina Brown,Electronics,21,61,84,57
9876,Paula Johnson,Information Technology,18,68,94,68
9877,Michael Davis,Computer Science,18,66,95,57
9878,Ivan Davis,Computer Science,18,52,67,63
9879,Frank Anderson,Civil,25,78,83,80
9880,Alice Davis,Mechanical,18,53,73,94
9881,Bob Martinez,Information Technology,23,60,83,63
9882,Steve Garcia,Information Technology,23,53,67,93
9883,Kevin Martinez,Information Technology,22,62,79,56
9884,Bob Smith,Computer Science,20,72,82,81
9885,Grace Johnson,Computer Science,25,70,60,67
9886,Rachel Williams,Data Science,20,74,61,79
9887,Julia Brown,Data Science,22,81,68,74
9888,Charlie Davis,Computer Science,18,90,82,66
9889,Julia Williams,Mechanical,24,75,95,61
9890,Charlie Martinez,Data Science,20,50,86,59
9891,Nina Anderson,Mechanical,19,81,63,79
9892,Eva Martinez,Mechanical,25,87,91,87
9893,Grace Garcia,Civil,18,89,74,66
9894,Laura Smith,Mechanical,20,89,69,96
9895,Nina Williams,Electronics,18,81,76,83
9896,Ivan Williams,Information Technology,20,79,79,58
9897,Rachel Johnson,Electronics,19,64,64,91
9898,Nina Davis,Mechanical,20,53,90,94
9899,Frank Miller,Civil,21,50,71,60
9900,David Martinez,Information Technology,21,81,68,73
9901,Grace Anderson,Mechanical,21,83,75,98
9902,Frank Martinez,Computer Science,25,88,66,57
9903,Steve Martinez,Data Science,22,98,98,66
9904,Nina Davis,Electronics,19,83,76,70
9905,Alice Martinez,Mechanical,19,54,60,86
9906,Kevin Martinez,Information Technology,22,64,65,90
9907,Julia Johnson,Data Science,22,82,98,90
9908,Tina Taylor,Information Technology,23,88,65,51
9909,Grace Garcia,Civil,21,73,88,56
9910,Frank Miller,Data Science,18,62,75,75
9911,Paula Johnson,Civil,19,96,81,87
9912,David Williams,Electronics,23,70,85,87
9913,Alice Martinez,Computer Science,22,60,64,84
9914,Eva Martinez,Mechanical,19,84,61,58
9915,Nina Martinez,Civil,22,53,80,90
9916,Grace Smith,Mechanical,19,65,62,72
9917,Rachel Martinez,Mechanical,23,55,87,53
9918,Frank Brown,Electronics,21,57,94,77
9919,Paula Anderson,Information Technology,18,76,83,51
9920,Laura Smith,Mechanical,25,91,90,89
9921,Oscar Garcia,Computer Science,23,76,91,63
9922,Ivan Anderson,Civil,24,56,77,85
9923,Helen Davis,Information Technology,22,76,79,79
9924,Michael Anderson,Civil,25,54,77,72
9925,Bob Brown,Computer Science,19,65,86,77
9926,Frank Miller,Computer Science,19,88,74,100
9927,Michael Smith,Electronics,21,76,69,93
9928,Frank Martinez,Civil,18,71,83,95
9929,Nina Taylor,Civil,22,99,74,71
9930,Frank Martinez,Computer Science,21,96,75,90
9931,Laura Davis,Data Science,25,82,92,64
9932,Nina Davis,Mechanical,20,80,87,73
9933,Helen Brown,Data Science,24,57,70,77
9934,Laura Anderson,Computer Science,19,67,97,51
9935,Paula Martinez,Electronics,21,67,74,67
9936,Laura Taylor,Mechanical,23,97,99,50
9937,Helen Williams,Computer Science,18,92,83,58
9938,Julia Martinez,Computer Science,21,86,87,94
9939,Quentin Williams,Computer Science,18,85,100,58
9940,Alice Johnson,Information Technology,21,100,61,100
9941,Alice Martinez,Data Science,22,91,69,62
9942,Quentin Garcia,Information Technology,19,91,65,86
9943,David Johnson,Civil,21,100,96,50
9944,Julia Williams,Electronics,20,92,86,82
9945,Kevin Anderson,Civil,24,81,62,63
9946,Alice Miller,Civil,22,54,88,58
9947,Oscar Anderson,Data Science,18,65,77,67
9948,Nina Brown,Civil,22,66,64,84
9949,Nina Miller,Information Technology,25,82,71,56
9950,Quentin Taylor,Mechanical,18,86,85,96
9951,Michael Williams,Data Science,22,96,89,93
9952,Grace Miller,Computer Science,19,92,61,88
9953,Frank Smith,Data Science,19,50,69,88
9954,Tina Miller,Computer Science,22,74,94,94
9955,Kevin Miller,Mechanical,24,92,98,95
9956,Oscar Taylor,Computer Science,24,77,81,83
9957,Paula Miller,Information Technology,20,61,89,80
9958,Paula Taylor,Mechanical,23,77,64,79
9959,Helen Davis,Electronics,24,70,90,54
9960,Bob Smith,Civil,21,94,74,70
9961,Michael Smith,Data Science,21,66,97,92
9962,Frank Johnson,Data Science,22,63,61,64
9963,Ivan Anderson,Civil,21,51,80,65
9964,Alice Martinez,Civil,23,54,99,74
9965,Charlie Martinez,Data Science,20,100,69,75
9966,Kevin Williams,Information Technology,18,54,64,84
9967,Quentin Williams,Computer Science,23,77,92,63
9968,Charlie Martinez,Information Technology,18,83,100,72
9969,Charlie Davis,Civil,22,52,69,84
9970,Grace Davis,Mechanical,25,69,100,80
9971,Rachel Williams,Civil,20,94,81,50
9972,Alice Taylor,Electronics,20,59,63,98
9973,Rachel Martinez,Mechanical,22,93,83,67
9974,Michael Garcia,Computer Science,18,93,84,66
9975,Helen Williams,Civil,18,93,88,83
9976,Charlie Williams,Mechanical,25,54,71,69
9977,Frank Garcia,Data Science,23,58,61,74
9978,Laura Smith,Data Science,19,84,87,91
9979,Quentin Garcia,Civil,23,57,67,83
9980,Grace Brown,Mechanical,24,70,62,56
9981,Laura Johnson,Electronics,23,51,79,86
9982,Quentin Martinez,Electronics,19,95,98,62
9983,David Miller,Data Science,21,95,79,97
9984,Bob Anderson,Electronics,19,60,83,93
9985,Charlie Anderson,Information Technology,24,56,90,62
9986,Steve Martinez,Electronics,20,56,74,74
9987,Laura Taylor,Computer Science,25,51,90,53
9988,Julia Davis,Civil,18,83,94,63
9989,Frank Martinez,Civil,25,56,74,76
9990,Steve Anderson,Information Technology,21,97,62,68
9991,Oscar Johnson,Civil,18,56,79,95
9992,Kevin Smith,Mechanical,23,76,86,72
9993,Bob Williams,Data Science,18,83,62,89
9994,Kevin Martinez,Computer Science,20,61,81,87
9995,Steve Smith,Mechanical,22,70,69,62
9996,Oscar Johnson,Information Technology,22,56,85,97
9997,Julia Smith,Computer Science,24,91,83,84
9998,Michael Miller,Information Technology,25,53,68,93
9999,Frank Martinez,Civil,18,59,79,52
10000,Bob Brown,Mechanical,20,70,74,89
